Lnum	basehw	compound	resolution
3	aMSa	An-	anaMSa
3	aMSa	Eka-	ekAMSa
3	aMSa	Caturtha-	caturTAMSa
3	aMSa	Tṛtīya-	tftIyAMSa
3	aMSa	Tri-	tryaMSa
3	aMSa	Dvi-	dvyaMSa
4	aMSu	Gharma-	GarmAMSu
4	aMSu	Tigma-	tigmAMSu
4	aMSu	Tīkṣṇa-	tIkzRAMSu
4	aMSu	Daśana-	daSanAMSu
4	aMSu	Divya-	divyAMSu
4	aMSu	Dīpta-	dIptAMSu
4	aMSu	Prāleya-	prAleyAMSu
4	aMSu	Sahasra-	sahasrAMSu
4	aMSu	Sudhā-	suDAMSu
4	aMSu	Haṃsa-	haMsAMSu
4	aMSu	Hima-	himAMSu
5	aMSuka	Cīna-	cInAMSuka
5	aMSuka	Tanu-	tanvaMSuka
5	aMSuka	Patākā-	patAkAMSuka
5	aMSuka	Sita-	sitAMSuka
5	aMSuka	Stana-	stanAMSuka
22	akfta	Kṛta-	kftAkfta
26	akza	Kamala-patra-	kamalapatrAkza
26	akza	Kūṭa-	kUwAkza
26	akza	Jāla-	jAlAkza
26	akza	Tāmra-	tAmrAkza
26	akza	Tāraka-	tArakAkza
26	akza	Tryakṣa	tryakza
26	akza	Daśākṣa	daSAkza
26	akza	Padma-	padmAkza
26	akza	Puṇḍarīka-	puRqarIkAkza
26	akza	Puṣkara-	puzkarAkza
26	akza	Manda-	mandAkza
26	akza	Lohita-	lohitAkza
26	akza	Sahasra-	sahasrAkza
26	akza	Su-	svakza
27	akza	Eka-	ekAkza
28	akzan	Tryakṣan	tryakzan
30	akzara	An-	anakzara
30	akzara	Eka-	ekAkzara
30	akzara	Ghuṇa-	GuRAkzara
30	akzara	Catur-	caturakzara
30	akzara	Tryakṣara	tryakzara
30	akzara	Ṣaḍakṣara	zaqakzara
32	akzi	Agra-	agrAkzi
41	agAra	Agnyagāra	agnyagAra
42	aguru	Kāla-	kAlAguru
43	agni	An-	anagni
43	agni	Ākita-	AkitAgni
43	agni	An-āhita-	anAhitAgni
43	agni	Kaṭa-	kawAgni
43	agni	Kopa-	kopAgni
43	agni	Jñāna-	jYAnAgni
43	agni	Tṛṇa-	tfRAgni
43	agni	Dakṣiṇa-	dakziRAgni
43	agni	Dā̆va-	dĂvAgni
43	agni	Pañcāgni	paYcAgni
43	agni	Rājāgni	rAjAgni
43	agni	Viṣa-	vizAgni
43	agni	Śoka-	SokAgni
43	agni	Huta-	hutAgni
57	agra	An-eka-	anekAgra
57	agra	Kuśa-	kuSAgra
57	agra	Daṃṣṭrā-	daMzwrAgra
57	agra	Dakṣiṇā-	dakziRAgra
57	agra	Druma-	drumAgra
57	agra	Nakha-	naKAgra
57	agra	Naga-	nagAgra
57	agra	Nāsikā-	nAsikAgra
57	agra	Maṇḍala-	maRqalAgra
58	agraga	Senā-	senAgraga
60	agraja	Gada-	gadAgraja
62	agratas	Bhairava-	BEravAgratas
63	agrasara	Pra-	prAgrasara
70	agrya	Dvija-	dvijAgrya
72	aGa	An-	anaGa
76	aNka	Kṛta-	kftANka
76	aNka	Jambāla-	jambAlANka
76	aNka	Makara-	makarANka
76	aNka	Mṛga-	mfgANka
76	aNka	Valgā-	valgANka
76	aNka	Svanāmāṅka	svanAmANka
78	aNkura	Abhilāṣa-	aBilAzANkura
78	aNkura	Kula-	kulANkura
78	aNkura	Daṃṣṭrā-	daMzwrANkura
78	aNkura	Rada-	radANkura
78	aNkura	Viṣa-	vizANkura
78	aNkura	Vīja-	vIjANkura
78	aNkura	Smara-	smarANkura
80	aNkuSa	Ati-	atyaNkuSa
80	aNkuSa	An-	anaNkuSa
80	aNkuSa	Niraṅkuśa	niraNkuSa
84	aNga	An-	anaNga
84	aNga	An-a-vadya-	anavadyANga
84	aNga	Aṣṭāṅga	azwANga
84	aNga	Uttama-	uttamANga
84	aNga	Eka-	ekANga
84	aNga	Kāla-	kAlANga
84	aNga	Kuṣṭha-	kuzWANga
84	aNga	Kṛśa-	kfSANga
84	aNga	Khaṭvā-	KawvANga
84	aNga	Catur-	caturaNga
84	aNga	Citra-	citrANga
84	aNga	Tanu-	tanvaNga
84	aNga	Tanū-ja-	tanUjANga
84	aNga	Niraṅga	niraNga
84	aNga	Pañcāṅga	paYcANga
84	aNga	Mahā-	mahANga
84	aNga	Rakta-	raktANga
84	aNga	Ratha-	raTANga
84	aNga	Vakra-	vakrANga
84	aNga	Vara-	varANga
84	aNga	Vi-citra-	vicitrANga
84	aNga	Hīna-	hInANga
84	aNga	Hema-	hemANga
89	aNgaRa	Raṅga-	raNgANgaRa
89	aNgaRa	Harmya-	harmyANgaRa
92	aNgada	Citra-	citrANgada
93	aNgana	Raṇa-	raRANgana
94	aNganA	Kula-	kulANganA
94	aNganA	Vara-	varANganA
98	aNgAra	Kula-	kulANgAra
98	aNgAra	Mṛta-	mftANgAra
99	aNgAraka	Sa-	sANgAraka
100	aNgin	Catur-	caturaNgin
101	aNgiras	Tṛṇa-soma-	tfRasomANgiras
105	aNgula	Pañcāṅgula	paYcANgula
107	aNguli	Latā-	latANguli
114	aNGri	Śīrṇa-	SIrRANGri
115	acala	Kula-	kulAcala
115	acala	Tuhina-	tuhinAcala
115	acala	Mahā-	mahAcala
116	acCa	Su-	svacCa
119	aja	Vana-	vanAja
126	ajina	Kṛṣṇa-	kfzRAjina
127	ajira	Raṇa-	raRAjira
138	aYj	A-vyakta	avyakta
139	aYjana	Nirañjana	niraYjana
139	aYjana	Rasa-	rasAYjana
140	aYjali	Ud-	udaYjali
140	aYjali	Karṇa-	karRAYjali
140	aYjali	Kṛta-	kftAYjali
140	aYjali	Jala-	jalAYjali
140	aYjali	Brahmāñjali	brahmAYjali
144	awana	Bhikṣā-	BikzAwana
150	awwahAsa	Sa-aṭṭahāsa + m	sAwwahAsam
153	awyA	Vṛthā-	vfTAwyA
159	aRu	Parama-	paramARu
163	aRqa	Brahmāṇḍa	brahmARqa
163	aRqa	Meṣa-	mezARqa
165	aRqaja	Kāla-	kAlARqaja
172	atikrama	Duratikrama	duratikrama
176	atiTi	Deśa-	deSAtiTi
200	atiSaya	Niratiśaya	niratiSaya
200	atiSaya	Sa-	sAtiSaya
214	atyaya	An-	anatyaya
214	atyaya	Kāla-	kAlAtyaya
214	atyaya	Jala-	jalAtyaya
214	atyaya	Tapa-	tapAtyaya
214	atyaya	Duratyaya	duratyaya
214	atyaya	Niratyaya	niratyaya
214	atyaya	Mahā-	mahAtyaya
214	atyaya	Su-mahā-	sumahAtyaya
227	adana	Phala-	PalAdana
234	adButa	Atyadbhuta	atyadButa
234	adButa	Mahā-	mahAdButa
239	adri	Asta-	astAdri
239	adri	Kuta-	kutAdri
239	adri	Tuṣāra-, tuhina-	tuzAra, tuhinAdri
249	aDara	Khaṇḍtta-	KaRqttADara
250	aDarozWa	Aṅguli-sam-vṛta-	aNgulisamvftADarozWa
250	aDarozWa	Vimba-phala-	vimbaPalADarozWa
254	aDika	Eka-	ekADika
254	aDika	Sarva-dāna-	sarvadAnADika
254	aDika	Prāṇa-	prARADika
254	aDika	Varṣa-śata-	varzaSatADika
254	aDika	Navatiṃ navādhikām	navatiM navADikAm
254	aDika	Vayodhika	vayoDika
254	aDika	Adhikādhika	aDikADika
255	aDikaraRa	Dharma-	DarmADikaraRa
255	aDikaraRa	Rāma-	rAmADikaraRa
255	aDikaraRa	Samāna-	samAnADikaraRa
256	aDikAra	Tāmbūla-	tAmbUlADikAra
256	aDikAra	Dharma-	DarmADikAra
256	aDikAra	Pṛtanā-	pftanADikAra
256	aDikAra	Samāna-	samAnADikAra
256	aDikAra	Hṛta-	hftADikAra
258	aDikArin	Dharma-	DarmADikArin
260	aDigama	Dus-	duraDigama
261	aDigamana	Dāra-	dArADigamana
269	aDipa	Amara-	amarADipa
269	aDipa	Sa-amara-	sAmarADipa
269	aDipa	Jana-	janADipa
269	aDipa	Jala-	jalADipa
269	aDipa	Tārā-	tArADipa
269	aDipa	Daṇḍa-	daRqADipa
269	aDipa	Daṇḍa-dhara-	daRqaDarADipa
269	aDipa	Deva-	devADipa
269	aDipa	Dvāra-	dvArADipa
269	aDipa	Dharā-	DarADipa
269	aDipa	Nagara-	nagarADipa
270	aDipati	Gaṇa-	gaRADipati
270	aDipati	Tri-	tryaDipati
270	aDipati	Daśādhipati	daSADipati
270	aDipati	Dhana-	DanADipati
270	aDipati	Nagara-	nagarADipati
284	aDizWAna	Tri-	tryaDizWAna
284	aDizWAna	Dharma-	DarmADizWAna
284	aDizWAna	Nis-	niraDizWAna
284	aDizWAna	Sa-	sADizWAna
284	aDizWAna	Su-	svaDizWAna
289	aDISa	Tri-	tryaDISa
289	aDISa	Dina-	dinADISa
292	aDyakza	An-	anaDyakza
292	aDyakza	Aśva-	aSvADyakza
292	aDyakza	Kośa-	koSADyakza
292	aDyakza	Gaja-	gajADyakza
292	aDyakza	Dvāra-	dvArADyakza
292	aDyakza	Sūda-	sUdADyakza
294	aDyayana	An-	anaDyayana
302	aDyAya	An-	anaDyAya
302	aDyAya	Sva-	svADyAya
302	aDyAya	Niḥsva-	niHsvADyAya
309	aDvan	Gata-	gatADvan
322	anantara	Sam-anantara + m	samanantaram
336	anala	Kāla-	kAlAnala
336	anala	Dāva-	dAvAnala
336	anala	Baḍavā-	baqavAnala
356	anIka	Agra-	agrAnIka
356	anIka	Yathā-anīka + m	yaTAnIkam
361	anukampA	Sa-anu-kampa	sAnukampa
366	anukArin	Hita-	hitAnukArin
373	anukrama	Devatā-	devatAnukrama
375	anukroSa	Nis-	niranukroSa
375	anukroSa	Sa-	sAnukroSa
378	anuga	Pada-	padAnuga
378	anuga	Śrotra-pada-	SrotrapadAnuga
378	anuga	Vaśa-	vaSAnuga
378	anuga	Sa-	sAnuga
378	anuga	Sa-bala-	sabalAnuga
388	anucara	Lakṣmaṇa-	lakzmaRAnucara
392	anujYA	Prāpta-	prAptAnujYA
393	anutApa	Paśca-	paScAnutApa
403	anunaya	Sa-	sAnunaya
405	anunAda	Sa-veṇu-vīṇā-paṇava-anunāda + m	saveRuvIRApaRavAnunAdam
412	anupAlana	Dus-	duranupAlana
425	anuBAva	Mahā-	mahAnuBAva
437	anuyAtra	Datta-	dattAnuyAtra
447	anurAga	Kṛta-	kftAnurAga
447	anurAga	Sa-	sAnurAga
451	anurUpa	Sva-	svAnurUpa
466	anuvartin	Citta-	cittAnuvartin
466	anuvartin	Vṛtta-	vfttAnuvartin
469	anuvAda	Vāda-	vAdAnuvAda
473	anuvftti	Sneha-	snehAnuvftti
496	anusArin	Kāla-	kAlAnusArin
500	anUcAna	An-	ananUcAna
518	anta	An-	ananta
518	anta	Apara-	aparAnta
518	anta	Udaka-	udakAnta
518	anta	Etad-	etadanta
518	anta	Kalpa-	kalpAnta
518	anta	Kṛta-	kftAnta
518	anta	Keśa-	keSAnta
518	anta	Gata-	gatAnta
518	anta	Gharma-	GarmAnta
518	anta	Jana	jana
518	anta	Tad-	tadanta
518	anta	Diś-	diSanta
518	anta	Diṣṭa-	dizwAnta
518	anta	Dṛṣṭa-	dfzwAnta
518	anta	Yajña-	yajYAnta
518	anta	Yuga-	yugAnta
518	anta	Svīkāra-	svIkArAnta
521	antaka	An-	anantaka
521	antaka	Kāla-	kAlAntaka
521	antaka	Jagadantaka	jagadantaka
521	antaka	Viṣa-	vizAntaka
527	antara	Divasa-	divasAntara
527	antara	Sa-	sAntara
527	antara	Stana-	stanAntara
532	antarAla	Sa-	sAntarAla
544	antika	Keśa-	keSAntika
544	antika	Grahaṇa-	grahaRAntika
544	antika	janāntikam	janAntikam
551	antra	Kṣudra-	kzudrAntra
551	antra	Sthūla-	sTUlAntra
556	anDa	divā-	divAnDa
563	anna	Kṛta-	kftAnna
563	anna	Deva-	devAnna
563	anna	Dadhi-	daDyanna
563	anna	Paryāya-	paryAyAnna
563	anna	Miṣṭa-	mizwAnna
563	anna	Rājānna	rAjAnna
568	anya	an-	ananya
570	anyatA	An-	ananyatA
583	anvaya	Dus-	duranvaya
583	anvaya	Nis-	niranvaya
583	anvaya	Sa-	sAnvaya
598	anvezin	Hita-	hitAnvezin
627	apatya	An-	anapatya
627	apatya	Vipanna-	vipannApatya
627	apatya	Sa-	sApatya
629	apatrapA	Nis-	nirapatrapA
630	apadeSa	Sa-apadeśa + m	sApadeSam
650	apara	Pūrva-	pUrvApara
657	aparADa	Nis-	niraparADa
657	aparADa	Sa-	sAparADa
675	apas	Su-	svapas
686	apaha	vīṣa-	vIzApaha
694	apANga	Śukla-	SuklApANga
698	apAya	Eka-	ekApAya
698	apAya	Nis-	nirapAya
698	apAya	Sa-	sApAya
702	apiDAna	Śilā-	SilApiDAna
705	apekzA	An-apekṣa	anapekza
705	apekzA	Nis-	nirapekzA
707	apekzin	An-	anapekzin
707	apekzin	Dīrgha-	dIrGApekzin
707	apekzin	Nis-	nirapekzin
713	apyaya	Loka-īśa-prabhava-	lokeSapraBavApyaya
718	apsaras	Pañcāpsaras	paYcApsaras
720	abja	Nila-	nilAbja
721	abda	Kṛcchra-	kfcCrAbda
721	abda	Tri-	tryabda
722	abDi	Kṣīra-	kzIrAbDi
727	aBikAma	Sa-	sABikAma
730	aBiKyA	Adhika-ud-recita-abhikhya	aDikodrecitABiKya
730	aBiKyA	Haṃsa-	haMsABiKyA
730	aBiKyA	Himāṃśu-	himAMSvaBiKyA
734	aBiGAta	Vapra-	vaprABiGAta
741	aBijYa	An-	anaBijYa
750	aBidroha	An-	anaBidroha
751	aBiDA	Śūravarmābhidha	SUravarmABiDa
752	aBiDAna	Suyyā-	suyyABiDAna
767	aBiprAya	Sa-	sABiprAya
770	aBiBava	Nis-	niraBiBava
788	aBimAna	Nis-	niraBimAna
788	aBimAna	Sa-	sABimAna
792	aBimuKa	Kānana-	kAnanABimuKa
792	aBimuKa	Dakṣiṇā-	dakziRABimuKa
805	aBirUpa	An-	anaBirUpa
808	aBilAza	Nis-	niraBilAza
808	aBilAza	Sa-	sABilAza
808	aBilAza	Sābhilāṣa + m	sABilAzam
813	aBivandana	Kṛta-pāda-	kftapAdABivandana
836	aBizvaNga	An-	anaBizvaNga
840	aBisaMDA	Satyābhisaṃdha	satyABisaMDa
841	aBisaMDAna	Satya-	satyABisaMDAna
849	aBisAra	Loha-	lohABisAra
853	aBihAra	Loka-	lokABihAra
854	aBIkzRam	An-	anaBIkzRam
858	aBImAna	Nis-	niraBImAna
865	aByanujYA	An-	anaByanujYA
865	aByanujYA	Kṛta-	kftAByanujYA
876	aByasana	An-	anaByasana
878	aByasUyA	Sa-	sAByasUyA
904	amara	Dharā-	DarAmara
904	amara	Sa-	sAmara
911	amAtya	Mahā-	mahAmAtya
911	amAtya	Sa-	sAmAtya
911	amAtya	Sa-janāmātya	sajanAmAtya
921	amfta	Gava-	gavAmfta
928	ambara	Nis-	nirambara
928	ambara	Mada-	madAmbara
932	ambu	Gharma-	GarmAmbu
932	ambu	Tila-	tilAmbu
932	ambu	Nis-	nirambu
937	ambuDi	Kṣāra-	kzArAmbuDi
937	ambuDi	Kṣīra-	kzIrAmbuDi
939	amburuha	Hema-	hemAmburuha
941	amBas	Ud-	udamBas
941	amBas	Gharma-	GarmAmBas
941	amBas	Lavaṇa-	lavaRAmBas
942	amBoja	Hema-	hemAmBoja
952	ayana	Uttarā-	uttarAyana
952	ayana	Dakṣiṇā-	dakziRAyana
952	ayana	Gīta-	gItAyana
952	ayana	Guṇa-	guRAyana
952	ayana	Vārttā-	vArttAyana
954	ayas	Kṛṣṇa-	kfzRAyas
970	araRya	Dharma-	DarmAraRya
970	araRya	Maha-	mahAraRya
980	ari	Dānava-	dAnavAri
1000	arka	Jala-	jalArka
1000	arka	Bāla-	bAlArka
1000	arka	Sa-	sArka
1000	arka	Su-	svarka
1001	argala	An-	anargala
1001	argala	Nis-	nirargala
1004	arGa	An-	anarGa
1004	arGa	Mahā-	mahArGa
1006	arGya	An-	anarGya
1011	arci	Sa-	sArci
1014	arcis	Aruṇa-	aruRArcis
1014	arcis	Ud-	udarcis
1014	arcis	Śānta-	SAntArcis
1014	arcis	Saptārcis	saptArcis
1020	arRava	Mahā-	mahArRava
1020	arRava	Lavaṇa-	lavaRArRava
1020	arRava	Sa-parvata-vana-	saparvatavanArRava
1023	arTa	Iti-artha + m	ityarTam
1023	arTa	Indriya-	indriyArTa
1023	arTa	Etad-artha + m	etadarTam
1023	arTa	Kim-	kimarTa
1023	arTa	Kim-artha + m	kimarTam
1023	arTa	Kṛta-	kftArTa
1023	arTa	Gṛha-	gfhArTa
1023	arTa	Tad-artha + m	tadarTam
1023	arTa	Nirartha	nirarTa
1023	arTa	Niścitārtha	niScitArTa
1023	arTa	Para-	parArTa
1023	arTa	Parama-	paramArTa
1023	arTa	Puruṣa-	puruzArTa
1023	arTa	Bhūta-	BUtArTa
1023	arTa	Mahā-	mahArTa
1023	arTa	Yajña-	yajYArTa
1023	arTa	Yathā-	yaTArTa
1023	arTa	A-yathā-	ayaTArTa
1023	arTa	Yad-artha + m	yadarTam
1023	arTa	Yāvadartha	yAvadarTa
1023	arTa	Sva-	svArTa
1032	arTavant	Mahā-	mahArTavant
1034	arTitva	An-	anarTitva
1035	arTin	Chāyā-	CAyArTin
1035	arTin	Dhana-	DanArTin
1035	arTin	Putra-	putrArTin
1035	arTin	Bala-	balArTin
1035	arTin	Bhāryā-	BAryArTin
1035	arTin	Yuddha-	yudDArTin
1035	arTin	Śaraṇa-	SaraRArTin
1035	arTin	Hita-	hitArTin
1039	arTya	Hema-	hemArTya
1042	arDa	Candra-	candrArDa
1047	arDika	Tad-	tadarDika
1050	arpaRa	Deva-	devArpaRa
1064	arha	An-	anarha
1064	arha	Pūjā-	pUjArha
1064	arha	Priya-	priyArha
1064	arha	Māna-	mAnArha
1064	arha	Rājārha	rAjArha
1064	arha	Satkāra-	satkArArha
1064	arha	Sukha-	suKArha
1069	alaka	Latā-	latAlaka
1081	alasa	Sa-	sAlasa
1095	alpa	An-	analpa
1095	alpa	Alpa-alpa	alpAlpa
1095	alpa	Su-	svalpa
1106	avakASa	Nis-	niravakASa
1106	avakASa	Sulabha-	sulaBAvakASa
1112	avagama	Dus-	duravagama
1112	avagama	Svatva-	svatvAvagama
1118	avagraha	Dus-	duravagraha
1118	avagraha	Nis-	niravagraha
1127	avajYA	Sa-avajña	sAvajYa
1127	avajYA	sāvajñam	sAvajYam
1131	avataMsa	Puṇḍarīka-	puRqarIkAvataMsa
1132	avataMsaka	koṣṭha-āgāra-	kozWAgArAvataMsaka
1140	avadAna	Virya-	viryAvadAna
1142	avadya	An-	anavadya
1142	avadya	Nis-	niravadya
1143	avaDAna	Sa-	sAvaDAna
1145	avaDi	Pratyāgamāvadhi	pratyAgamAvaDi
1145	avaDi	Sa-	sAvaDi
1161	avaboDa	Dus-	duravaboDa
1163	avaBAsa	An-	anavaBAsa
1168	avama	An-	anavama
1178	avara	Avara-avara	avarAvara
1183	avaroha	Dus-	duravaroha
1186	avalamba	Jāla-	jAlAvalamba
1186	avalamba	Nis-	niravalamba
1186	avalamba	Sa-	sAvalamba
1186	avalamba	Sevā-	sevAvalamba
1186	avalamba	Hasta-	hastAvalamba
1187	avalambana	An-	anavalambana
1187	avalambana	Kara-	karAvalambana
1188	avalambin	Rajju-	rajjvavalambin
1193	avalepa	An-	anavalepa
1193	avalepa	Sa-	sAvalepa
1199	avaSeza	Ardha-	arDAvaSeza
1199	avaSeza	Alpa-	alpAvaSeza
1199	avaSeza	Nis-	niravaSeza
1199	avaSeza	Sa-	sAvaSeza
1202	avazwamBa	Sa-	sAvazwamBa
1207	avasara	An-	anavasara
1207	avasara	Sarvāvasara + m	sarvAvasaram
1208	avasAda	Nis-	niravasAda
1218	avasTA	Tad-	tadavasTA
1218	avasTA	Antya-	antyAvasTA
1218	avasTA	Kṛta-	kftAvasTA
1219	avasTAna	An-	anavasTAna
1221	avasTiti	An-	anavasTiti
1224	avahela	Sa-	sAvahela
1231	avekzaRa	An-	anavekzaRa
1232	avekzA	An-	anavekzA
1232	avekzA	Su-	svavekzA
1239	aSana	Ati-	atyaSana
1239	aSana	Adhi-	aDyaSana
1239	aSana	An-	anaSana
1239	aSana	Nis-	niraSana
1239	aSana	Mūla-phala-	mUlaPalASana
1239	aSana	Piśita-	piSitASana
1239	aSana	Sa-	sASana
1239	aSana	Havis-	haviraSana
1239	aSana	Huta-	hutASana
1244	aSIti	Eka-	ekASIti
1244	aSIti	Pañcāśiti	paYcASiti
1249	aSoka	Nīla-	nIlASoka
1250	aSman	A-sita-	asitASman
1250	aSman	Mahā-	mahASman
1250	aSman	Sūrya-	sUryASman
1250	aSman	Harita-	haritASman
1255	aSra	Sa-	sASra
1257	aSru	Ud-	udaSru
1260	aSva	An-	anaSva
1260	aSva	Indriya-	indriyASva
1260	aSva	Gava-	gavASva
1260	aSva	Vija-	vijASva
1260	aSva	Vṛhadaśva	vfhadaSva
1260	aSva	Sa-	sASva
1260	aSva	Saptāśva	saptASva
1260	aSva	Hata-	hatASva
1273	azwaka	Tri-	tryazwaka
1273	azwaka	Aṣṭāṣṭaka	azwAzwaka
1276	azwan	Tri-	tryazwan
1286	as	mahā-satī	mahAsatI
1287	as	Citra-nyasta	citranyasta
1287	as	Su-nyasta	sunyasta
1290	asana	Iṣu-	izvasana
1290	asana	Śara-	SarAsana
1295	asu	Gata-	gatAsu
1295	asu	A-gata-	agatAsu
1296	asura	Deva-	devAsura
1298	asUya	An-asūyant	anasUyant
1299	asUyaka	An-	anasUyaka
1300	asUyA	An-asūya	anasUya
1300	asUyA	Sa-	sAsUyA
1302	asta	Sūrya-	sUryAsta
1306	astra	Iṣu-	izvastra
1306	astra	Kusuma-	kusumAstra
1306	astra	Kṛta-	kftAstra
1306	astra	Daṇḍa-	daRqAstra
1306	astra	Mahā-	mahAstra
1322	ahaMkAra	Nis-	nirahaMkAra
1323	ahaMkfta	An-	anahaMkfta
1323	ahaMkfta	Nis-	nirahaMkfta
1331	ahi	Andha-	anDAhi
1341	Akampa	An-	anAkampa
1342	Akara	Kusuma-	kusumAkara
1342	Akara	Padma-	padmAkara
1342	Akara	Ratna-	ratnAkara
1347	AkarzaRa	Khalīna-	KalInAkarzaRa
1351	AkANkzin	nirākāṅkṣin	nirAkANkzin
1352	AkAra	Guñjā-phala-sama-ākāra	guYjAPalasamAkAra
1352	AkAra	Dvidhā-	dviDAkAra
1352	AkAra	Nis-	nirAkAra
1352	AkAra	Vṛthā-	vfTAkAra
1356	AkASa	Nis-	nirAkASa
1360	Akula	An-	anAkula
1360	Akula	Pari-	paryAkula
1360	Akula	Sam-	samAkula
1364	AkUta	Sa-	sAkUta
1366	Akfti	Nis-	nirAkfti
1366	Akfti	Vāmana-	vAmanAkfti
1369	Akranda	An-	anAkranda
1369	Akranda	Durākrandam	durAkrandam
1372	Akrama	Dus-	durAkrama
1375	AkrIqa	Deva-	devAkrIqa
1376	AkroSa	Durākrośam	durAkroSam
1378	Akzepa	Śara-	SarAkzepa
1378	Akzepa	Sa-ākṣepa + m	sAkzepam
1380	AKu	Vana-	vanAKu
1383	AKyA	Udaya-ākhya	udayAKya
1383	AKyA	Kim-	kimAKyA
1383	AKyA	Daśābda-	daSAbdAKyA
1390	Agati	Gata-	gatAgati
1394	Agama	An-	anAgama
1394	Agama	Artha-	arTAgama
1394	Agama	Jalada-	jaladAgama
1394	Agama	Dina-	dinAgama
1394	Agama	Dus-	durAgama
1394	Agama	Dhana-	DanAgama
1394	Agama	Dharma-	DarmAgama
1394	Agama	Puṣpa-	puzpAgama
1394	Agama	Hima-	himAgama
1395	Agamana	An-	anAgamana
1399	Agas	An-	anAgas
1399	Agas	Kṛta-	kftAgas
1399	Agas	A-kṛta-	akftAgas
1399	Agas	Nis-	nirAgas
1402	AgAra	Agni-	agnyAgAra
1402	AgAra	Antar-	antarAgAra
1402	AgAra	Āyudha-	AyuDAgAra
1402	AgAra	Kūṭa-	kUwAgAra
1402	AgAra	Kośa-	koSAgAra
1402	AgAra	Koṣṭha-	kozWAgAra
1402	AgAra	Kautuka-	kOtukAgAra
1402	AgAra	Garbha-	garBAgAra
1402	AgAra	Deva-	devAgAra
1402	AgAra	Prekṣā-	prekzAgAra
1402	AgAra	Bandhara-	banDarAgAra
1402	AgAra	Bhāṇḍa-	BARqAgAra
1402	AgAra	Muktā-	muktAgAra
1407	Agraha	Dus-	durAgraha
1410	AGAta	Taṭa-	tawAGAta
1410	AGAta	Pakṣa-	pakzAGAta
1410	AGAta	Śara-	SarAGAta
1420	AcAra	Dakṣiṇa-	dakziRAcAra
1420	AcAra	Duḥkha-	duHKAcAra
1420	AcAra	Dus-	durAcAra
1420	AcAra	Kāma-	kAmAcAra
1420	AcAra	Sadācāra	sadAcAra
1422	AcAravant	Sadācāra + vant	sadAcAravant
1423	AcArya	Kula-	kulAcArya
1423	AcArya	Nāṭya-	nAwyAcArya
1436	AjIva	Raṅga-	raNgAjIva
1436	AjIva	Strī-	stryAjIva
1438	AjIvya	Su-	svAjIvya
1440	AjYA	An-	anAjYA
1443	Ajya	Vara-	varAjya
1449	Awopa	Sa-	sAwopa
1452	AQya	Ratna-	ratnAQya
1455	AtaNka	Naṣṭa-ātaṅka + m	nazwAtaNkam
1455	AtaNka	Nis-	nirAtaNka
1457	Atapa	An-	anAtapa
1457	Atapa	Bāla-	bAlAtapa
1457	Atapa	Sūrya-	sUryAtapa
1458	Atapatra	Ucchilīndhra-	ucCilInDrAtapatra
1463	Atura	An-	anAtura
1469	Atmaja	Dharma-	DarmAtmaja
1469	Atmaja	Nanda-	nandAtmaja
1469	Atmaja	Varuṇa-	varuRAtmaja
1470	AtmajYa	An-	anAtmajYa
1471	Atman	A-kṛta-	akftAtman
1471	Atman	Jita-	jitAtman
1471	Atman	A-jita-	ajitAtman
1471	Atman	Prāta-	prAtAtman
1471	Atman	Śānta-	SAntAtman
1471	Atman	Kāma-	kAmAtman
1471	Atman	Cala-	calAtman
1471	Atman	Dharma-	DarmAtman
1471	Atman	Pāpa-	pApAtman
1471	Atman	Mahā-	mahAtman
1471	Atman	Sūtra-	sUtrAtman
1471	Atman	Antar-	antarAtman
1471	Atman	Kevata-	kevatAtman
1471	Atman	Catur-	caturAtman
1471	Atman	Chāyā-	CAyAtman
1471	Atman	Jagat-	jagatAtman
1471	Atman	Jīva-	jIvAtman
1471	Atman	Datta-	dattAtman
1471	Atman	Dvādaśātman-	dvAdaSAtmanAtman
1471	Atman	Parama-	paramAtman
1471	Atman	Bhāvita-	BAvitAtman
1471	Atman	Bhūta-	BUtAtman
1471	Atman	Manda-	mandAtman
1471	Atman	Viśva-	viSvAtman
1478	Atmavant	An-	anAtmavant
1481	AtmIya	An-	anAtmIya
1488	Adara	Ati-	atyAdara
1488	Adara	An-	anAdara
1488	Adara	Sa-	sAdara
1490	AdAtf	An-	anAdAtf
1491	AdAna	Adhyayana-	aDyayanAdAna
1491	AdAna	Nis-	nirAdAna
1491	AdAna	Rasa-	rasAdAna
1491	AdAna	Su-	svAdAna
1496	Aditas	Rāma-darśana-āditas	rAmadarSanAditas
1497	Aditya	Ati-	atyAditya
1497	Aditya	Su-gandha-	suganDAditya
1501	Adimant	An-	anAdimant
1506	AdeSaka	Śiva-	SivAdeSaka
1510	Adya	Ādya-ādya	AdyAdya
1513	ADamana	Yoga-	yogADamana
1514	ADAna	Garbha-	garBADAna
1514	ADAna	Purīṣa-	purIzADAna
1516	ADAra	Jala-	jalADAra
1525	Anaka	Śata-	SatAnaka
1528	Anana	Catur-	caturAnana
1528	Anana	Daśānana	daSAnana
1528	Anana	Nāga-	nAgAnana
1528	Anana	Pañcānana	paYcAnana
1528	Anana	Mahā-	mahAnana
1528	Anana	Su-hasa-	suhasAnana
1531	Ananda	Nis-	nirAnanda
1531	Ananda	Parama-	paramAnanda
1560	Ap	An-āpta	anApta
1562	ApagA	Sura-	surApagA
1564	ApaRa	Antar-	antarApaRa
1566	Apatti	Artha-	arTApatti
1568	Apad	An-	anApad
1568	Apad	Nis-	nirApad
1573	ApIqa	Gala-	galApIqa
1573	ApIqa	Bhuja-	BujApIqa
1578	Apti	An-	anApti
1583	AbADa	An-	anAbADa
1583	AbADa	Dus-	durAbADa
1583	AbADa	Nis-	nirAbADa
1584	Abdika	Ṣaṣ-triṃśat-	zaztriMSatAbdika
1585	ABaraRa	Tapta-	taptABaraRa
1586	ABA	Vajra-	vajrABA
1589	ABAsa	Rasa-	rasABAsa
1589	ABAsa	Hetu-	hetvABAsa
1596	ABoga	Stana-	stanABoga
1597	AByantara	Gaṇa-	gaRAByantara
1599	AByudayika	An-	anAByudayika
1603	Amaya	An-	anAmaya
1603	Amaya	Nis-	nirAmaya
1603	Amaya	Sa-	sAmaya
1612	Amiza	Khaḍga-	KaqgAmiza
1612	Amiza	Nis-	nirAmiza
1618	Amoda	Sa-	sAmoda
1620	AmnAya	Dus-	durAmnAya
1622	Amra	Rājāmra	rAjAmra
1625	Ayatana	Deva-	devAyatana
1633	AyAsa	An-	anAyAsa
1637	AyuDa	Indra-	indrAyuDa
1637	AyuDa	Sa-indra-	sendrAyuDa
1637	AyuDa	Ud-	udAyuDa
1637	AyuDa	Kusuma-	kusumAyuDa
1637	AyuDa	Cakra-	cakrAyuDa
1637	AyuDa	Tridaśa-	tridaSAyuDa
1637	AyuDa	Nis-	nirAyuDa
1637	AyuDa	Sa-	sAyuDa
1637	AyuDa	Hala-	halAyuDa
1644	Ayuzya	An-	anAyuzya
1645	Ayus	Alpa-	alpAyus
1645	Ayus	Kṣīṇa-	kzIRAyus
1645	Ayus	Gata-	gatAyus
1645	Ayus	Dīrgha-	dIrGAyus
1645	Ayus	Pari-mita-	parimitAyus
1645	Ayus	Śata-	SatAyus
1657	AramBa	Citra-	citrAramBa
1657	AramBa	Citrārpita-	citrArpitAramBa
1657	AramBa	Nis-	nirAramBa
1667	ArAma	Antar-	antarArAma
1674	Arogya	An-	anArogya
1674	Arogya	Saha-	sahArogya
1678	AropaRa	Vṛkṣa-	vfkzAropaRa
1679	Aroha	Aśva-	aSvAroha
1679	Aroha	Gaja-	gajAroha
1679	Aroha	Dus-	durAroha
1679	Aroha	Vara-	varAroha
1679	Aroha	Sa-	sAroha
1679	Aroha	Syandana-	syandanAroha
1681	ArohaRa	Durga-	durgArohaRa
1681	ArohaRa	Pavitra-	pavitrArohaRa
1681	ArohaRa	Sukha-	suKArohaRa
1684	Arjava	An-	anArjava
1686	Artava	An-	anArtava
1687	Artta	Bhaya-	BayArtta
1689	Artti	Kṛtrima-	kftrimArtti
1690	Ardra	Sa-	sArdra
1693	Arya	An-	anArya
1695	AryatA	An-	anAryatA
1700	Alamba	An-	anAlamba
1700	Alamba	Dus-	durAlamba
1700	Alamba	Nis-	nirAlamba
1700	Alamba	Matta-	mattAlamba
1700	Alamba	Sa-	sAlamba
1701	Alambana	Nis-	nirAlambana
1703	AlamBa	Dus-	durAlamBa
1705	Alaya	Kṛta-	kftAlaya
1705	Alaya	Tridaśa-	tridaSAlaya
1705	Alaya	Deva-	devAlaya
1705	Alaya	Padma-	padmAlaya
1705	Alaya	Mānasa-	mAnasAlaya
1705	Alaya	Hima-	himAlaya
1710	AlApa	Kathā-	kaTAlApa
1713	Ali	Sūtra-ālī	sUtrAlI
1719	Aloka	Dus-	durAloka
1719	Aloka	Nis-	nirAloka
1719	Aloka	Sukha-	suKAloka
1719	Aloka	Sūrya-	sUryAloka
1728	AvaraRa	Gātra-	gAtrAvaraRa
1728	AvaraRa	Deha-	dehAvaraRa
1729	Avarta	Ārya-	AryAvarta
1729	Avarta	Dakṣiṇā-	dakziRAvarta
1729	Avarta	Nandi-	nandyAvarta
1729	Avarta	Brahmāvarta	brahmAvarta
1729	Avarta	Rājāvarta	rAjAvarta
1729	Avarta	Ṣoḍaśāvarta	zoqaSAvarta
1729	Avarta	Su-dus-	sudurAvarta
1729	Avarta	Sūrya-	sUryAvarta
1729	Avarta	Hṛd-	hfdAvarta
1735	AvasaTa	Deva-	devAvasaTa
1737	Avaha	Dus-	durAvaha
1737	Avaha	Mala-	malAvaha
1738	AvApa	Śara-	SarAvApa
1739	AvAsa	Bhoga-	BogAvAsa
1741	Avika	Pañcāvika	paYcAvika
1743	Avila	An-	anAvila
1743	Avila	Pari-	paryAvila
1749	Avega	Ati-	atyAvega
1756	ASaMsA	Sa-	sASaMsA
1756	ASaMsA	-śam	Sam
1758	ASaNkA	Gata-	gatASaNkA
1758	ASaNkA	Sa-	sASaNkA
1760	ASaya	Ama-	amASaya
1760	ASaya	Krūra-	krUrASaya
1760	ASaya	Garbha-	garBASaya
1760	ASaya	Toya-	toyASaya
1760	ASaya	Dus-	durASaya
1760	ASaya	Duṣṭa-	duzwASaya
1760	ASaya	Pakva-	pakvASaya
1760	ASaya	Mahā-	mahASaya
1760	ASaya	Mūtra-	mUtrASaya
1760	ASaya	Vi-rata-	viratASaya
1760	ASaya	Sukha-	suKASaya
1761	ASA	Dus-	durASA
1761	ASA	Dhana-	DanASA
1761	ASA	Nis-	nirASA
1761	ASA	Bhagna-	BagnASA
1761	ASA	Hata-	hatASA
1764	ASin	Nirāmisha-	nirAmishASin
1764	ASin	Pavana-	pavanASin
1764	ASin	Pūrva-	pUrvASin
1765	ASis	Jaya-	jayASis
1770	ASOca	Sūtyāśauca	sUtyASOca
1771	AScarya	Sa-	sAScarya
1771	AScarya	-yam	yam
1774	ASrama	Kāma-	kAmASrama
1774	ASrama	Gṛha-	gfhASrama
1774	ASrama	Jyeṣṭha-	jyezWASrama
1775	ASramin	Gṛha-	gfhASramin
1776	ASraya	Garta-	gartASraya
1776	ASraya	Nis-	nirASraya
1776	ASraya	Para-	parASraya
1776	ASraya	Vana-	vanASraya
1776	ASraya	Vāṇa-	vARASraya
1780	ASrava	An-	anASrava
1789	As	Dus-	durAs
1790	AsaNga	Uttara-	uttarAsaNga
1792	Asana	Ardha-	arDAsana
1792	Asana	Kamala-	kamalAsana
1792	Asana	Dharma-	DarmAsana
1792	Asana	Nṛpa-	nfpAsana
1792	Asana	Padma-	padmAsana
1792	Asana	Bhadra-	BadrAsana
1792	Asana	Vīra-	vIrAsana
1792	Asana	Śakra-	SakrAsana
1792	Asana	Saha-	sahAsana
1792	Asana	Siṃha-	siMhAsana
1793	Asava	Madhu-	maDvAsava
1793	Asava	Surā-	surAsava
1793	Asava	Smara-	smarAsava
1795	AsAra	Dhārā-	DArAsAra
1795	AsAra	Puṣpa-	puzpAsAra
1795	AsAra	Sa-	sAsAra
1799	AseDa	Sthāna-	sTAnAseDa
1800	AsevA	Dus-	durAsevA
1810	AsTA	An-	anAsTA
1810	AsTA	Jāta-	jAtAsTA
1817	Asya	Uraga-	uragAsya
1817	Asya	Daśāsya	daSAsya
1817	Asya	Dīrgha-	dIrGAsya
1817	Asya	Pañca(n)-	paYca(n)Asya
1817	Asya	Pāṇi-	pARyAsya
1817	Asya	Manda-	mandAsya
1817	Asya	Markaṭa-	markawAsya
1817	Asya	Sthūla-	sTUlAsya
1823	Ahara	Dus-	durAhara
1826	Ahava	Mahā-	mahAhava
1827	AhAra	An-	anAhAra
1827	AhAra	Ekāhāra	ekAhAra
1827	AhAra	Nis-	nirAhAra
1827	AhAra	Pakṣa-	pakzAhAra
1827	AhAra	Phala-	PalAhAra
1827	AhAra	Śāka-	SAkAhAra
1827	AhAra	Su-	svAhAra
1827	AhAra	Svecchā-	svecCAhAra
1832	Ahnika	Gava-	gavAhnika
1836	Ahvaya	Hima-	himAhvaya
1838	AhvA	Cakra-	cakrAhvA
1838	AhvA	Sūrya-	sUryAhvA
1840	i	abhyatīta	aByatIta
1840	i	vyatīta	vyatIta
1841	ikzu	Kāṣṭha-	kAzWekzu
1845	iNga	Nis-	niriNga
1847	icCA	An-	anicCA
1847	icCA	Mahā-iccha	mahecCa
1847	icCA	Yatheccham	yaTecCam
1847	icCA	Sva-	svecCA
1849	ijyA	Bhūta-ijya	BUtejya
1852	itara	Itara-itara	itaretara
1852	itara	Nara-	naretara
1852	itara	Paruṣa-	paruzetara
1852	itara	Sabhya-	saByetara
1852	itara	Savya-	savyetara
1852	itara	Sahaja-	sahajetara
1852	itara	Sita-	sitetara
1868	indu	A-bāla-	abAlendu
1868	indu	Vadana-	vadanendu
1872	indriya	Antar-	antarindriya
1872	indriya	Karmendriya	karmendriya
1872	indriya	Jita-	jitendriya
1872	indriya	Nis-	nirindriya
1872	indriya	Buddhi-	budDyindriya
1872	indriya	Sa-	sendriya
1874	inDana	Agni-	agnyinDana
1874	inDana	Ap-	apinDana
1877	iBa	Gandha-	ganDeBa
1877	iBa	Jala-gandha-	jalaganDeBa
1877	iBa	Digibha	digiBa
1889	izIkA	Śara-	SarezIkA
1890	izu	Kusuma-	kusumezu
1890	izu	Pañceṣu	paYcezu
1890	izu	Puṣpa-	puzpezu
1891	izuDi	Mahā-	mahezuDi
1896	izwi	Jāta-	jAtezwi
1899	izvAsa	Mahā-	mahezvAsa
1905	IkzaRa	A-sita-	asitekzaRa
1905	IkzaRa	Madirā-	madirekzaRa
1912	Iti	Nis-	nirIti
1918	IpsA	Yathā-	yaTepsA
1919	Ipsu	Dharma-	Darmepsu
1928	IrzyA	Sa-īrṣya + m	serzyam
1931	ISa	An-	anISa
1931	ISa	Amara-	amareSa
1931	ISa	Avani-	avanyISa
1931	ISa	Kṣiti-	kzityISa
1931	ISa	Gaurī-	gOryISa
1931	ISa	Caṇḍī-	caRqyISa
1931	ISa	Jagadīśa	jagadISa
1931	ISa	Jana-	janeSa
1931	ISa	Jala-	jaleSa
1931	ISa	Jīvita-	jIviteSa
1931	ISa	Tiryagīśa	tiryagISa
1931	ISa	Deva-	deveSa
1931	ISa	Nadi-	nadyISa
1931	ISa	Bhūta-	BUteSa
1931	ISa	Rohiṇī-	rohiRyISa
1931	ISa	Viṃśati-	viMSatyISa
1931	ISa	Vijaya-	vijayeSa
1931	ISa	Vitta-	vitteSa
1931	ISa	Svarga-loka-	svargalokeSa
1932	ISA	Ratha-	raTeSA
1933	ISAna	Gaṇa-īśāna	gaReSAna
1938	ISvara	An-	anISvara
1938	ISvara	Amara-	amareSvara
1938	ISvara	Alakā-	alakeSvara
1938	ISvara	Avanti-	avantyISvara
1938	ISvara	Ātmeśvara	AtmeSvara
1938	ISvara	Kavi-	kavyISvara
1938	ISvara	Kāvyadevī-	kAvyadevyISvara
1938	ISvara	Kṣiti-	kzityISvara
1938	ISvara	Gaṇa-	gaReSvara
1938	ISvara	Cakra-	cakreSvara
1938	ISvara	Caṇḍā-	caRqeSvara
1938	ISvara	Jagadiśvara	jagadiSvara
1938	ISvara	Jana-	janeSvara
1938	ISvara	Jala-	jaleSvara
1938	ISvara	Tuṅga-	tuNgeSvara
1938	ISvara	Tri-diva-	tridiveSvara
1938	ISvara	Tri-pura-	tripureSvara
1938	ISvara	Dina-	dineSvara
1938	ISvara	Deva-	deveSvara
1938	ISvara	Deha-	deheSvara
1938	ISvara	Dvija-	dvijeSvara
1938	ISvara	Dhana-	DaneSvara
1938	ISvara	Nandīśvara	nandISvara
1938	ISvara	Prāṇa-	prAReSvara
1938	ISvara	Niśā-prāṇa-	niSAprAReSvara
1938	ISvara	Bhūta-	BUteSvara
1938	ISvara	Mahā-	maheSvara
1938	ISvara	Yogu-	yogvISvara
1938	ISvara	Śūra-	SUreSvara
1938	ISvara	Sāmbā-	sAmbeSvara
1938	ISvara	Sura-	sureSvara
1944	IhA	An-īha	anIha
1944	IhA	Nis-īhā	nirIhA
1948	ukti	Dus-	durukti
1948	ukti	Vakrokti	vakrokti
1948	ukti	Hita-	hitokti
1956	ugra	Ati-	atyugra
1957	uc	A-tathā-	ataToc
1957	uc	An-	anuc
1957	uc	Yathā-	yaToc
1957	uc	A-yathā-ucita	ayaTocita
1959	ucca	An-	anucca
1962	uccaya	Śilā-	Siloccaya
1962	uccaya	Salila-	saliloccaya
1962	uccaya	Sthūla-	sTUloccaya
1978	ucCeda	Dus-	durucCeda
1984	ucCraya	Mahā-	mahocCraya
1984	ucCraya	Su-kṛta-	sukftocCraya
1985	ucCrAya	Śṛṅga-	SfNgocCrAya
1988	ucCvAsa	Nis-	nirucCvAsa
1997	uYCa	Śila-	SiloYCa
1998	uwaja	Saha-	sahowaja
2006	utka	Sa-	sotka
2007	utkawa	Ati-	atyutkawa
2007	utkawa	Mada-	madotkawa
2009	utkaRWa	Sa-	sotkaRWa
2009	utkaRWa	-ṭham	Wam
2010	utkampa	Gati-	gatyutkampa
2010	utkampa	Sa-	sotkampa
2012	utkara	Mūṣika-	mUzikotkara
2012	utkara	Prakīrṇa-kusuma-	prakIrRakusumotkara
2030	uttama	An-	anuttama
2030	uttama	Dvija-	dvijottama
2030	uttama	Puruṣa-	puruzottama
2030	uttama	Maṇḍala-	maRqalottama
2030	uttama	Mṛga-	mfgottama
2030	uttama	Raghu-	raGvuttama
2030	uttama	Ratha-	raTottama
2030	uttama	Śara-	Sarottama
2030	uttama	Sevaka-	sevakottama
2033	uttara	Adhara-	aDarottara
2033	uttara	uttarattara	uttarattara
2033	uttara	Asrottaram	asrottaram
2033	uttara	Klinna-pakṣa-	klinnapakzottara
2033	uttara	Guṇa-	guRottara
2033	uttara	Dakṣiṇa-	dakziRottara
2033	uttara	Dadhi-	daDyuttara
2033	uttara	Duḥkha-	duHKottara
2033	uttara	Dharma-	Darmottara
2033	uttara	Nis-	niruttara
2033	uttara	Prāguttareṇa	prAguttareRa
2033	uttara	Viṣṭara-	vizwarottara
2033	uttara	Saptottara	saptottara
2047	utTAna	An-	anutTAna
2047	utTAna	Su-	svutTAna
2054	utpatti	An-	anutpatti
2057	utpala	Nīla-	nIlotpala
2062	utpAta	Mahā-	mahotpAta
2067	utpIqa	Sa-	sotpIqa
2069	utprAsa	Sa-	sotprAsa
2077	utsarga	Vṛṣa-	vfzotsarga
2080	utsava	Baddha-	badDotsava
2083	utsAha	Kṛta-	kftotsAha
2083	utsAha	Dus-	durutsAha
2083	utsAha	Nis-	nirutsAha
2083	utsAha	Mahā-	mahotsAha
2083	utsAha	Yathā-utsāha + m	yaTotsAham
2083	utsAha	Sa-	sotsAha
2086	utsuka	Nis-	nirutsuka
2086	utsuka	Pari-	paryutsuka
2086	utsuka	Sa-	sotsuka
2087	utsukatA	An-	anutsukatA
2088	utseka	An-	anutseka
2089	utseDa	Navotsedha	navotseDa
2093	udaka	Kāma-	kAmodaka
2093	udaka	Kāla-	kAlodaka
2093	udaka	Kuśa-	kuSodaka
2093	udaka	Kṛta-	kftodaka
2093	udaka	Tila-	tilodaka
2093	udaka	Maṇḍa-	maRqodaka
2093	udaka	Samāna-	samAnodaka
2098	udaDi	Kṣāra-	kzArodaDi
2098	udaDi	Kṣīra-	kzIrodaDi
2098	udaDi	Mahā-	mahodaDi
2102	udaya	Karuṇā-	karuRodaya
2102	udaya	Candra-	candrodaya
2102	udaya	Dus-	durudaya
2102	udaya	Mahā-	mahodaya
2102	udaya	Yathā-udaya + m	yaTodayam
2102	udaya	Sa-	sodaya
2105	udara	Kṛśa-	kfSodara
2105	udara	Jala-	jalodara
2105	udara	Dagdha-	dagDodara
2105	udara	Nis-nata-	nirnatodara
2105	udara	Brahmāṇḍabhāṇḍa-	brahmARqaBARqodara
2105	udara	Mahā-	mahodara
2105	udara	Lamba-	lambodara
2105	udara	Sa-	sodara
2105	udara	Saha-	sahodara
2107	udarin	Udaka-	udakodarin
2108	udarka	Śubha-	SuBodarka
2108	udarka	Sa-	sodarka
2108	udarka	Sukha-	suKodarka
2108	udarka	A-sukha-	asuKodarka
2113	udAratA	Ati-	atyudAratA
2134	udGAta	An-	anudGAta
2138	uddeSa	Yathā-uddeśa + m	yaToddeSam
2138	uddeSa	Raṇa-	raRoddeSa
2138	uddeSa	Vana-	vanoddeSa
2143	udDartf	Caura-	cOrodDartf
2146	udDAra	Vaira-	vErodDAra
2146	udDAra	Śalya-	SalyodDAra
2146	udDAra	Śāpa-	SApodDAra
2152	udBava	Kṣata-	kzatodBava
2152	udBava	Jala-	jalodBava
2152	udBava	Tanu-	tanvudBava
2152	udBava	Padma-	padmodBava
2152	udBava	Saṃmūrchana-	saMmUrCanodBava
2152	udBava	Soma-	somodBava
2160	udBeda	Gaṅgā-	gaNgodBeda
2162	udyama	Kṛta-	kftodyama
2162	udyama	Daṇḍa-	daRqodyama
2162	udyama	Nis-	nirudyama
2162	udyama	Mahā-	mahodyama
2164	udyAna	Puṇya-	puRyodyAna
2166	udyoga	An-	anudyoga
2166	udyoga	Nis-	nirudyoga
2166	udyoga	Sa-	sodyoga
2168	udreka	Sattva-	sattvodreka
2171	udvaha	Dus-	durudvaha
2171	udvaha	Raghu-	raGvudvaha
2171	udvaha	Rata-	ratodvaha
2175	udvAha	Kṛta-	kftodvAha
2178	udvega	An-	anudvega
2178	udvega	Nis-	nirudvega
2178	udvega	Sa-	sodvega
2186	unnatimant	Naya-sāhasa-unnati + mant	nayasAhasonnatimant
2189	unnayana	Sīmanta-	sImantonnayana
2193	unmada	Mahā-	mahonmada
2199	unmAda	Kṛta-	kftonmAda
2199	unmAda	Sa-	sonmAda
2211	upakaraRa	Karmopakaraṇa	karmopakaraRa
2211	upakaraRa	Śastra-	SastropakaraRa
2214	upakAra	Sa-	sopakAra
2215	upakAraka	Sa-	sopakAraka
2216	upakArin	Para-	paropakArin
2221	upakrama	Nis-	nirupakrama
2229	upagama	Viśvāsa-	viSvAsopagama
2243	upacAra	Dus-	durupacAra
2243	upacAra	Sopa-cāram	sopacAram
2254	upajIvin	Ātmopajīvin	AtmopajIvin
2254	upajIvin	Gandha-	ganDopajIvin
2254	upajIvin	Tāmra-	tAmropajIvin
2255	upajozam	Yathā-	yaTopajozam
2263	upadeSa	Dharma-	DarmopadeSa
2263	upadeSa	Yathopadeśam	yaTopadeSam
2263	upadeSa	Hita-	hitopadeSa
2269	upadrava	Nis-	nirupadrava
2273	upaDAna	Gaṇḍa-upadhāna	gaRqopaDAna
2276	upaDi	Nis-	nirupaDi
2276	upaDi	Sa-	sopaDi
2288	upapatti	An-	anupapatti
2298	upaplava	Nis-	nirupaplava
2298	upaplava	Sa-	sopaplava
2298	upaplava	Salila-	salilopaplava
2306	upamA	An-upama	anupama
2306	upamA	Alabdhopama	alabDopama
2306	upamA	Nīs-	nIrupamA
2306	upamA	amṛta-	amftopamA
2311	upayAcana	Satya-	satyopayAcana
2319	uparAga	nirviṣayoparāga	nirvizayoparAga
2325	upala	Tapana-	tapanopala
2325	upala	Rasa-	rasopala
2327	upalabDi	An-	anupalabDi
2334	upavAsa	Sa-	sopavAsa
2336	upavAsin	Māsa-	mAsopavAsin
2339	upavItin	Yajña-	yajYopavItin
2361	upasarga	Sa-	sopasarga
2364	upasarpin	Dus-	durupasarpin
2369	upaskara	Su-	svupaskara
2369	upaskara	Susaṃskṛta-	susaMskftopaskara
2372	upasTa	Ratha-	raTopasTa
2373	upasTAna	An-	anupasTAna
2380	upahAsa	Sopahāsam	sopahAsam
2390	upADi	An-	anupADi
2392	upADyAya	Paṭṭa-	pawwopADyAya
2392	upADyAya	Mahā-	mahopADyAya
2392	upADyAya	Mahā-mahā-	mahAmahopADyAya
2400	upAlamBa	Sa-	sopAlamBa
2425	uraga	Kṛṣṇa-	kfzRoraga
2425	uraga	Mahā-	mahoraga
2425	uraga	Hṛta-	hftoraga
2428	uraSCada	Kāñcana-	kAYcanoraSCada
2441	ulUka	Kumbha-	kumBolUka
2445	ulkA	Tṛṇa-	tfRolkA
2445	ulkA	Makā-	makolkA
2451	ullAsa	Cidullāsa	cidullAsa
2457	ulvaRa	Ati-	atyulvaRa
2465	uzwra	Khara-	Karozwra
2467	uzRa	Ati-	atyuzRa
2467	uzRa	An-	anuzRa
2473	uzRIzin	Kañcukoṣṇīṣin	kaYcukozRIzin
2474	uzman	Dhana-	Danozman
2474	uzman	Nidhāna-	niDAnozman
2474	uzman	Nis-	niruzman
2490	Uru	An-	anUru
2498	UrRa	Karṇorṇa	karRorRa
2498	UrRa	Patrorṇa	patrorRa
2505	Urmi	Kṣīra-	kzIrormi
2506	Urmin	Mahā-	mahormin
2517	Uha	An-ūha	anUha
2517	Uha	Durūha	durUha
2518	f	Citra-	citrar
2524	fc	An-	anfc
2524	fc	Try-ṛc	tryfc
2531	fju	An-	anfju
2535	fRa	An-	anfRa
2540	fta	An-	anfta
2540	fta	Apānṛta	apAnfta
2540	fta	Satya-an	satyAn
2546	ftu	An-	anftu
2558	fzi	Devarṣi	devarzi
2558	fzi	Brahmarṣi	brahmarzi
2558	fzi	Rājarṣi	rAjarzi
2558	fzi	Saptarṣi	saptarzi
2598	ekAdaSa	Vṛṣabhaikadaśa	vfzaBEkadaSa
2634	enas	An-	anenas
2644	ezin	Dhana-	Danaizin
2644	ezin	Sarva-bhūta-hita-	sarvaBUtahitaizin
2654	EkAntika	An-	anEkAntika
2680	ESvarya	Dhana-	DanASvarya
2687	okas	Ambara-	ambaraukas
2687	okas	Araṇya-	araRyaukas
2687	okas	Kānana-	kAnanaukas
2687	okas	Jala-	jalaukas
2687	okas	Tri-diva-	tridivaukas
2687	okas	Mānasa-	mAnasaukas
2687	okas	Vana-	vanaukas
2687	okas	Vāri-	vAryokas
2687	okas	Vāsa-	vAsaukas
2687	okas	Vila-	vilaukas
2687	okas	Svarga-	svargaukas
2689	oGa	Śara-	SarauGa
2689	oGa	Sarva-	sarvauGa
2693	ojas	Amitaujas	amitOjas
2693	ojas	Mahaujas	mahOjas
2698	odana	Kṣīraudana	kzIrOdana
2698	odana	Guḍodana	guqodana
2698	odana	Tila-	tilaudana
2698	odana	Dadhi-	daDyodana
2698	odana	Māṃsa-bhūtodana	mAMsaBUtodana
2698	odana	Śāli-	SAlyodana
2702	ozaDi	Mahauṣadhi	mahOzaDi
2714	Otsukya	Manda-	mandAtsukya
2714	Otsukya	Sa-	sAtsukya
2749	OzaDa	Mahā-	mahAzaDa
2760	kakud	Tri-	trikakud
2761	kakuda	Tri-	trikakuda
2772	kakza	Hiraṇya-	hiraRyakakza
2772	kakza	Hema-	hemakakza
2775	kakzya	Suvarṇa-	suvarRakakzya
2775	kakzya	Saptakakṣya	saptakakzya
2786	kaca	Utkaca	utkaca
2789	kacCa	Mahā-	mahAkacCa
2795	kaYcuka	Utkañcuka	utkaYcuka
2795	kaYcuka	Mukta-	muktakaYcuka
2795	kaYcuka	Su-bhāṣita-rasa-āsvāda-jāta-romāñca-kañcuka	suBAzitarasAsvAdajAtaromAYcakaYcuka
2802	kawa	Baddha-	badDakawa
2802	kawa	Śruti-	Srutikawa
2802	kawa	Sa-	sakawa
2802	kawa	Sam-	samkawa
2802	kawa	Mahā-sam-	mahAsamkawa
2813	kawuka	Sa-	sakawuka
2824	kaRa	Tuṣāra-, tuhina-	tuzAra, tuhinakaRa
2832	kaRwaka	A-	akaRwaka
2832	kaRwaka	Amara-	amarakaRwaka
2832	kaRwaka	Niṣkaṇṭaka	nizkaRwaka
2832	kaRwaka	Bhūrja-	BUrjakaRwaka
2832	kaRwaka	Sa-	sakaRwaka
2860	kaTam	Yathā-katha + m	yaTAkaTam
2861	kaTA	Dharma-	DarmakaTA
2861	kaTA	Purā-	purAkaTA
2861	kaTA	Sam-	samkaTA
2889	kanda	Mahā-	mahAkanda
2889	kanda	Rakta-	raktakanda
2895	kandala	Rakta-	raktakandala
2900	kanDara	Utkandhara	utkanDara
2900	kanDara	Daśakandhara	daSakanDara
2904	kanyA	Kāśi-	kASikanyA
2904	kanyA	Jahnu-	jahnukanyA
2904	kanyA	Sama-	samakanyA
2929	kapola	Su-	sukapola
2936	kam	Candra-	candrakam
2936	kam	Ramā-	ramAkam
2936	kam	Ravi-	ravikam
2936	kam	Rādhā-	rADAkam
2936	kam	Sūrya-	sUryakam
2936	kam	kāmita	kAmita
2940	kamala	Kara-kamala	karakamala
2940	kamala	Vikasita-vadana-kamala	vikasitavadanakamala
2940	kamala	Vikasita-nayana-vadana-kamala	vikasitanayanavadanakamala
2940	kamala	Sa-	sakamala
2944	kampa	Niṣkampa	nizkampa
2944	kampa	Kṣiti-, bhū-	kziti, BUkampa
2945	kampana	Sa-	sakampana
2945	kampana	Sva-	svakampana
2945	kampana	Hṛdaya-	hfdayakampana
2947	kambala	Pāṇḍu-	pARqukambala
2950	kara	Agra-	agrakara
2950	kara	A-tuṣāra-kara	atuzArakara
2950	kara	Kula-kara	kulakara
2950	kara	Citra-	citrakara
2950	kara	Dina-, divasa-	dina, divasakara
2950	kara	Duṣkara	duzkara
2950	kara	Padma-	padmakara
2950	kara	Bhoga-	Bogakara
2950	kara	Śūlodyatakara	SUlodyatakara
2950	kara	Sa-	sakara
2950	kara	Su-	sukara
2950	kara	A-su-	asukara
2957	karawa	Pra-bhinna-	praBinnakarawa
2959	karaRa	A-	akaraRa
2959	karaRa	Anta-	antakaraRa
2959	karaRa	Antaḥkaraṇa	antaHkaraRa
2959	karaRa	A-hita-	ahitakaraRa
2959	karaRa	Trivṛt-	trivftkaraRa
2959	karaRa	Prahāra-	prahArakaraRa
2959	karaRa	Virūpa-	virUpakaraRa
2959	karaRa	Śeṣa-	SezakaraRa
2961	karaRqaka	Puṣpa-	puzpakaraRqaka
2961	karaRqaka	Bhramara-	BramarakaraRqaka
2961	karaRqaka	Rakṣā-	rakzAkaraRqaka
2980	karAla	A-	akarAla
2980	karAla	Daṃṣṭrā-	daMzwrAkarAla
2980	karAla	Vi-	vikarAla
2982	karin	Dikkarin	dikkarin
2982	karin	Vana-	vanakarin
2982	karin	Sura-	surakarin
2985	karuRa	A-karuṇa	akaruRa
2985	karuRa	Niṣkaruṇa	nizkaruRa
2985	karuRa	Sa-	sakaruRa
2989	karUza	Niṣkarūṣa	nizkarUza
3005	karRa	Aśva-	aSvakarRa
3005	karRa	Utkarṇa	utkarRa
3005	karRa	Kumbha-	kumBakarRa
3005	karRa	Go-	gokarRa
3005	karRa	Catuṣkarṇa	catuzkarRa
3005	karRa	Tri-	trikarRa
3005	karRa	Dadhi-	daDikarRa
3005	karRa	Lamba-	lambakarRa
3005	karRa	Vi-	vikarRa
3005	karRa	Śaṅku-	SaNkukarRa
3005	karRa	Ṣaṭkarṇa	zawkarRa
3005	karRa	Stabdha-	stabDakarRa
3005	karRa	Hastikarṇa	hastikarRa
3008	karRaDAra	A-	akarRaDAra
3014	karRikA	Padma-karṇika	padmakarRika
3025	kartf	Ādi-	Adikartf
3025	kartf	Dina-	dinakartf
3025	kartf	Miṣṭa-	mizwakartf
3025	kartf	Rājya-	rAjyakartf
3025	kartf	Śarīra-	SarIrakartf
3025	kartf	Su-varṇa-	suvarRakartf
3025	kartf	Hema-	hemakartf
3032	kardama	Kṣāra-	kzArakardama
3032	kardama	Yakṣa-	yakzakardama
3035	karpara	Ghaṭa-	Gawakarpara
3043	karmakara	Gṛha-	gfhakarmakara
3045	karmakft	Krūra-	krUrakarmakft
3045	karmakft	Sva-	svakarmakft
3049	karman	Adbhuta-	adButakarman
3049	karman	An-ārya-	anAryakarman
3049	karman	Antya-	antyakarman
3049	karman	Indra-	indrakarman
3049	karman	Kāla-	kAlakarman
3049	karman	Keśa-	keSakarman
3049	karman	Krūra-	krUrakarman
3049	karman	Gṛha-	gfhakarman
3049	karman	Grāmya-	grAmyakarman
3049	karman	Citra-	citrakarman
3049	karman	Cūḍā-	cUqAkarman
3049	karman	Caura-	cOrakarman
3049	karman	Jāta-	jAtakarman
3049	karman	Jāla-	jAlakarman
3049	karman	Toya-	toyakarman
3049	karman	Tri-	trikarman
3049	karman	Dāra-	dArakarman
3049	karman	Durga-	durgakarman
3049	karman	Duṣkarman	duzkarman
3049	karman	Duṣkṛta-	duzkftakarman
3049	karman	Nāma(n)-	nAma(n)karman
3049	karman	Nau-	nOkarman
3049	karman	Puṇya-	puRyakarman
3049	karman	Putra-	putrakarman
3049	karman	Mūla-	mUlakarman
3049	karman	Yathā-	yaTAkarman
3049	karman	Viśva-	viSvakarman
3049	karman	Ṣaṭk˚	zawk˚
3049	karman	Sa-	sakarman
3049	karman	Sajja-	sajjakarman
3049	karman	Su-	sukarman
3049	karman	Hīna-	hInakarman
3069	kal	Dhairya-	DEryakal
3069	kal	kalaya	kalaya
3070	kala	Mada-	madakala
3072	kalaNka	Hariṇa-	hariRakalaNka
3074	kalatra	Sa-	sakalatra
3083	kalaha	Vākkalaha	vAkkalaha
3083	kalaha	Śuṣka-	Suzkakalaha
3083	kalaha	Sa-	sakalaha
3086	kalA	Niṣkala	nizkala
3086	kalA	Sa-kala	sakala
3102	kalevara	Duṣka˚	duzka˚
3103	kalka	Tila-	tilakalka
3109	kalpana	A-satkalpanā	asatkalpanA
3111	kalmaza	A-	akalmaza
3111	kalmaza	Niṣkalmaṣa	nizkalmaza
3111	kalmaza	Vi-	vikalmaza
3111	kalmaza	Vi-gata-	vigatakalmaza
3111	kalmaza	Vīta-	vItakalmaza
3114	kalya	Ati-kalyam	atikalyam
3127	kavaca	Nārī-	nArIkavaca
3127	kavaca	Nivāta-	nivAtakavaca
3127	kavaca	Sa-	sakavaca
3135	kavi	Su-	sukavi
3136	kavitA	Su-	sukavitA
3142	kaSipu	Hiraṇya-	hiraRyakaSipu
3148	kaSyapa	Bhū-	BUkaSyapa
3153	kazAya	a-niṣkaṣāya	anizkazAya
3155	kazwa	Adhi-	aDikazwa
3159	kasmAt	A-	akasmAt
3164	kAka	Bhū-	BUkAka
3188	kAYcI	Sva-kara-avalambana-vi-mukta-galat-kala-kāñci	svakarAvalambanavimuktagalatkalakAYci
3193	kARqa	A-	akARqa
3193	kARqa	Jaṅghā-	jaNGAkARqa
3193	kARqa	Danta-	dantakARqa
3194	kAtara	A-	akAtara
3194	kAtara	Sa-	sakAtara
3202	kAnana	Krīḍā-	krIqAkAnana
3202	kAnana	Maṇi-	maRikAnana
3209	kAnti	Sūrya-	sUryakAnti
3225	kAma	A-	akAma
3225	kAma	Artha-	arTakAma
3225	kAma	Niṣkāma	nizkAma
3225	kAma	Puṃs-	puMskAma
3225	kAma	Priya-	priyakAma
3225	kAma	Bandhu-	banDukAma
3225	kAma	Yathā-kāma + m	yaTAkAmam
3225	kAma	Vīta-	vItakAma
3225	kAma	Sa-	sakAma
3225	kAma	Svapna-	svapnakAma
3225	kAma	Hita-	hitakAma
3229	kAmagama	Sarva-	sarvakAmagama
3236	kAmatas	A-	akAmatas
3255	kAmin	A-	akAmin
3255	kAmin	Kāma-	kAmakAmin
3255	kAmin	Sarva-	sarvakAmin
3256	kAmuka	Vañcitāneka-	vaYcitAnekakAmuka
3260	kAmya	Itaretarakāmyā	itaretarakAmyA
3260	kAmya	Tvaddhitakāmyā	tvadDitakAmyA
3260	kAmya	Badha-kāmyā	baDakAmyA
3260	kAmya	Sarva-kāmya	sarvakAmya
3260	kAmya	Hita-	hitakAmya
3263	kAya	Ati-	atikAya
3263	kAya	Pūrva-	pUrvakAya
3263	kAya	Yaśaḥ-kāya	yaSaSkAya
3263	kAya	Svarṇa-	svarRakAya
3269	kAraRa	A-	akAraRa
3269	kAraRa	A-kāraṇam	akAraRam
3269	kAraRa	Anna-kāraṇam	annakAraRam
3269	kAraRa	Kārya-	kAryakAraRa
3269	kAraRa	Niṣkāraṇa	nizkAraRa
3269	kAraRa	Yatkāraṇam	yatkAraRam
3303	kArmuka	Bhīma-	BImakArmuka
3306	kArya	A-	akArya
3306	kArya	Agni-	agnikArya
3306	kArya	Udaka-	udakakArya
3306	kArya	Eka-	ekakArya
3306	kArya	Kṛta-	kftakArya
3306	kArya	Gṛka-	gfkakArya
3306	kArya	Carmakārya	carmakArya
3306	kArya	Deva-	devakArya
3306	kArya	Dharma-	DarmakArya
3306	kArya	Pitṛ-	pitfkArya
3306	kArya	Putra-	putrakArya
3306	kArya	Mitra-	mitrakArya
3306	kArya	Samūha-	samUhakArya
3323	kAla	A-	akAla
3323	kAla	Ādi-	AdikAla
3323	kAla	Ṛtu-	ftukAla
3323	kAla	Eka-kāla + m	ekakAlam
3323	kAla	Kārya-	kAryakAla
3323	kAla	Kṛta-	kftakAla
3323	kAla	Caturtha-kāla + m	caturTakAlam
3323	kAla	Tad-kāla + m	tatkAlam
3323	kAla	Tāvatkāla + m	tAvatkAlam
3323	kAla	Tri-	trikAla
3323	kAla	Duṣkāla	duzkAla
3323	kAla	Nitya-kāla + m	nityakAlam
3323	kAla	Purva(n)-	purva(n)kAla
3323	kAla	Prāpta-kāla + m	prAptakAlam
3323	kAla	A-prāpta-kāla + m	aprAptakAlam
3323	kAla	Yathā-kāla + m	yaTAkAlam
3323	kAla	Sa-kāla + m	sakAlam
3323	kAla	Sūrya-	sUryakAla
3324	kAla	Bhadra-kālī	BadrakAlI
3324	kAla	Mahā-	mahAkAla
3325	kAlaka	Tila-	tilakAlaka
3342	kAlika	A-kālika + m	akAlikam
3342	kAlika	Aṣṭama-	azwamakAlika
3342	kAlika	Eka-kālika + m	ekakAlikam
3342	kAlika	Caturtha-	caturTakAlika
3342	kAlika	Niṣkālika	nizkAlika
3342	kAlika	Māsa-	mAsakAlika
3348	kAlinda	Yama-kālindī	yamakAlindI
3359	kAvya	Mahā-	mahAkAvya
3376	kAzWa	Daṇḍa-	daRqakAzWa
3376	kAzWa	Danta-	dantakAzWa
3408	kit	A-	akit
3409	kitava	Dhūrta-	DUrtakitava
3415	kira	Mṛtkirā	mftkirA
3416	kiraRa	Tuṣāra-	tuzArakiraRa
3425	kilviza	Caura-	cOrakilviza
3425	kilviza	Rāma-	rAmakilviza
3433	kisalaya	Kara-	karakisalaya
3439	kIwa	Keśa-	keSakIwa
3439	kIwa	Pakṣikīṭa	pakzikIwa
3439	kIwa	Yama-	yamakIwa
3439	kIwa	Śūra-	SUrakIwa
3444	kIra	Vākkīra	vAkkIra
3447	kIrti	Divā-	divAkIrti
3447	kIrti	Duṣkīrti	duzkIrti
3451	kIla	Indra-	indrakIla
3451	kIla	Guda-	gudakIla
3451	kIla	Rata-	ratakIla
3465	kukkuwa	Grāma-	grAmakukkuwa
3465	kukkuwa	Jala-	jalakukkuwa
3465	kukkuwa	Vana-	vanakukkuwa
3476	kuYc	A-saṃkucita	asaMkucita
3489	kuwI	Aśva-	aSvakuwI
3489	kuwI	Parṇa-	parRakuwI
3489	kuwI	Bhramatkuṭī	BramatkuwI
3492	kuwIraka	Tṛṇa-	tfRakuwIraka
3494	kuwumba	Vijaya-ratha-kuṭumba	vijayaraTakuwumba
3497	kuwumbin	Ratha-	raTakuwumbin
3499	kuwwa	Kāṣṭha-	kAzWakuwwa
3499	kuwwa	Tāmra-	tAmrakuwwa
3502	kuwwima	Vastra-	vastrakuwwima
3515	kuRW	A-	akuRW
3516	kuRWa	A-	akuRWa
3519	kuRqa	Amṛta-	amftakuRqa
3519	kuRqa	Homa-	homakuRqa
3527	kutas	A-	akutas
3556	kumAra	Rājakumāra	rAjakumAra
3556	kumAra	Sanatk˚	sanatk˚
3556	kumAra	Su-	sukumAra
3568	kumBa	Agni-	agnikumBa
3568	kumBa	Āma-	AmakumBa
3568	kumBa	Udakumbha	udakumBa
3568	kumBa	Kuca-	kucakumBa
3568	kumBa	Tapta-	taptakumBa
3568	kumBa	Bhadra-	BadrakumBa
3568	kumBa	Vāta-	vAtakumBa
3568	kumBa	Śata-	SatakumBa
3588	kula	Anurūpa-	anurUpakula
3588	kula	Uccaiḥkula	uccEHkula
3588	kula	Utkula-	utkulakula
3588	kula	Go-	gokula
3588	kula	Daṇḍa-deva-	daRqadevakula
3588	kula	Duṣkula	duzkula
3588	kula	Deva-	devakula
3588	kula	Niṣkula	nizkula
3588	kula	Nīcka-	nIckakula
3588	kula	Rājakula	rAjakula
3588	kula	Vāgdevī-	vAgdevIkula
3588	kula	Sa-	sakula
3590	kulaja	A-	akulaja
3604	kuliSa	Nakha-	naKakuliSa
3611	kulya	Sa-	sakulya
3612	kulyA	Ṛṣi-	fzikulyA
3612	kulyA	Deva-	devakulyA
3623	kuSala	A-	akuSala
3623	kuSala	Vaitāna-	vEtAnakuSala
3623	kuSala	Śastra-	SastrakuSala
3623	kuSala	Samudra-yāna-	samudrayAnakuSala
3623	kuSala	Sarvārtha-	sarvArTakuSala
3623	kuSala	Svādhīna-	svADInakuSala
3639	kusuma	A-	akusuma
3647	kuhaka	A-	akuhaka
3654	kUja	A-	akUja
3654	kUja	Niṣkūja	nizkUja
3658	kUwa	A-	akUwa
3658	kUwa	Akṣa-	akzakUwa
3658	kUwa	Akṣi-	akzikUwa
3658	kUwa	Āmra-	AmrakUwa
3658	kUwa	Tri-	trikUwa
3658	kUwa	Niṣkūṭa	nizkUwa
3658	kUwa	Brahmakūṭa	brahmakUwa
3658	kUwa	Ratna-	ratnakUwa
3658	kUwa	Vamrī-	vamrIkUwa
3658	kUwa	Haṃsa-	haMsakUwa
3658	kUwa	Hima-	himakUwa
3664	kUwasTa	Strī-ratna-kūṭa-stha	strIratnakUwasTa
3668	kUpa	ludba-	ludbakUpa
3668	kUpa	Romakūpa	romakUpa
3679	kUla	Dakṣiṇa-	dakziRakUla
3679	kUla	Prākkūla	prAkkUla
3685	kf	Akṛta	akfta
3685	kf	Duṣkṛta	duzkfta
3685	kf	Brahmāñjalikṛta	brahmAYjalikfta
3685	kf	Viśva-	viSvakf
3685	kf	Saha-	sahakf
3685	kf	Su-	sukf
3685	kf	Svayam-	svayamkf
3685	kf	Hāhā-	hAhAkf
3693	kfcCra	Ati-	atikfcCra
3693	kfcCra	Na atikṛcchrāt	na atikfcCrAt
3693	kfcCra	Kṛcchrātikṛcchra	kfcCrAtikfcCra
3693	kfcCra	Artha-kṛcchra	arTakfcCra
3693	kfcCra	Tapta-	taptakfcCra
3693	kfcCra	Dharma-	DarmakfcCra
3693	kfcCra	Parṇa-	parRakfcCra
3693	kfcCra	Prāṇa-	prARakfcCra
3693	kfcCra	Saumya-	sOmyakfcCra
3700	kftaka	A-	akftaka
3700	kftaka	Putra-	putrakftaka
3709	kfti	Cala-	calakfti
3709	kfti	Duṣkṛti	duzkfti
3709	kfti	Su-	sukfti
3710	kftin	Duṣkṛtin	duzkftin
3710	kftin	Su-	sukftin
3716	kftya	A-	akftya
3716	kftya	Abhyupetārtha-	aByupetArTakftya
3716	kftya	Artha-	arTakftya
3716	kftya	Asat-	asatkftya
3716	kftya	Kṛta-	kftakftya
3716	kftya	Gṛha-	gfhakftya
3716	kftya	Bhūti-	BUtikftya
3716	kftya	Śīghra-	SIGrakftya
3719	kftrima	A-	akftrima
3726	kfpaRa	Sa-kṛpaṇa	sakfpaRa
3728	kfpA	Sa-kṛpa + m	sakfpam
3738	kfSa	A-	akfSa
3738	kfSa	Ati-	atikfSa
3742	kfz	Indra-	indrakfz
3742	kfz	Phāla-	PAlakfz
3747	kfzRa	Ati-	atikfzRa
3759	kxp	Kṣura-	kzurakxp
3760	kxpti	Yathā-kḷpti	yaTAkxpti
3767	ketana	Kapi-	kapiketana
3767	ketana	Jhaṣa-, makara-	Jaza, makaraketana
3768	ketu	Agni-	agniketu
3768	ketu	Tāla-	tAlaketu
3768	ketu	Dhūma-	DUmaketu
3768	ketu	Dhṛṣṭa-	Dfzwaketu
3768	ketu	Makara-	makaraketu
3770	kedAra	Eka-	ekakedAra
3776	keli	Vāta-	vAtakeli
3776	keli	Hemak˚	hemak˚
3780	keSa	Bhūta-	BUtakeSa
3780	keSa	Miśra-keśī	miSrakeSI
3780	keSa	Mukta-	muktakeSa
3780	keSa	Muñja-	muYjakeSa
3780	keSa	vi-	vikeSa
3780	keSa	Vyomak˚	vyomak˚
3780	keSa	Vi-kīrṇa-	vikIrRakeSa
3780	keSa	Śukla-	SuklakeSa
3780	keSa	Su-	sukeSa
3781	keSara	Karāla-	karAlakeSara
3781	keSara	Nāga-	nAgakeSara
3783	keSarin	Puruṣa-	puruzakeSarin
3784	keSava	Go-pāla-	gopAlakeSava
3789	keSin	Dhāmakeśin	DAmakeSin
3789	keSin	Muñja-	muYjakeSin
3811	kokila	Puṃs-	puMskokila
3827	koRa	Sūtra-	sUtrakoRa
3831	kopa	Antaḥkopa	antaHkopa
3831	kopa	Krīḍā-	krIqAkopa
3831	kopa	Mithyā-	miTyAkopa
3831	kopa	Mṛga-	mfgakopa
3831	kopa	Sa-kopa	sakopa
3831	kopa	Sa-kopa + m	sakopam
3832	kopana	A-	akopana
3845	koSa	A-koṣa	akoza
3845	koSa	Annamaya-	annamayakoSa
3845	koSa	Jātī-	jAtIkoSa
3845	koSa	Dharma-	DarmakoSa
3845	koSa	Madhu-	maDukoSa
3845	koSa	Vi-	vikoSa
3845	koSa	Viṣāṇa-koṣa	vizARakoza
3866	kOtuka	Krīḍā-	krIqAkOtuka
3866	kOtuka	Vi-	vikOtuka
3902	kOstuBa	Sa-kirīṭa-kaustubha	sakirIwakOstuBa
3911	kratu	Vara-	varakratu
3911	kratu	Śata-	Satakratu
3920	kram	Tri-	trikram
3920	kram	prakrānta	prakrAnta
3920	kram	vikrānta	vikrAnta
3920	kram	Bhīma-	BImakram
3920	kram	Su-	sukram
3921	krama	A-	akrama
3921	krama	Kāla-	kAlakrama
3921	krama	Madhu-	maDukrama
3921	krama	Yathā-krama + m	yaTAkramam
3921	krama	Śaikṣya-guṇa-krama	SEkzyaguRakrama
3921	krama	Samākṣarapadakrama	samAkzarapadakrama
3933	kravyAd	A-	akravyAd
3934	kravyAda	A-	akravyAda
3937	kriyA	Agni-	agnikriyA
3937	kriyA	Atithi-	atiTikriyA
3937	kriyA	Udaka-	udakakriyA
3937	kriyA	Kṛta-kriya	kftakriya
3937	kriyA	Kautuka-kriyā	kOtukakriyA
3937	kriyA	Citra-	citrakriyA
3937	kriyA	Jala-	jalakriyA
3937	kriyA	Dāra-	dArakriyA
3937	kriyA	Dharma-	DarmakriyA
3937	kriyA	Niṣkriya	nizkriya
3937	kriyA	Nirahaṃkriyā	nirahaMkriyA
3937	kriyA	Laghu-	laGukriyA
3937	kriyA	Vaśa-	vaSakriyA
3937	kriyA	Vikarmakriyā	vikarmakriyA
3937	kriyA	Sa-kriya	sakriya
3937	kriyA	Hīna-	hInakriyA
3938	kriyAvant	Turaga-kriyā + vant	turagakriyAvant
3941	krIqana	Udaka-	udakakrIqana
3945	krIqA	Jala-	jalakrIqA
3945	krIqA	Toya-	toyakrIqA
3945	krIqA	Vapra	vapra
3956	krUra	A-	akrUra
3956	krUra	Danta-krūra + m	dantakrUram
3961	kroDa	A-	akroDa
3961	kroDa	Sa-	sakroDa
3962	kroDana	A-	akroDana
3962	kroDana	Sa-	sakroDana
3974	klama	Gata-	gataklama
3979	kliS	A-	akliS
3981	klIba	A-	aklIba
3982	klIbatA	A-	aklIbatA
3987	kleSa	A-	akleSa
3987	kleSa	Garbha-	garBakleSa
3999	kzaR	A-	akzaR
3999	kzaR	ati-pari-kṣata	atiparikzata
3999	kzaR	vikṣata	vikzata
4000	kzaRa	Kim-	kimkzaRa
4000	kzaRa	Kṛta-	kftakzaRa
4000	kzaRa	Tatkṣaṇam	tatkzaRam
4000	kzaRa	Vastu-kṣaṇāt	vastukzaRAt
4000	kzaRa	Sa-	sakzaRa
4000	kzaRa	Svayaṃvara-kṛta-	svayaMvarakftakzaRa
4010	kzatra	A-	akzatra
4012	kzatriya	Niḥkṣatriya	niHkzatriya
4025	kzama	Āyati-	Ayatikzama
4025	kzama	Upabhoga-	upaBogakzama
4025	kzama	Kālāntara-	kAlAntarakzama
4025	kzama	Dṛṣṭi-	dfzwikzama
4025	kzama	Deśa-kāla-	deSakAlakzama
4025	kzama	Vana-vāsa-	vanavAsakzama
4031	kzaya	Dina-	dinakzaya
4031	kzaya	Dhana-	Danakzaya
4031	kzaya	Sarva-duḥkha-	sarvaduHKakzaya
4031	kzaya	Sva-kula-	svakulakzaya
4037	kzayya	A-	akzayya
4048	kzAra	Yava-	yavakzAra
4053	kzi	A-kṣita	akzita
4083	kzud	A-kṣuṇṇa	akzuRRa
4084	kzudra	A-	akzudra
4101	kzetra	A-	akzetra
4101	kzetra	Karmakṣetra	karmakzetra
4101	kzetra	Kuru-	kurukzetra
4101	kzetra	Dharma-	Darmakzetra
4101	kzetra	Raṇa-	raRakzetra
4101	kzetra	Sura-īśvarī-	sureSvarIkzetra
4107	kzetrin	A-	akzetrin
4108	kzepa	Kāla-	kAlakzepa
4108	kzepa	A-kālakṣepa + m	akAlakzepam
4108	kzepa	paṭākṣepa	pawAkzepa
4108	kzepa	Apaṭī-kṣepa	apawIkzepa
4108	kzepa	Bhrū-	BrUkzepa
4108	kzepa	Sa-dṛṣṭi-kṣepa + m	sadfzwikzepam
4112	kzema	Yoga-	yogakzema
4144	kzveqa	Sthūla-kṣveḍa	sTUlakzveqa
4168	Kaqga	Kūṭa-	kUwaKaqga
4168	Kaqga	Sa-	saKaqga
4173	KaRqa	A-	aKaRqa
4173	KaRqa	Karpūra-	karpUraKaRqa
4173	KaRqa	Padminī-	padminIKaRqa
4173	KaRqa	Śata-	SataKaRqa
4173	KaRqa	Śrī-	SrIKaRqa
4181	Kan	Deva-	devaKan
4190	Kara	Ati-	atiKara
4193	KarjUra	Piṇḍa-	piRqaKarjUra
4224	KAdi	Su-	suKAdi
4233	Kila	A-	aKila
4233	Kila	˚lena	˚lena
4240	Kura	Aśva-	aSvaKura
4251	Kela	Sa-khela + m	saKelam
4261	KyAti	Su-	suKyAti
4272	gaNgA	Vyomagaṅgā	vyomagaNgA
4272	gaNgA	Pātāla-	pAtAlagaNgA
4274	gaja	Araṇya-	araRyagaja
4274	gaja	Āśā-	ASAgaja
4274	gaja	Diggaja	diggaja
4274	gaja	Mahā-	mahAgaja
4274	gaja	Vana-	vanagaja
4274	gaja	Sura-	suragaja
4286	gaRa	Tārā-	tArAgaRa
4286	gaRa	Trastarakṣogaṇa	trastarakzogaRa
4286	gaRa	Sendragaṇa	sendragaRa
4286	gaRa	Hari-	harigaRa
4294	gaRin	Śvagaṇin	SvagaRin
4298	gaRqa	Gala-	galagaRqa
4299	gaRqaka	Sūtra-gaṇḍikā	sUtragaRqikA
4303	gati	A-	agati
4303	gati	Adhogati	aDogati
4303	gati	A-vi-hata-	avihatagati
4303	gati	Ākāśa-	AkASagati
4303	gati	Ātmagati	Atmagati
4303	gati	Ūrdhva-	UrDvagati
4303	gati	Kāma-	kAmagati
4303	gati	Kṛṣṇa-	kfzRagati
4303	gati	Gagaṇa-	gagaRagati
4303	gati	Dus-	durgati
4303	gati	Daiva-	dEvagati
4303	gati	Sadā-	sadAgati
4305	gad	A-	agad
4307	gada	A-gada	agada
4309	gadgada	Sa-gadgada + m	sagadgadam
4309	gadgada	Haṃsa-	haMsagadgada
4312	ganDa	Dus-	durganDa
4312	ganDa	Nis-	nirganDa
4312	ganDa	Pūti-	pUtiganDa
4312	ganDa	Matsya-	matsyaganDa
4312	ganDa	Yojana-	yojanaganDa
4312	ganDa	Sa-	saganDa
4312	ganDa	Su-	suganDa
4316	ganDarva	Sa-	saganDarva
4316	ganDarva	Deva-	devaganDarva
4321	ganDika	Tri-su-	trisuganDika
4322	ganDin	Su-	suganDin
4326	gam	Tad-	tadgam
4326	gam	Tiryaggata	tiryaggata
4326	gam	Dus-	durgam
4326	gam	Dhūrgata	DUrgata
4326	gam	Payas-	payasgam
4326	gam	Manas-	manasgam
4326	gam	Yathā-gata + m	yaTAgatam
4326	gam	Vayas-	vayasgam
4326	gam	Sarva-	sarvagam
4326	gam	Su-	sugam
4327	gama	A-	agama
4327	gama	Durgama	durgama
4327	gama	Pakṣa-	pakzagama
4327	gama	Su-	sugama
4328	gamana	Adhogamana	aDogamana
4328	gamana	Anta-	antagamana
4328	gamana	Antarā-	antarAgamana
4328	gamana	Asta-	astagamana
4328	gamana	Saha-	sahagamana
4333	gara	Bhū-	BUgara
4340	garut	Śveta-	Svetagarut
4352	garBa	Gṛhīta-	gfhItagarBa
4352	garBa	Jāra-	jAragarBa
4352	garBa	Deva-	devagarBa
4352	garBa	Mati-	matigarBa
4352	garBa	Ratna-	ratnagarBa
4352	garBa	Śamī-	SamIgarBa
4352	garBa	Sa-	sagarBa
4352	garBa	Sura-	suragarBa
4352	garBa	Soma-	somagarBa
4352	garBa	Sravadgarbhā	sravadgarBA
4352	garBa	Sva-	svagarBa
4352	garBa	Hima-	himagarBa
4352	garBa	Hiraṇya-	hiraRyagarBa
4359	garva	Dhana-	Danagarva
4359	garva	Sa-	sagarva
4361	garvita	Pari-	parigarvita
4362	garh	A-	agarh
4383	gavya	Pañcagavya	paYcagavya
4403	gAtra	Romāñcita-	romAYcitagAtra
4403	gAtra	Vara-	varagAtra
4410	gADa	A-	agADa
4410	gADa	Dus-	durgADa
4416	gAnDarva	Yuddha-	yudDagAnDarva
4421	gAmin	Agra-	agragAmin
4421	gAmin	Anta-	antagAmin
4421	gAmin	Ṛtu-	ftugAmin
4421	gAmin	Kubja-	kubjagAmin
4447	gAh	Dus-gāḍha	durgAQa
4452	giri	Antar-	antargiri
4452	giri	Asta-	astagiri
4452	giri	Kāñcana-	kAYcanagiri
4452	giri	Kula-	kulagiri
4452	giri	Tuṣāra-	tuzAragiri
4452	giri	Deva-, dhūmra-, rāma-	deva, DUmra, rAmagiri
4452	giri	Vahirgiri	vahirgiri
4452	giri	Svar-	svargiri
4468	gucCa	Romaguccha	romagucCa
4475	guqa	Ayoguḍa	ayoguqa
4478	guR	Dvi-	dviguR
4479	guRa	A-	aguRa
4479	guRa	Ati-	atiguRa
4479	guRa	Tathā-	taTAguRa
4479	guRa	Tri-	triguRa
4479	guRa	Nis-	nirguRa
4479	guRa	Muktā-	muktAguRa
4479	guRa	Vi-	viguRa
4479	guRa	Viveka-vi-	vivekaviguRa
4479	guRa	Viśeṣa-	viSezaguRa
4479	guRa	Śruti-viṣaya-	SrutivizayaguRa
4479	guRa	Sa-	saguRa
4487	guRavant	A-	aguRavant
4489	guRin	Su-	suguRin
4498	gup	Deva-	devagup
4498	gup	Nābhi-	nABigup
4498	gup	Parva(n)-	parva(n)gup
4498	gup	Su-gupta	sugupta
4501	gupti	Ratha-	raTagupti
4501	gupti	Su-	sugupti
4504	guru	Ati-	atiguru
4504	guru	Indra-	indraguru
4504	guru	Gaurī-	gOrIguru
4504	guru	Jagat-	jagatguru
4504	guru	Sura-	suraguru
4517	gulPa	Ucca-	uccagulPa
4518	gulma	Nis-	nirgulma
4518	gulma	Vāta-	vAtagulma
4518	gulma	Vāyu-	vAyugulma
4519	guh	Mantra-	mantraguh
4519	guh	Sa-gūḍha + m	sagUQam
4537	gfDnu	A-	agfDnu
4546	gfha	Su-gṛha	sugfha
4546	gfha	Antar-	antargfha
4546	gfha	Kārā-	kArAgfha
4546	gfha	Kula-	kulagfha
4546	gfha	Kośa-	koSagfha
4546	gfha	Krīḍā-	krIqAgfha
4546	gfha	Garbha-	garBagfha
4546	gfha	Citra-	citragfha
4546	gfha	Chatra-	Catragfha
4546	gfha	Jatu-	jatugfha
4546	gfha	Deva-	devagfha
4546	gfha	Devī-	devIgfha
4546	gfha	Devī-garbha-	devIgarBagfha
4546	gfha	Dhārā-	DArAgfha
4546	gfha	Niśā-	niSAgfha
4546	gfha	Bhoga-	Bogagfha
4546	gfha	Yantra-	yantragfha
4546	gfha	Latā-	latAgfha
4546	gfha	Vastra-	vastragfha
4546	gfha	Vāsa-	vAsagfha
4546	gfha	Śānti-	SAntigfha
4546	gfha	Śiras-	Sirasgfha
4567	geha	Jatu-	jatugeha
4569	gE	Upāṅga-gīta	upANgagIta
4569	gE	Bhagavadgītā	BagavadgItA
4570	gErika	Kāñcana-	kAYcanagErika
4570	gErika	Svarṇa-	svarRagErika
4575	gocara	Locana-	locanagocara
4575	gocara	A-locana-	alocanagocara
4579	gotra	Sa-	sagotra
4586	goDA	Kṛṣṇa-	kfzRagoDA
4594	goptf	Cakra-	cakragoptf
4602	gola	Bhū-	BUgola
4605	govinda	Gīta-	gItagovinda
4609	gozWa	Pañcavīra-	paYcavIragozWa
4613	gozpada	Saṃyuga-	saMyugagozpada
4620	gOrava	Nis-	nirgOrava
4625	granTa	Tarka-	tarkagranTa
4625	granTa	Nis-	nirgranTa
4626	granTi	Suvarṇa-	suvarRagranTi
4626	granTi	Māna-	mAnagranTi
4636	graha	A-	agraha
4636	graha	Aṅkuśa-	aNkuSagraha
4636	graha	Kuñjara-	kuYjaragraha
4636	graha	Keśa-	keSagraha
4636	graha	Dus-	durgraha
4636	graha	Deva-	devagraha
4636	graha	Dhanus-	Danurgraha
4636	graha	Nava-	navagraha
4636	graha	Nāmajāti-	nAmajAtigraha
4636	graha	Pāṇi-	pARigraha
4636	graha	Śabda-	Sabdagraha
4636	graha	Sūtra-	sUtragraha
4636	graha	Sūrya-	sUryagraha
4636	graha	Hrada-	hradagraha
4637	grahaRa	Keśa-	keSagrahaRa
4637	grahaRa	Cakṣus-	cakzurgrahaRa
4637	grahaRa	Dāra-	dAragrahaRa
4637	grahaRa	Dūra-	dUragrahaRa
4637	grahaRa	Pāṇi-	pARigrahaRa
4642	grahItf	Pāṇi-	pARigrahItf
4644	grAma	Indriya-	indriyagrAma
4644	grAma	Guṇa-	guRagrAma
4644	grAma	Tri-grāmī	trigrAmI
4644	grAma	Daśagrāmī	daSagrAmI
4644	grAma	Sāla-	sAlagrAma
4653	grAmIRa	Eka-	ekagrAmIRa
4656	grAmya	A-	agrAmya
4657	grAvan	Nikaṣa-	nikazagrAvan
4659	grAha	Jīva-grāha + m	jIvagrAham
4659	grAha	Dhanus-	DanurgrAha
4659	grAha	Pāṇi-	pARigrAha
4659	grAha	Pārṣṇi-	pArzRigrAha
4659	grAha	Vandi-	vandigrAha
4659	grAha	Sūtra-	sUtragrAha
4661	grAhavant	Bhīma-	BImagrAhavant
4661	grAhavant	Rāga-grāha + vant	rAgagrAhavant
4662	grAhin	Guṇa-	guRagrAhin
4662	grAhin	Pallava-	pallavagrAhin
4662	grAhin	Vacana-	vacanagrAhin
4662	grAhin	Vinaya-	vinayagrAhin
4663	grIvA	Aśva-grīva	aSvagrIva
4663	grIvA	Ud-grīva	udgrIva
4663	grIvA	Kambu-	kambugrIvA
4663	grIvA	Citra-grīva	citragrIva
4663	grIvA	Daśagrīva	daSagrIva
4663	grIvA	Niṣka-grīva	nizkagrIva
4663	grIvA	Nīla-grīva	nIlagrIva
4663	grIvA	Mahā-grīva	mahAgrIva
4663	grIvA	Vakra-	vakragrIvA
4663	grIvA	Su-	sugrIvA
4663	grIvA	Haya-	hayagrIvA
4684	Gaw	Su-	suGaw
4685	Gawa	Dus-	durGawa
4697	Gana	Sa-	saGana
4697	Gana	Stamba-	stambaGana
4712	GAta	Danta-	dantaGAta
4712	GAta	Viśvāsa-	viSvAsaGAta
4712	GAta	Sa-mūla-	samUlaGAta
4713	GAtaka	Viśvāsa-	viSvAsaGAtaka
4715	GAtin	Atmaghātin	atmaGAtin
4715	GAtin	Kāla-	kAlaGAtin
4715	GAtin	Grāma-	grAmaGAtin
4715	GAtin	Pitṛ-	pitfGAtin
4715	GAtin	Viśvāsa-	viSvAsaGAtin
4717	GAsa	Aśva-	aSvaGAsa
4732	GUrRa	Timira-	timiraGUrRa
4732	GUrRa	Mahā-	mahAGUrRa
4738	GfRA	Nirghṛṇa	nirGfRa
4738	GfRA	Sa-nis-	sanirGfRA
4742	GfRin	A-	aGfRin
4754	Gora	Su-	suGora
4756	Goza	Dama-	damaGoza
4756	Goza	Nandi-	nandiGoza
4756	Goza	Mahā-	mahAGoza
4756	Goza	Siṃha-	siMhaGoza
4756	Goza	Sukhapuṇyāha-	suKapuRyAhaGoza
4756	Goza	Strī-	strIGoza
4762	GrA	A-	aGrA
4774	cakra	Eka-	ekacakra
4774	cakra	Kāla-	kAlacakra
4774	cakra	Dikcakra	dikcakra
4774	cakra	Dharma-	Darmacakra
4774	cakra	Para-	paracakra
4774	cakra	Mātṛ-	mAtfcakra
4774	cakra	Rāśi-	rASicakra
4774	cakra	Hiraṇya-	hiraRyacakra
4777	cakrabAla	Daṇḍa-	daRqacakrabAla
4777	cakrabAla	Diś-	diScakrabAla
4777	cakrabAla	Sa-mātṛ-	samAtfcakrabAla
4787	cakzas	Viśva-	viSvacakzas
4792	cakzus	A-	acakzus
4792	cakzus	Ghrāṇa-	GrARacakzus
4792	cakzus	Cāra-	cAracakzus
4792	cakzus	Jana-	janacakzus
4792	cakzus	Jñāna-	jYAnacakzus
4792	cakzus	Divya-	divyacakzus
4792	cakzus	Dharma-	Darmacakzus
4792	cakzus	Naya-	nayacakzus
4792	cakzus	Nis-	niscakzus
4792	cakzus	Mukta-	muktacakzus
4792	cakzus	Sa-	sacakzus
4798	caYcu	Vāda-	vAdacaYcu
4802	cawaka	Mṛga-indra-	mfgendracawaka
4809	caRqa	Ati-	aticaRqa
4849	catvAriMSat	Dvā-	dvAcatvAriMSat
4854	candana	Ku-	kucandana
4854	candana	Hari-	haricandana
4856	candra	Ardha-	arDacandra
4856	candra	Pūrṇa-	pUrRacandra
4856	candra	Rāma-	rAmacandra
4856	candra	Śaraccandra	Saraccandra
4872	campaka	Śita-	Sitacampaka
4877	caya	Agni-	agnicaya
4879	car	Dus-	duscar
4879	car	Su-	sucar
4880	cara	A-	acara
4880	cara	Anta-	antacara
4880	cara	Antaḥpura-	antaHpuracara
4880	cara	Araṇya-	araRyacara
4880	cara	Eka-	ekacara
4880	cara	Ku-	kucara
4880	cara	Kūla-	kUlacara
4880	cara	Toya-	toyacara
4880	cara	Divā-	divAcara
4880	cara	Duścara	duScara
4880	cara	Su-duścara	suduScara
4880	cara	Dhārāntara-	DArAntaracara
4880	cara	Niśā-	niSAcara
4880	cara	Vyomacara	vyomacara
4880	cara	Saha-	sahacara
4881	caraRa	Tapas-	tapascaraRa
4889	caritra	Vi-citra-	vicitracaritra
4896	carcita	Vi-	vicarcita
4899	carman	Gala-	galacarman
4899	carman	Go-	gocarman
4899	carman	Dus-	duscarman
4900	carmamaya	Vyāghracarma-maya	vyAGracarmamaya
4905	carya	Ku-caryā	kucaryA
4905	carya	Tapaścaryā	tapaScaryA
4905	carya	Deva-caryā	devacaryA
4905	carya	Dharma-	Darmacarya
4905	carya	Paśu-	paSucarya
4905	carya	Brahma-carya	brahmacarya
4905	carya	Sa-brahmacarya	sabrahmacarya
4905	carya	Ratha-caryā	raTacaryA
4905	carya	Vrata-	vratacarya
4907	carvaRa	Punaḥpunaścarvita-	punaHpunaScarvitacarvaRa
4908	carzaRi	Viśva-	viSvacarzaRi
4909	cal	A-	acal
4912	cala	Nis-	niscala
4912	cala	Vi-nis-	viniscala
4912	cala	Vi-	vicala
4912	cala	A-vi-	avicala
4915	calana	Bhūmi-	BUmicalana
4928	cARqAla	Brāhmaṇa-	brAhmaRacARqAla
4941	cAndrAyaRa	Yati-	yaticAndrAyaRa
4941	cAndrAyaRa	Śiśu-	SiSucAndrAyaRa
4942	cApa	Indra-	indracApa
4942	cApa	Mahendra-	mahendracApa
4942	cApa	Kusuma-, puṣpa-	kusuma, puzpacApa
4942	cApa	Sa-sura-cāpa + m	sasuracApam
4942	cApa	Skandha-	skanDacApa
4944	cApalya	Ati-	aticApalya
4944	cApalya	Pāṇi-	pARicApalya
4950	cAra	Pāda-	pAdacAra
4950	cAra	Saha-	sahacAra
4955	cAritra	Dus-	duscAritra
4955	cAritra	Duṣṭa-	duzwacAritra
4957	cArin	Eka-	ekacArin
4957	cArin	Kāma-	kAmacArin
4957	cArin	Kha-	KacArin
4957	cArin	Gūḍha-	gUQacArin
4957	cArin	Citta-	cittacArin
4957	cArin	Jala-	jalacArin
4957	cArin	Dus-	duscArin
4957	cArin	Duṣṭa-	duzwacArin
4957	cArin	Dharma-	DarmacArin
4957	cArin	Pāda-	pAdacArin
4957	cArin	Brah macārin	brah macArin
4957	cArin	Saṃgha-	saMGacArin
4957	cArin	Saha-	sahacArin
4957	cArin	Svacchanda-	svacCandacArin
4958	cAru	Sa-	sacAru
4966	ci	A-niścita	aniScita
4966	ci	Su-	suci
4969	cikitsA	Dus-cikitsa	duscikitsa
4987	citta	Anya-	anyacitta
4987	citta	Eka-	ekacitta
4987	citta	Cala-	calacitta
4987	citta	Pramoha-	pramohacitta
4988	citti	Pūrva-	pUrvacitti
4989	citya	Catuścitya	catuScitya
4991	citra	Vi-	vicitra
4991	citra	Sa-	sacitra
5004	cint	A-	acint
5004	cint	A-	acint
5004	cint	Dus-	duscint
5005	cintaka	Kārya-	kAryacintaka
5005	cintaka	Daiva-	dEvacintaka
5005	cintaka	Sarvārtha-	sarvArTacintaka
5005	cintaka	Sthāna-	sTAnacintaka
5007	cintA	An-anya-cinta	ananyacinta
5007	cintA	Niścinta	niScinta
5010	cira	A-	acira
5010	cira	Na-	nacira
5010	cira	Mācira	mAcira
5010	cira	Su-cira + m	suciram
5030	cIna	Apara-	aparacIna
5074	cUqa	Kṛta-cūḍa	kftacUqa
5074	cUqa	Candra-	candracUqa
5074	cUqa	Pañcacūḍa	paYcacUqa
5074	cUqa	Puṣkara-	puzkaracUqa
5074	cUqa	Svarṇa-	svarRacUqa
5081	cUrRa	Yoga-	yogacUrRa
5081	cUrRa	Rāga-	rAgacUrRa
5092	cetana	A-	acetana
5092	cetana	Nis-	niscetana
5092	cetana	Vi-	vicetana
5092	cetana	Sa-	sacetana
5095	cetas	A-	acetas
5095	cetas	Duṣṭa-	duzwacetas
5095	cetas	Nis	nis
5095	cetas	Manda-	mandacetas
5095	cetas	Vi-	vicetas
5095	cetas	Vyākula-	vyAkulacetas
5095	cetas	Sa-	sacetas
5101	cela	Ku-	kucela
5101	cela	Sa-	sacela
5103	cezw	Dus-	duscezw
5104	cezwa	Karmaceṣṭā	karmacezwA
5104	cezwa	Niśceṣṭa	niScezwa
5104	cezwa	Sa-	sacezwa
5110	cEtya	Grāma-	grAmacEtya
5128	cOra	Bhitti-	BitticOra
5128	cOra	Strī-	strIcOra
5138	cyuti	Garbha-	garBacyuti
5142	Cattra	Ahicchattra	ahicCattra
5147	Cad	Su-	suCad
5150	Cada	Uttara-	uttaraCada
5150	Cada	Ghana-	GanaCada
5150	Cada	Tanu-	tanuCada
5150	Cada	Danta-	dantaCada
5150	Cada	Dus-	dusCada
5150	Cada	Rada-	radaCada
5150	Cada	Sita-	sitaCada
5154	Cadman	Kūṭa-	kUwaCadman
5158	Canda	A-	aCanda
5158	Canda	Para-	paraCanda
5158	Canda	Sva-	svaCanda
5160	Candas	Niś-chandas	niSCandas
5177	CAga	Vana-	vanaCAga
5186	CAya	Eka-	ekaCAya
5186	CAya	Vi-	viCAya
5186	CAya	Vṛkṣa-	vfkzaCAya
5190	Cid	Duścid	duScid
5193	Cidra	A-cchidra	acCidra
5193	Cidra	Niśchidra	niSCidra
5208	Ceda	Bhakti-	BaktiCeda
5208	Ceda	Sa-	saCeda
5208	Ceda	Sthāṇu-	sTARuCeda
5217	jagat	A-jagat	ajagat
5217	jagat	Tri-jagat	trijagat
5231	jaNGA	Tāla-	tAlajaNGA
5231	jaNGA	Su-	sujaNGA
5236	jawa	Tri-jaṭa	trijawa
5236	jawa	Śikhā-	SiKAjawa
5244	jaqa	A-jaḍa	ajaqa
5248	jatu	Śilā-	SilAjatu
5250	jan	A-jāta	ajAta
5250	jan	Eka-	ekajan
5250	jan	Kula-	kulajan
5250	jan	Cira-	cirajan
5250	jan	Dus-	durjan
5250	jan	Yathā-	yaTAjan
5250	jan	Su-	sujan
5250	jan	Janya	janya
5251	jana	A-	ajana
5251	jana	Antaḥpura-	antaHpurajana
5251	jana	A-sajjana	asajjana
5251	jana	Kula-	kulajana
5251	jana	Guru-	gurujana
5251	jana	Grāma-bāla-	grAmabAlajana
5251	jana	Capalā-	capalAjana
5251	jana	Tiryagjana	tiryagjana
5251	jana	Dāsa-	dAsajana
5251	jana	Dus-	durjana
5251	jana	Pañcajana	paYcajana
5251	jana	Puṇya-	puRyajana
5251	jana	Pṛthagjana	pfTagjana
5251	jana	Paura-	pOrajana
5251	jana	Mahā-	mahAjana
5251	jana	Vi-	vijana
5251	jana	Viśva-	viSvajana
5251	jana	Su-	sujana
5251	jana	Sva-	svajana
5252	janaka	Yamunā-	yamunAjanaka
5254	janatA	Su-	sujanatA
5255	janana	Strī-jananī	strIjananI
5263	jantu	Karkaṭī-	karkawIjantu
5263	jantu	Jala-	jalajantu
5265	janman	Agra-	agrajanman
5265	janman	Antya-	antyajanman
5265	janman	Ambhoja-	amBojajanman
5265	janman	Ātmajanman	Atmajanman
5265	janman	Ūru	Uru
5265	janman	Kumbha-	kumBajanman
5265	janman	Citta-	cittajanman
5265	janman	Dvi-	dvijanman
5265	janman	Punar-	punarjanman
5265	janman	Pūrva-	pUrvajanman
5265	janman	Brahmajanman	brahmajanman
5265	janman	Vi-	vijanman
5265	janman	Śara-	Sarajanman
5265	janman	Saṃkalpa-	saMkalpajanman
5265	janman	Saroj˚	saroj˚
5279	jambAla	Sa-	sajambAla
5280	jambu	Bhū-jambū	BUjambU
5287	jaya	A-	ajaya
5287	jaya	Kakubjaya	kakubjaya
5287	jaya	Dus-	durjaya
5287	jaya	Su-dus-	sudurjaya
5287	jaya	Rakka-	rakkajaya
5297	jaras	A-jara	ajara
5297	jaras	A-jaras	ajaras
5311	jala	Ati-	atijala
5311	jala	Gandha-	ganDajala
5311	jala	Netra-	netrajala
5311	jala	Rajanī-	rajanIjala
5311	jala	Sa-	sajala
5325	jalUkA	Tṛṇa-	tfRajalUkA
5336	java	Ati-	atijava
5336	java	Manojava	manojava
5336	java	Mahā-	mahAjava
5338	javas	Su-	sujavas
5350	jANgala	Kuru-	kurujANgala
5358	jAti	A-jāti	ajAti
5358	jAti	Eka-	ekajAti
5358	jAti	Dus-	durjAti
5358	jAti	Dvi-	dvijAti
5358	jAti	Pūrva-	pUrvajAti
5358	jAti	Mṛga-	mfgajAti
5358	jAti	Sa-	sajAti
5358	jAti	Hīna-	hInajAti
5363	jAtIya	Dus-	durjAtIya
5363	jAtIya	Vi-	vijAtIya
5363	jAtIya	Sa-	sajAtIya
5363	jAtIya	Samāna-	samAnajAtIya
5363	jAtIya	Sva-	svajAtIya
5368	jAnapada	Paura-	pOrajAnapada
5372	jAnu	Antar-	antarjAnu
5372	jAnu	Indra-	indrajAnu
5372	jAnu	Jānu-vi-	jAnuvijAnu
5372	jAnu	Saṃhata-	saMhatajAnu
5373	jApa	Karṇa-	karRajApa
5400	jAla	Indra-	indrajAla
5400	jAla	Dhvānta-	DvAntajAla
5400	jAla	Muktā-	muktAjAla
5400	jAla	Vindu-	vindujAla
5412	jigIzA	Guru-jigīṣa	gurujigIza
5429	jizRu	Sa-	sajizRu
5434	jihma	A-	ajihma
5434	jihma	Vi-	vijihma
5438	jihva	Adhi-	aDijihva
5438	jihva	Dīrgha-	dIrGajihva
5438	jihva	Dvi-	dvijihva
5438	jihva	Saptaj˚	saptaj˚
5438	jihva	Sthira-	sTirajihva
5446	jIva	Dus-	durjIva
5446	jIva	Nis-	nirjIva
5446	jIva	Su-	sujIva
5447	jIvaka	Raṅga-	raNgajIvaka
5451	jIvana	A-	ajIvana
5451	jIvana	Dāsa-	dAsajIvana
5451	jIvana	Dharma-	DarmajIvana
5451	jIvana	Mṛga-	mfgajIvana
5458	jIvin	Dīrgha-	dIrGajIvin
5458	jIvin	Buddhi-	budDijIvin
5458	jIvin	Jala-	jalajIvin
5458	jIvin	Śyena-	SyenajIvin
5458	jIvin	Saṃgha-	saMGajIvin
5458	jIvin	Saṃcāra-	saMcArajIvin
5458	jIvin	Surā-	surAjIvin
5461	jugupsA	A-jugupsa	ajugupsa
5474	jUwa	Jaṭā-jūṭa	jawAjUwa
5483	jF	A-	ajF
5497	jYa	A-	ajYa
5497	jYa	Manojña	manojYa
5497	jYa	Sarva-	sarvajYa
5501	jYA	A-	ajYA
5503	jYAti	A-	ajYAti
5503	jYAti	Nis-	nirjYAti
5503	jYAti	Sva-	svajYAti
5506	jYAna	A-	ajYAna
5506	jYAna	Ātmajnāna	AtmajnAna
5506	jYAna	Dus-	durjYAna
5518	jyA	Sa-jya	sajya
5525	jyezWa	A-	ajyezWa
5525	jyezWa	Yathā-jyeṣṭha + m	yaTAjyezWam
5538	jyotis	Antar-	antarjyotis
5538	jyotis	Sa-	sajyotis
5546	jvara	Gata-	gatajvara
5546	jvara	Jīrṇa-	jIrRajvara
5546	jvara	Jīrṇāmaya-	jIrRAmayajvara
5546	jvara	Dāha-	dAhajvara
5546	jvara	Maithuna-	mETunajvara
5546	jvara	Ratha-	raTajvara
5552	jvAla	Saptaj˚	saptaj˚
5552	jvAla	Hemaj˚	hemaj˚
5637	tawa	A-	atawa
5637	tawa	Diś-	diStawa
5637	tawa	Vidruma-	vidrumatawa
5640	tawinI	A-mara-	amaratawinI
5648	taqit	Sendrāyudha-	sendrAyuDataqit
5657	tattva	Nis-	nistattva
5657	tattva	Yathā-tattva + m	yaTAtattvam
5657	tattva	Sa-	satattva
5663	taTA	Yathā-tatha + m	yaTAtaTam
5663	taTA	A-yathā-tatha + m	ayaTAtaTam
5663	taTA	Vi-tatha	vitaTa
5663	taTA	˚tham	˚Tam
5663	taTA	a-vitatha	avitaTa
5678	tanaya	Pavana-	pavanatanaya
5678	tanaya	Rādhā-	rADAtanaya
5678	tanaya	Sūrya-	sUryatanaya
5679	tanu	A-	atanu
5679	tanu	Ardha-	arDatanu
5679	tanu	Vāmana-	vAmanatanu
5679	tanu	Su-	sutanu
5682	tanutA	Su-	sutanutA
5689	tantu	Āśā-	ASAtantu
5689	tantu	Tṛṣṇā-	tfzRAtantu
5689	tantu	Nis-	nistantu
5689	tantu	Prajā-	prajAtantu
5689	tantu	Saptat˚	saptat˚
5689	tantu	Sūtra-	sUtratantu
5693	tantra	A-tantrī	atantrI
5693	tantra	Ātmatantra	Atmatantra
5693	tantra	Ku-tantrī	kutantrI
5693	tantra	Pañcatantra	paYcatantra
5693	tantra	Para-tantra	paratantra
5693	tantra	Su-tantrī	sutantrI
5693	tantra	Sva-tantra	svatantra
5693	tantra	A-sna-tantra	asnatantra
5703	tandri	A-tandrī	atandrI
5705	tandrin	A-	atandrin
5712	tapa	Su-	sutapa
5715	tapas	A-	atapas
5715	tapas	Dīrgha-	dIrGatapas
5715	tapas	Pañcatapas	paYcatapas
5715	tapas	Mahā-	mahAtapas
5715	tapas	Su-mahā-	sumahAtapas
5719	tapasvin	Ati-	atitapasvin
5728	tamas	Dīrgha-	dIrGatamas
5734	tamisra	A-	atamisra
5745	tara	Dus-	dustara
5745	tara	A-su-	asutara
5748	taraNga	Ud-	uttaraNga
5750	taraNgin	rājata-raṇgiṇī	rAjataraRgiRI
5751	taraRa	Dus-	dustaraRa
5751	taraRa	Pratīpa-	pratIpataraRa
5763	taru	Kalpa-	kalpataru
5763	taru	Chāyā-	CAyAtaru
5763	taru	Prati-	pratitaru
5763	taru	Śikhā-	SiKAtaru
5767	tark	A-tarkya	atarkya
5768	tarka	Ku-	kutarka
5772	tarkuwa	Sūtra-	sUtratarkuwa
5777	tarpaRa	Apa-	apatarpaRa
5777	tarpaRa	Ghrāṇa-tarpaṇa	GrARatarpaRa
5777	tarpaRa	Pitṛ-	pitftarpaRa
5784	tala	A-	atala
5784	tala	Adhas-	aDastala
5784	tala	Kara-	karatala
5784	tala	Talātala	talAtala
5784	tala	Pāda-	pAdatala
5784	tala	Bhū-	BUtala
5784	tala	Mahā-	mahAtala
5784	tala	Mahī-	mahItala
5784	tala	Rasā-	rasAtala
5784	tala	Vaṭa-	vawatala
5784	tala	Vi-	vitala
5784	tala	Vṛkṣa-	vfkzatala
5784	tala	Śilā-	SilAtala
5784	tala	Su-	sutala
5784	tala	Hasta-	hastatala
5786	talatra	Sa-	satalatra
5788	talpa	Guru-	gurutalpa
5791	tavas	Sva-	svatavas
5811	tAna	Eka-	ekatAna
5813	tAntava	Śaṇa-	SaRatAntava
5816	tApa	Paścāt-	paScAttApa
5820	tApasa	Kapaṭa-	kapawatApasa
5820	tApasa	Ku-	kutApasa
5825	tAmisra	Andha-	anDatAmisra
5826	tAmbUla	Vāsa-	vAsatAmbUla
5835	tAra	Dus-	dustAra
5850	tAla	Apara-	aparatAla
5850	tAla	Eka-tāla	ekatAla
5850	tAla	Kāṃsya-	kAMsyatAla
5850	tAla	Tala-	talatAla
5850	tAla	Manas-	manastAla
5850	tAla	Su-rata-	suratatAla
5858	tAvant	Dvis-	dvistAvant
5861	tiktaka	Kaṭu-	kawutiktaka
5874	tiTi	Dus-	dustiTi
5880	timiMgila	Timi-	timitimiMgila
5881	timira	Nis-	nistimira
5887	tiraScIna	Ā-	AtiraScIna
5921	tIkzRa	Su-	sutIkzRa
5927	tIrTa	Apsaras-	apsarastIrTa
5927	tIrTa	Dus-	dustIrTa
5927	tIrTa	Sa-	satIrTa
5952	tuRqa	Kaṅka-	kaNkatuRqa
5952	tuRqa	Siṃha-	siMhatuRqa
5982	tulA	A-tula	atula
5982	tulA	Kūṭa-	kUwatulA
5983	tulya	Māsa-	mAsatulya
5983	tulya	Śarīra-	SarIratulya
5989	tuz	A-	atuz
5989	tuz	Dus-saṃtuṣṭa	dussaMtuzwa
5989	tuz	Su-	sutuz
5999	tURa	Pūrṇa-	pUrRatURa
6009	tUla	Haṃsa-	haMsatUla
6033	tfpti	Ati-	atitfpti
6037	tfz	Mṛga-	mfgatfz
6037	tfz	Sa-	satfz
6038	tfzA	Mṛga-	mfgatfzA
6040	tfzRA	Ati-	atitfzRA
6040	tfzRA	Ati-tṛṣṇa	atitfzRa
6040	tfzRA	Mṛga-	mfgatfzRA
6040	tfzRA	Vi-	vitfzRA
6040	tfzRA	Sa-tṛṣṇa + m	satfzRam
6043	tF	Dus-	dustF
6045	tejana	Agni-jvalita-	agnijvalitatejana
6046	tejas	A-mita-	amitatejas
6046	tejas	Tigma-	tigmatejas
6046	tejas	Nis-	nistejas
6046	tejas	Mahā-	mahAtejas
6046	tejas	Brahmatejas	brahmatejas
6046	tejas	Māṃsa-	mAMsatejas
6046	tejas	Samāna-	samAnatejas
6046	tejas	Su-	sutejas
6053	tejomaya	Sarva-	sarvatejomaya
6053	tejomaya	Brahma-tejomaya	brahmatejomaya
6067	tEla	Gandha-	ganDatEla
6067	tEla	Tila-	tilatEla
6082	toya	Antastoya	antastoya
6082	toya	Nis-	nistoya
6088	toraRa	Ud-	uttoraRa
6088	toraRa	Kautuka-	kOtukatoraRa
6091	toza	Dus-	dustoza
6100	tyaj	Tanu-	tanutyaj
6102	tyAga	Ātmatyāya	AtmatyAya
6102	tyAga	Tanu-	tanutyAga
6102	tyAga	Deha-	dehatyAga
6102	tyAga	Sthāna-	sTAnatyAga
6105	tyAgin	Ātmatyāgin	AtmatyAgin
6114	trapa	A-trapa	atrapa
6118	traya	Agni-	agnitraya
6123	trayodaSan	Ardha-	arDatrayodaSan
6126	tras	A-trasta	atrasta
6131	trasnu	A-	atrasnu
6131	trasnu	An-ati-	anatitrasnu
6133	trARa	Aṅguli-	aNgulitrARa
6133	trARa	Tala-	talatrARa
6133	trARa	Pāda-	pAdatrARa
6134	trAtf	Makha-	maKatrAtf
6135	trAman	Su-	sutrAman
6136	trAsa	Jala-	jalatrAsa
6138	trAsin	Jala-	jalatrAsin
6140	triMSa	Catustṛṃśa	catustfMSa
6140	triMSa	Dvā-	dvAtriMSa
6140	triMSa	Pañcatriṃśa	paYcatriMSa
6141	triMSat	Dvā-	dvAtriMSat
6141	triMSat	Ṣaṭ-triṃśat	zawtriMSat
6171	tretA	Agni-	agnitretA
6215	tvarA	A-	atvarA
6215	tvarA	Sa-tvara	satvara
6234	daMSa	Vṛka-	vfkadaMSa
6234	daMSa	Vṛṣa-daṃś + a	vfzadaMSa
6235	daMSaka	Sa-	sadaMSaka
6237	daMSita	Su-	sudaMSita
6238	daMzwra	Ayas-	ayasdaMzwra
6238	daMzwra	Tīkṣṇa-	tIkzRadaMzwra
6238	daMzwra	Puṣpa-	puzpadaMzwra
6238	daMzwra	Sthira-	sTiradaMzwra
6241	daMsas	Su-	sudaMsas
6247	dakziRa	A-dakṣiṇa	adakziRa
6247	dakziRa	A-bhaya-dakṣiṇā	aBayadakziRA
6247	dakziRa	Pūrva-	pUrvadakziRa
6247	dakziRa	Prāṇa-dakṣiṇā	prARadakziRA
6247	dakziRa	Bhūri-dakṣiṇa	BUridakziRa
6247	dakziRa	Sa-dakṣiṇa	sadakziRa
6257	daRq	A-daṇḍya	adaRqya
6258	daRqa	Ud-	uddaRqa
6258	daRqa	Khara-	KaradaRqa
6258	daRqa	Tri-	tridaRqa
6258	daRqa	Dhana-	DanadaRqa
6258	daRqa	Dhik-	DikdaRqa
6258	daRqa	Manas-	manasdaRqa
6258	daRqa	Mahā-	mahAdaRqa
6258	daRqa	Rājanirdhūta-	rAjanirDUtadaRqa
6258	daRqa	Vāgdaṇḍa	vAgdaRqa
6258	daRqa	Vāṇa-	vARadaRqa
6258	daRqa	Vīṇā-	vIRAdaRqa
6259	daRqaka	Tri-	tridaRqaka
6264	daRqin	Tri-	tridaRqin
6277	danta	Īśā-	ISAdanta
6277	danta	Catur-	caturdanta
6277	danta	Nāga-	nAgadanta
6277	danta	Puṣpa-	puzpadanta
6277	danta	Rājad˚	rAjad˚
6277	danta	Hastid˚	hastid˚
6278	dantaka	Nāga-	nAgadantaka
6291	daBra	A-	adaBra
6292	dam	Dus-	durdam
6293	dama	Dus-	durdama
6293	dama	Su-	sudama
6295	damana	Sarva-	sarvadamana
6299	damin	Kāma-damin + ī	kAmadaminI
6302	damBa	A-	adamBa
6302	damBa	Vīta-	vItadamBa
6306	day	Samudra-	samudraday
6306	day	Su-	suday
6307	dayA	A-daya + m	adayam
6307	dayA	Nirdaya	nirdaya
6307	dayA	Bhūta-	BUtadayA
6307	dayA	Sa-	sadayA
6311	dara	Sa-	sadara
6319	dardura	Kūpa-	kUpadardura
6320	darpa	Ati-	atidarpa
6320	darpa	Bhagna-	Bagnadarpa
6320	darpa	Sa-	sadarpa
6320	darpa	Sam-iddha-	samidDadarpa
6327	darSa	Ātmadarśa	AtmadarSa
6327	darSa	Dus-	durdarSa
6327	darSa	Su-dus-	sudurdarSa
6328	darSaka	Pāra-	pAradarSaka
6330	darSana	A-	adarSana
6330	darSana	Acchidra-	acCidradarSana
6330	darSana	Adbhuta-	adButadarSana
6330	darSana	An-ati-	anatidarSana
6330	darSana	Ātmadarśana	AtmadarSana
6330	darSana	Tulya-	tulyadarSana
6330	darSana	Dāra-	dAradarSana
6330	darSana	Dus-	durdarSana
6330	darSana	Dūra-	dUradarSana
6330	darSana	Pāra-	pAradarSana
6330	darSana	Puṇya-	puRyadarSana
6330	darSana	Bhāla-	BAladarSana
6330	darSana	Su-	sudarSana
6333	darSin	Chidra-	CidradarSin
6333	darSin	Dīrgha-	dIrGadarSin
6333	darSin	Dūra-	dUradarSin
6333	darSin	Deva-	devadarSin
6333	darSin	Dvāra-	dvAradarSin
6333	darSin	Vidhi-	viDidarSin
6333	darSin	Sama-	samadarSin
6333	darSin	Sūkṣma-	sUkzmadarSin
6334	darSivaMs	Dīrgha-	dIrGadarSivaMs
6336	dala	Dvi-	dvidala
6342	daSaka	Śata-	SatadaSaka
6347	daSana	Vajra-	vajradaSana
6348	daSama	Trayo-	trayodaSama
6348	daSama	Dvā-	dvAdaSama
6363	dah	Agni-	agnidah
6363	dah	An-agni-	anagnidah
6364	dahana	Dava-	davadahana
6366	dA	Svayam-	svayamdA
6380	dAtf	A-	adAtf
6386	dAna	A-	adAna
6386	dAna	Ati-	atidAna
6386	dAna	Ātman-	AtmandAna
6386	dAna	Udaka-	udakadAna
6386	dAna	Yoga-	yogadAna
6386	dAna	Vṛthā-	vfTAdAna
6386	dAna	Sa-	sadAna
6386	dAna	Sadā-	sadAdAna
6396	dAman	Puṣpa-dāman	puzpadAman
6403	dAya	Su-	sudAya
6404	dAyaka	Agni-	agnidAyaka
6404	dAyaka	Tāmbūla-	tAmbUladAyaka
6404	dAyaka	Viṣa-	vizadAyaka
6406	dAyAda	A-	adAyAda
6410	dAyin	Udaka-	udakadAyin
6410	dAyin	Viṣa-	vizadAyin
6411	dAra	A-	adAra
6411	dAra	Kṛta-	kftadAra
6411	dAra	Dharma-	DarmadAra
6411	dAra	Putra-	putradAra
6411	dAra	Bhū-	BUdAra
6412	dAraka	Loha-	lohadAraka
6413	dAraka	Bhartṛ-	BartfdAraka
6420	dAru	Deva-	devadAru
6421	dAruRa	Ati-	atidAruRa
6444	dAsa	A-	adAsa
6444	dAsa	Daṇḍa-	daRqadAsa
6444	dAsa	Dāsī-	dAsIdAsa
6444	dAsa	Bhakta-	BaktadAsa
6444	dAsa	Śiva-	SivadAsa
6451	dAha	Antar-	antardAha
6460	ditsu	A-	aditsu
6461	didfkzA	Jāta-gīta-didṛkṣa	jAtagItadidfkza
6465	diDizu	Agre-didhiṣū	agrediDizU
6466	dina	Adya-	adyadina
6466	dina	Dus-	durdina
6466	dina	Vāṣpa-dus-dina	vAzpadurdina
6466	dina	Hima-dus-	himadurdina
6466	dina	Su-	sudina
6471	div	Dus-	durdiv
6471	div	Muṣṭi-	muzwidiv
6476	divasa	Ardha-	arDadivasa
6476	divasa	Dus-	durdivasa
6494	diS	Pūrva-	pUrvadiS
6495	diS	Vi-	vidiS
6503	dI	A-dina	adina
6503	dI	Paridīna	paridIna
6503	dI	Sa-dīna + m	sadInam
6506	dIkzA	Yathā-dīkṣa + m	yaTAdIkzam
6507	dIDiti	Sita-	sitadIDiti
6512	dIpa	Nirvāṇa-	nirvARadIpa
6512	dIpa	Nṛpa-	nfpadIpa
6513	dIpaka	Śarvarī-	SarvarIdIpaka
6514	dIpana	Anala-	analadIpana
6516	dIpti	Gṛha-	gfhadIpti
6519	dIrGa	Su-	sudIrGa
6523	dIrGasUtratA	A-	adIrGasUtratA
6525	dIrGikA	Sura-	suradIrGikA
6529	duHKa	A-	aduHKa
6529	duHKa	Antar-	antarduHKa
6529	duHKa	Sama-	samaduHKa
6529	duHKa	Su-duṣkha	suduzKa
6533	duHKita	Ati-duṣ-khita	atiduzKita
6533	duHKita	Su-	suduHKita
6541	duGa	Droṇa-	droRaduGa
6565	durga	Giri-	giridurga
6587	durlaBa	Su-	sudurlaBa
6602	duz	A-	aduz
6602	duz	Su-	suduz
6602	duz	Vāgd˚	vAgd˚
6618	dustyaja	Su-	sudustyaja
6619	duh	Vitta-	vittaduh
6621	duha	Dus-	durduha
6625	dUta	Megha-	meGadUta
6625	dUta	Praśna-dūtī	praSnadUtI
6626	dUtaka	Yama-	yamadUtaka
6630	dUra	A-	adUra
6630	dUra	Ati-, ˚ram	ati, ˚ram
6630	dUra	Kiyad-dūra	kiyaddUra
6630	dUra	Vi-	vidUra
6630	dUra	A-vi	avi
6630	dUra	Su-	sudUra
6632	dUratas	A-	adUratas
6644	df	An-	andf
6644	df	Atyādṛta	atyAdfta
6663	dfS	Divya-	divyadfS
6663	dfS	Bhāla-	BAladfS
6663	dfS	Mṛga-	mfgadfS
6663	dfS	Mṛgī-	mfgIdfS
6663	dfS	Sama-	samadfS
6663	dfS	Su-	sudfS
6671	dfzwi	A-	adfzwi
6671	dfzwi	Adhas-	aDasdfzwi
6671	dfzwi	Eka-	ekadfzwi
6678	deva	A-	adeva
6678	deva	Ati-	atideva
6678	deva	Devātideva	devAtideva
6678	deva	Kāma-	kAmadeva
6678	deva	Kāvya-devī	kAvyadevI
6678	deva	Kṣiti-	kzitideva
6678	deva	Gṛha-devī	gfhadevI
6678	deva	Jana-	janadeva
6678	deva	Deva-	devadeva
6678	deva	Nara-	naradeva
6678	deva	Pūrva-	pUrvadeva
6678	deva	Bala-	baladeva
6678	deva	Bhūmi-	BUmideva
6678	deva	Mahā-	mahAdeva
6678	deva	Rāma-	rAmadeva
6678	deva	Vasu-	vasudeva
6678	deva	Vāgdevī	vAgdevI
6678	deva	Vāma-	vAmadeva
6678	deva	Viśva-	viSvadeva
6678	deva	Vīra-	vIradeva
6678	deva	Su-devī	sudevI
6680	devatA	Adhi-	aDidevatA
6680	devatA	Abhīṣṭa-	aBIzwadevatA
6680	devatA	Kula-	kuladevatA
6680	devatA	Kṣiti-	kzitidevatA
6680	devatA	Kṣetra-	kzetradevatA
6680	devatA	Gṛha-	gfhadevatA
6680	devatA	Pati-	patidevatA
6680	devatA	Para-	paradevatA
6680	devatA	Pārva-	pArvadevatA
6680	devatA	Yama-	yamadevatA
6680	devatA	Yoni-	yonidevatA
6680	devatA	Vasu-	vasudevatA
6680	devatA	Saubhāgya-	sOBAgyadevatA
6680	devatA	Sthali-	sTalidevatA
6682	devatva	Nara-	naradevatva
6698	deSa	A-	adeSa
6698	deSa	Eka-	ekadeSa
6698	deSa	Tanū-	tanUdeSa
6698	deSa	Diś-	diSdeSa
6698	deSa	Para-	paradeSa
6698	deSa	Pūrva-	pUrvadeSa
6698	deSa	Madhya-	maDyadeSa
6698	deSa	Vi-	videSa
6698	deSa	Sa-	sadeSa
6706	deSya	A-	adeSya
6706	deSya	Tad-	taddeSya
6706	deSya	Nānā-	nAnAdeSya
6708	deha	Ūrdhva-	UrDvadeha
6708	deha	Pūrva-	pUrvadeha
6714	dEteya	A-	adEteya
6718	dEva	Adhi-	aDidEva
6718	dEva	Dus-	durdEva
6721	dEvata	Adhi-	aDidEvata
6721	dEvata	Pitṛ-	pitfdEvata
6737	doza	Anna-	annadoza
6737	doza	Karmadoṣa	karmadoza
6737	doza	Grahaṇī-	grahaRIdoza
6737	doza	Dṛṣṭa-	dfzwadoza
6737	doza	Pāna-	pAnadoza
6737	doza	Vāgd˚	vAgd˚
6737	doza	Svapna-	svapnadoza
6741	dozavant	A-	adozavant
6746	doha	Kāṃsya-	kAMsyadoha
6749	dohana	Go-	godohana
6786	dyuti	A-mita-	amitadyuti
6786	dyuti	Gharma-	Garmadyuti
6786	dyuti	Tuhina-	tuhinadyuti
6786	dyuti	Mahā-	mahAdyuti
6786	dyuti	Hima-	himadyuti
6789	dyumna	Indra-	indradyumna
6794	dyota	Cintya-	cintyadyota
6799	draNga	Srava-	sravadraNga
6804	drava	Amṛta-	amftadrava
6810	dravya	A-	adravya
6810	dravya	Apa-	apadravya
6810	dravya	Nis-	nirdravya
6810	dravya	Sītā-	sItAdravya
6836	druma	Kalpa-	kalpadruma
6836	druma	Grāma-	grAmadruma
6836	druma	Chāyā-	CAyAdruma
6836	druma	Sa-parvata-vana-	saparvatavanadruma
6839	druh	A-drudgha	adrudGa
6845	droRa	Saha-droṇa	sahadroRa
6845	droRa	Snāna-droṇī	snAnadroRI
6847	droha	A-	adroha
6847	droha	Nis-	nirdroha
6853	dvaMdva	Nis-	nirdvaMdva
6857	dvaya	A-	advaya
6867	dvAra	A-	advAra
6867	dvAra	Gaṅgā-	gaNgAdvAra
6867	dvAra	Gala-	galadvAra
6867	dvAra	Giri-	giridvAra
6867	dvAra	Pakṣa-	pakzadvAra
6867	dvAra	Śakṛddv˚	Sakfddv˚
6867	dvAra	Siṃha-	siMhadvAra
6876	dvija	A-	advija
6881	dvitIya	A-	advitIya
6887	dvipa	Gandha-	ganDadvipa
6887	dvipa	Maru-	marudvipa
6887	dvipa	Sura-	suradvipa
6893	dviz	Pura-	puradviz
6895	dvIpa	Kuśa-	kuSadvIpa
6895	dvIpa	Gaṇa-	gaRadvIpa
6895	dvIpa	Jambū-	jambUdvIpa
6895	dvIpa	Jala-	jaladvIpa
6895	dvIpa	Nāga-	nAgadvIpa
6909	dvEta	A-	advEta
6913	dvEDya	A-	advEDya
6925	Dana	A-	aDana
6925	Dana	Antar-	antarDana
6925	Dana	Alam-	alamDana
6925	Dana	Alpa-	alpaDana
6925	Dana	Kanyā-	kanyADana
6925	Dana	Go-	goDana
6925	Dana	Tapodhana	tapoDana
6925	Dana	Nis-	nirDana
6925	Dana	Mahā	mahA
6925	Dana	Vidyā-	vidyADana
6925	Dana	Satya-	satyaDana
6925	Dana	Su-	suDana
6925	Dana	Hṛta-	hftaDana
6936	Danu	Sa-	saDanu
6939	Danuzmant	Mahā-	mahADanuzmant
6940	Danus	Indra-	indraDanus
6940	Danus	Puṣpa-	puzpaDanus
6940	Danus	Sa-	saDanus
6945	Danva	priya-	priyaDanva
6946	Danvan	Su-	suDanvan
6954	Dara	Gadā-	gadADara
6954	Dara	Garbha-	garBaDara
6954	Dara	Jagatī-	jagatIDara
6954	Dara	Jaṭā-	jawADara
6954	Dara	Toya-	toyaDara
6954	Dara	Daṇḍa-	daRqaDara
6954	Dara	Daṇḍa-vrata-	daRqavrataDara
6954	Dara	Dus-	durDara
6954	Dara	Dhanus	Danus
6954	Dara	Dharaṇī-	DaraRIDara
6954	Dara	Dharā-	DarADara
6954	Dara	Pakṣa-	pakzaDara
6954	Dara	Pāśa-	pASaDara
6954	Dara	Māyā-	mAyADara
6954	Dara	Rāja-mantra-	rAjamantraDara
6954	Dara	Hala-	halaDara
6960	Darma	A-	aDarma
6960	Darma	Atithi-	atiTiDarma
6960	Darma	Araṇya-	araRyaDarma
6960	Darma	Āpad-	ApadDarma
6960	Darma	Kāla-	kAlaDarma
6960	Darma	Kula-	kulaDarma
6960	Darma	Kūṭa-	kUwaDarma
6960	Darma	Go-	goDarma
6960	Darma	Grāmya-	grAmyaDarma
6960	Darma	Chadman-	CadmanDarma
6960	Darma	Jāti-	jAtiDarma
6960	Darma	Dus-	durDarma
6960	Darma	Paśu-	paSuDarma
6960	Darma	Pāṇi-	pARiDarma
6960	Darma	Yuddha-	yudDaDarma
6960	Darma	Viśeṣa-	viSezaDarma
6960	Darma	Satya-	satyaDarma
6960	Darma	Sākṣāt-	sAkzAtDarma
6960	Darma	Su-	suDarma
6960	Darma	Strī-	strIDarma
6960	Darma	Sva-	svaDarma
6961	Darmatas	Putra-	putraDarmatas
6962	Darman	Kāla-	kAlaDarman
6962	Darman	Kṣatra-	kzatraDarman
6962	Darman	Manuṣya-	manuzyaDarman
6962	Darman	Śabdādi-	SabdAdiDarman
6962	Darman	Sa-	saDarman
6969	Darmin	Sa-	saDarmin
6969	Darmin	Strī-	strIDarmin
6970	DarmizWa	A-	aDarmizWa
6972	Darmya	A-	aDarmya
6973	Darza	Dus-	durDarza
6975	DarzaRa	Dus-	durDarzaRa
6978	Dava	Menā-	menADava
6978	Dava	Vi-	viDava
6978	Dava	Sa-dhavā	saDavA
6979	Davala	Ati-	atiDavala
6980	Davalita	Sudhā-	suDADavalita
6982	DA	A-hita	ahita
6982	DA	Hita-a-hita	hitAhita
6982	DA	Su-	suDA
6983	DAtu	Giri-	giriDAtu
6983	DAtu	Gairika-	gErikaDAtu
6983	DAtu	Tri-	triDAtu
6983	DAtu	Mahā-	mahADAtu
6983	DAtu	Rakta-	raktaDAtu
6983	DAtu	Śilā-	SilADAtu
6983	DAtu	Saumya-	sOmyaDAtu
6985	DAtumant	Gairika-dhātu + mant	gErikaDAtumant
6986	DAtf	Jagat-	jagatDAtf
6992	DAnya	Ku-	kuDAnya
6992	DAnya	Dhana-	DanaDAnya
6998	DAman	A-gharma-	aGarmaDAman
6998	DAman	Tri-	triDAman
6998	DAman	Ruci-	ruciDAman
6998	DAman	Śveta-	SvetaDAman
6998	DAman	Hariṇa-	hariRaDAman
7001	DAraRa	Garbha-	garBaDAraRa
7001	DAraRa	Chattra-	CattraDAraRa
7001	DAraRa	Tulā-	tulADAraRa
7001	DAraRa	Daṇḍa-	daRqaDAraRa
7001	DAraRa	Deha-	dehaDAraRa
7001	DAraRa	Hasta-	hastaDAraRa
7002	DAraRaka	A-	aDAraRaka
7005	DArA	Kṣura-dhāra	kzuraDAra
7005	DArA	Kṛta-dhāra	kftaDAra
7005	DArA	Khara-dhāra	KaraDAra
7005	DArA	Tiryagdhāra	tiryagDAra
7005	DArA	Tikṣṇa-dhāra	tikzRaDAra
7007	DArin	Kanthā-	kanTADArin
7007	DArin	Jaṭā-	jawADArin
7007	DArin	Daṇḍa-	daRqaDArin
7007	DArin	Mantra-	mantraDArin
7007	DArin	Viśva-	viSvaDArin
7010	DArmika	A-	aDArmika
7016	DAvana	Danta-	dantaDAvana
7016	DAvana	Manaḥśilā-candana-	manaHSilAcandanaDAvana
7033	DI	Udāra-	udAraDI
7033	DI	Sādhu-	sADuDI
7033	DI	Su-	suDI
7033	DI	Sthita-	sTitaDI
7036	DIratA	A-	aDIratA
7040	Duni	Dyu-dhuni	dyuDuni
7043	Dura	Agrya-dhurā	agryaDurA
7046	Durya	Kula-dhurya	kulaDurya
7048	DU	Virya-	viryaDU
7052	DUpa	Vṛka-	vfkaDUpa
7054	DUpana	Sūpa-	sUpaDUpana
7056	DUma	vi-	viDUma
7066	DUrta	Akṣa-	akzaDUrta
7067	DUrtaka	Mṛga-	mfgaDUrtaka
7074	DUsara	Krama-	kramaDUsara
7078	Dfk	Daṇḍa-	daRqaDfk
7078	Dfk	Deha-	dehaDfk
7082	Dfti	A-	aDfti
7082	Dfti	Kṣmā-	kzmADfti
7082	Dfti	Śata-	SataDfti
7085	Dfz	A-dhṛṣṭa	aDfzwa
7091	Denu	Asi-	asiDenu
7091	Denu	Kāma-	kAmaDenu
7091	Denu	Kṣiti-	kzitiDenu
7093	DErya	A-	aDErya
7117	Druva	A-	aDruva
7126	Dvaja	Ud-patāka-dhvaja	utpatAkaDvaja
7126	Dvaja	Kapi-	kapiDvaja
7126	Dvaja	Kuśa-	kuSaDvaja
7126	Dvaja	Garuḍa-	garuqaDvaja
7126	Dvaja	Go-vṛṣa-	govfzaDvaja
7126	Dvaja	Jvālā-	jvAlADvaja
7126	Dvaja	Tāla-	tAlaDvaja
7126	Dvaja	Timi-	timiDvaja
7126	Dvaja	Dharma-	DarmaDvaja
7126	Dvaja	Pāra-	pAraDvaja
7126	Dvaja	Makara-	makaraDvaja
7126	Dvaja	Mahiṣa-	mahizaDvaja
7126	Dvaja	Vṛṣabha-	vfzaBaDvaja
7126	Dvaja	Sīra-	sIraDvaja
7126	Dvaja	Surā-	surADvaja
7126	Dvaja	Smara-	smaraDvaja
7129	Dvajin	Dharma-	DarmaDvajin
7134	Dvani	Siṃha-	siMhaDvani
7155	nakra	vakra-	vakranakra
7160	naKa	Agra-	agranaKa
7160	naKa	Pañcanakha	paYcanaKa
7160	naKa	Sūrpa-	sUrpanaKa
7160	naKa	Hastinakha-	hastinaKanaKa
7166	nagara	Antar-nagara	antarnagara
7166	nagara	Kāśi-nagara	kASinagara
7166	nagara	Gandharva-nagara	ganDarvanagara
7166	nagara	Vidarbha-nagarī	vidarBanagarI
7166	nagara	Śākhā-	SAKAnagara
7166	nagara	Sva-	svanagara
7177	nawa	Mahā-	mahAnawa
7187	nada	Giri-ṇadī	giriRadI
7187	nada	Dera-nadī	deranadI
7187	nada	Dyu-nadī	dyunadI
7187	nada	Naga-nadī	naganadI
7187	nada	Pañcanada	paYcanada
7187	nada	Mahā-nadī	mahAnadI
7187	nada	Svar-	svarnada
7190	nadIzRa	Ati-	atinadIzRa
7193	nanda	Sa-	sananda
7193	nanda	Su-	sunanda
7196	nandana	Arka-	arkanandana
7196	nandana	Kāśyapa-	kASyapanandana
7196	nandana	Kuru-	kurunandana
7196	nandana	Kula-	kulanandana
7196	nandana	Nalinī-	nalinInandana
7196	nandana	Bhṛgu-	Bfgunandana
7196	nandana	Raghu-	raGunandana
7212	nam	Tri-nata	trinata
7215	namaskAra	Nis-namaskāra	nirnamaskAra
7221	namra	Vi-	vinamra
7225	naya	Apa-	apanaya
7225	naya	Dus-	durnaya
7225	naya	Rāja-naya	rAjanaya
7225	naya	Su-	sunaya
7226	nayana	Tri-	trinayana
7226	nayana	Viṣama-	vizamanayana
7226	nayana	Sāśru-	sASrunayana
7226	nayana	Su-	sunayana
7229	naraka	Mahā-	mahAnaraka
7233	nartaka	Hariṇa-	hariRanartaka
7248	nava	Punar-	punarnava
7252	navata	Ekona-	ekonanavata
7252	navata	Eka-	ekanavata
7252	navata	Dvā-	dvAnavata
7252	navata	Tri-	trinavata
7252	navata	Catur-	caturnavata
7252	navata	Saptan˚	saptan˚
7252	navata	Aṣṭānavata	azwAnavata
7254	navati	Dvi-	dvinavati
7255	navatitama	Eka-, dvi-, tri-, catur-, pañcan-, ṣaṣ-, saptan-, aṣṭan-	eka, dvi, tri, catur, paYcan, zaz, saptan, azwannavatitama
7255	navatitama	Navan-	navannavatitama
7261	navanIta	Samudra-	samudranavanIta
7271	naSvara	A-	anaSvara
7280	nasya	Chinna-nasya	Cinnanasya
7282	nah	A-	anah
7285	nAka	Tri-	trinAka
7290	nAga	Diṅnāga	diNnAga
7290	nAga	Śiśu-	SiSunAga
7292	nAgara	Deva-nāgarī	devanAgarI
7303	nAqi	Garbha-nāḍī	garBanAqI
7306	nATa	A-	anATa
7306	nATa	Kāla-	kAlanATa
7306	nATa	Ku-	kunATa
7306	nATa	Gaurī-	gOrInATa
7306	nATa	Camū-	camUnATa
7306	nATa	Jagat-eka-	jagatekanATa
7306	nATa	Jagannātha	jagannATa
7306	nATa	Jīvita-	jIvitanATa
7306	nATa	Dharma-	DarmanATa
7306	nATa	Nakṣatra-	nakzatranATa
7306	nATa	Nara-	naranATa
7306	nATa	Nāki(n)-	nAki(n)nATa
7306	nATa	Prajā-	prajAnATa
7306	nATa	Prāṇa-	prARanATa
7306	nATa	Bhūmi-	BUminATa
7306	nATa	Yadu-	yadunATa
7306	nATa	Raghu-	raGunATa
7306	nATa	Rajanī-caya-	rajanIcayanATa
7306	nATa	Viśva-	viSvanATa
7306	nATa	Sa-	sanATa
7311	nAda	Bhima-	BimanAda
7311	nAda	Mahā-	mahAnAda
7311	nAda	Megha-	meGanAda
7311	nAda	Siṃha-	siMhanAda
7322	nABi	Ūrṇa-	UrRanABi
7322	nABi	Cakra-	cakranABi
7322	nABi	Nis-	nirnABi
7322	nABi	Mṛga-	mfganABi
7322	nABi	Visa-	visanABi
7322	nABi	Vṛddha-	vfdDanABi
7322	nABi	Sa-	sanABi
7325	nABya	Sa-	sanABya
7329	nAmaDeya	Puṃnāmadheya	puMnAmaDeya
7331	nAman	A-	anAman
7331	nAman	Uṣṭra-	uzwranAman
7331	nAman	Gṛhīta-	gfhItanAman
7331	nAman	Dus-	durnAman
7331	nAman	Pitṛ-	pitfnAman
7331	nAman	Mātṛ-	mAtfnAman
7331	nAman	Śyāla-	SyAlanAman
7331	nAman	Su-	sunAman
7331	nAman	Strī-	strInAman
7332	nAyaka	A-	anAyaka
7332	nAyaka	Ku-nāyaka	kunAyaka
7332	nAyaka	Kumudinī-	kumudinInAyaka
7332	nAyaka	Cakra-	cakranAyaka
7332	nAyaka	Daṇḍa-	daRqanAyaka
7332	nAyaka	Bhūta-nāyikā	BUtanAyikA
7334	nAra	Kula-nārī	kulanArI
7334	nAra	Divya-nārī	divyanArI
7334	nAra	Prakāśa-nārī	prakASanArI
7348	nAla	Nābhi-nālā	nABinAlA
7348	nAla	Yantra-nāla	yantranAla
7356	nASa	Artha-	arTanASa
7356	nASa	Citta-	cittanASa
7356	nASa	Duḥsvapna-	duHsvapnanASa
7357	nASaka	Kṛta-	kftanASaka
7357	nASaka	Vighna-	viGnanASaka
7358	nASana	Kṛta-pūrva-	kftapUrvanASana
7358	nASana	Matsya-	matsyanASana
7359	nASin	A-	anASin
7363	nAsA	Karṇa-nāsā	karRanAsA
7363	nAsA	Tiryagnāsa	tiryagnAsa
7363	nAsA	Nāga-nāsā	nAganAsA
7363	nAsA	Sthūla-nāsa	sTUlanAsa
7364	nAsikA	Agra-	agranAsikA
7364	nAsikA	Pūti-nāsika	pUtinAsika
7364	nAsikA	Rakta-nāsika	raktanAsika
7364	nAsikA	Sthūla-	sTUlanAsikA
7383	niHsvana	Sāgara-ud-bhūta-	sAgarodBUtaniHsvana
7392	nikAmatas	A-	anikAmatas
7407	niketa	A-	aniketa
7407	niketa	Catuṣpatha-niketā	catuzpaTaniketA
7408	niketana	Vairocana-	vErocananiketana
7408	niketana	Svapna-	svapnaniketana
7424	nigraha	Upastha-	upasTanigraha
7424	nigraha	Dus-	durnigraha
7424	nigraha	Su-	sunigraha
7430	niGna	Vāyu-	vAyuniGna
7441	nitya	A-	anitya
7441	nitya	Ātmanitya	Atmanitya
7441	nitya	Tapo-nitya	taponitya
7442	nityatA	A-	anityatA
7443	nityatva	A-	anityatva
7447	nid	A-	anid
7458	nidrA	A-	anidrA
7458	nidrA	Ati-nidra	atinidra
7458	nidrA	Apa-	apanidrA
7458	nidrA	Unnidra	unnidra
7458	nidrA	Yoga-nidrā	yoganidrA
7458	nidrA	Yogi(n)-	yogi(n)nidrA
7458	nidrA	Vi-	vinidrA
7464	niDAna	Daṇḍa-	daRqaniDAna
7465	niDi	Ambu-	ambuniDi
7465	niDi	Kalā-	kalAniDi
7465	niDi	Jala-	jalaniDi
7465	niDi	Tapas-	tapasniDi
7465	niDi	Tejas-	tejasniDi
7465	niDi	Payas-	payasniDi
7465	niDi	Śila-jñāna-	SilajYAnaniDi
7468	ninada	Su-	suninada
7481	nipAta	Dhārā-	DArAnipAta
7485	nipAna	A-	anipAna
7491	nibanDana	Artha-	arTanibanDana
7491	nibanDana	Strī-	strInibanDana
7501	nimitta	A-	animitta
7501	nimitta	Atonimitta + m	atonimittam
7501	nimitta	Kim-	kimnimitta
7501	nimitta	Kutonimitta	kutonimitta
7501	nimitta	Dus-	durnimitta
7502	nimittatas	A-	animittatas
7503	nimiz	A-	animiz
7504	nimiza	A-	animiza
7508	nimeza	A-	animeza
7510	nimnagA	Giri-	girinimnagA
7517	niyama	Sa-	saniyama
7524	niyoga	A-	aniyoga
7525	niyogin	A-	aniyogin
7532	niraya	Tiryaṅniraya	tiryaNniraya
7573	nirGAta	Sa-	sanirGAta
7575	nirGoza	Mahā-megha-ogha-	mahAmeGauGanirGoza
7587	nirdaSa	A-	anirdaSa
7590	nirdeSa	A-	anirdeSa
7598	nirBeda	A-	anirBeda
7620	niryAtana	Vaira-	vEraniryAtana
7642	nirvfti	Pari-	parinirvfti
7644	nirveda	A-	anirveda
7644	nirveda	Sa-nirveda + m	sanirvedam
7674	nivAsa	Kva-	kvanivAsa
7684	niveSana	Antar-	antarniveSana
7688	niS	Dyu-	dyuniS
7688	niS	Mahā-	mahAniS
7692	niSA	Mahā-	mahAniSA
7695	niScaya	Eka-	ekaniScaya
7717	nizevin	Hrī-	hrInizevin
7751	nizpeza	Vajra-	vajranizpeza
7759	nisUdaka	Krauñca-	krOYcanisUdaka
7765	nistriMSa	Baddha-	badDanistriMSa
7778	nIca	Ucca-	uccanIca
7778	nIca	Mahā-	mahAnIca
7782	nIqa	Eka-	ekanIqa
7782	nIqa	Sa-	sanIqa
7784	nIti	A-	anIti
7784	nIti	Daṇḍa-	daRqanIti
7784	nIti	Rāja-nīti	rAjanIti
7784	nIti	Su-	sunIti
7786	nITa	Su-	sunITa
7788	nIra	Kṣīra-	kzIranIra
7797	nIla	Ā-	AnIla
7797	nIla	Indra-	indranIla
7797	nIla	Kāṃsya-	kAMsyanIla
7797	nIla	Makā-	makAnIla
7797	nIla	Rāja(n)-	rAja(n)nIla
7803	nIvi	Toya-nīvī	toyanIvI
7825	nfpa	Dus-	durnfpa
7828	nfSaMsa	A-	anfSaMsa
7828	nfSaMsa	Su-	sunfSaMsa
7829	nfSaMsatA	A-	anfSaMsatA
7839	netra	A-yugma-	ayugmanetra
7839	netra	Sahasra-	sahasranetra
7839	netra	Pari-	parinetra
7844	nemi	A-riṣṭa-	arizwanemi
7844	nemi	Kāla-	kAlanemi
7906	nyAya	A-	anyAya
7909	nyAsa	Caraṇa-	caraRanyAsa
7919	pakva	A-	apakva
7919	pakva	An-ati-pakva	anatipakva
7919	pakva	Kāla-	kAlapakva
7923	pakza	A-jāta-	ajAtapakza
7923	pakza	Kāka-	kAkapakza
7923	pakza	Kṛṣṇa-	kfzRapakza
7923	pakza	Keśa-	keSapakza
7923	pakza	Tri-	tripakza
7923	pakza	pūrva-	pUrvapakza
7923	pakza	Bhūmi-	BUmipakza
7923	pakza	Mahā-	mahApakza
7923	pakza	Vi-	vipakza
7923	pakza	Śatru-	Satrupakza
7923	pakza	Śukla-	Suklapakza
7923	pakza	Sa-	sapakza
7923	pakza	Sva-	svapakza
7931	pakzin	Jala-	jalapakzin
7934	pakzman	Ud-	utpakzman
7937	paNkaja	Sa-	sapaNkaja
7942	paNkti	Pada-	padapaNkti
7953	paYcaka	Pañcap˚	paYcap˚
7963	paYcama	Ardha-	arDapaYcama
7976	paYcASa	Eka-	ekapaYcASa
7976	paYcASa	Dvā-	dvApaYcASa
7976	paYcASa	Tri-	tripaYcASa
7976	paYcASa	Catuḥpañcāśa	catuHpaYcASa
7976	paYcASa	Pañcapañcāśa	paYcapaYcASa
7977	paYcASat	Dvā-	dvApaYcASat
7977	paYcASat	Catuḥpañcāśat	catuHpaYcASat
7980	paYcASattama	Eka-	ekapaYcASattama
7980	paYcASattama	Tri-	tripaYcASattama
7985	pawa	Ūrṇa-	UrRapawa
7985	pawa	Kāṇḍa-	kARqapawa
7985	pawa	Ku-	kupawa
7985	pawa	Citra-	citrapawa
7985	pawa	Dhvaja-	Dvajapawa
7985	pawa	Pracchada-	pracCadapawa
7985	pawa	Mukha-	muKapawa
7985	pawa	Srastottara-	srastottarapawa
7988	pawala	Akṣa-	akzapawala
7988	pawala	Abhra-	aBrapawala
7988	pawala	Nīla-	nIlapawala
7990	pawaha	Yaśas-	yaSaspawaha
7994	pawutva	A-	apawutva
7996	pawwa	Aṃśu-	aMSupawwa
7996	pawwa	Citra-	citrapawwa
7996	pawwa	Cīna-	cInapawwa
7996	pawwa	Tāmra-	tAmrapawwa
7996	pawwa	Rājapaṭṭa	rAjapawwa
7996	pawwa	Lalāṭa-	lalAwapawwa
7996	pawwa	Vaktra-	vaktrapawwa
7996	pawwa	Vīra-	vIrapawwa
7996	pawwa	Śilā-	SilApawwa
7997	pawwaka	Śilā-	SilApawwaka
8006	paR	Kara-	karapaR
8006	paR	Masi-	masipaR
8006	paR	Yathāpaṇya + m	yaTApaRyam
8008	paRa	Ardha-	arDapaRa
8008	paRa	Dāsa-	dAsapaRa
8020	pat	Sāvitrī-	sAvitrIpat
8030	patAkA	Sa-patāka	sapatAka
8032	pati	A-	apati
8032	pati	Anna-	annapati
8032	pati	Ap-	appati
8032	pati	Ambu-	ambupati
8032	pati	Artha-	arTapati
8032	pati	Avani-	avanipati
8032	pati	Aśva-	aSvapati
8032	pati	Uḍu-	uqupati
8032	pati	Umā-	umApati
8032	pati	Urvī-	urvIpati
8032	pati	Oṣadhi-	ozaDipati
8032	pati	Oṣadhī-	ozaDIpati
8032	pati	Kula-	kulapati
8032	pati	Kratu-	kratupati
8032	pati	Kṣiti-	kzitipati
8032	pati	Gaṇa-	gaRapati
8032	pati	Gṛha-	gfhapati
8032	pati	Go-	gopati
8032	pati	Gaurī-	gOrIpati
8032	pati	Graha-	grahapati
8032	pati	Camū-	camUpati
8032	pati	Jagat-	jagatpati
8032	pati	Jagatī-	jagatIpati
8032	pati	Tārā-	tArApati
8032	pati	Tridaśa-	tridaSapati
8032	pati	Dāna-	dAnapati
8032	pati	Dina-	dinapati
8032	pati	Deva-	devapati
8032	pati	Dvāra-	dvArapati
8032	pati	Nada-nadī-	nadanadIpati
8032	pati	Nidhi-	niDipati
8032	pati	Nṛ-	nfpati
8032	pati	Paśu-	paSupati
8032	pati	Pitṛ-	pitfpati
8032	pati	Prajā-	prajApati
8032	pati	Prāṇa-	prARapati
8032	pati	Phaṇipati	PaRipati
8032	pati	Bhavānī-	BavAnIpati
8032	pati	Bhāṇḍa-	BARqapati
8032	pati	Aānā-bhāṇḍa-	aAnABARqapati
8032	pati	Bhū-	BUpati
8032	pati	Bhūmī-	BUmIpati
8032	pati	Bhṛgu-	Bfgupati
8032	pati	Bhoga-	Bogapati
8032	pati	Mahī-	mahIpati
8032	pati	Mṛga-	mfgapati
8032	pati	Raghu-	raGupati
8032	pati	Rati-	ratipati
8032	pati	Śacī-	SacIpati
8032	pati	Śālva-	SAlvapati
8032	pati	Śrī-	SrIpati
8032	pati	Sabhā-	saBApati
8032	pati	Sindhu-	sinDupati
8032	pati	Senā-	senApati
8032	pati	Svarga-	svargapati
8045	patnI	Eka-	ekapatnI
8045	patnI	Guru-	gurupatnI
8045	patnI	Deva-	devapatnI
8045	patnI	Dharma-	DarmapatnI
8045	patnI	Sa-	sapatnI
8048	patra	Arka-	arkapatra
8048	patra	Kaṅka-	kaNkapatra
8048	patra	Kara-	karapatra
8048	patra	Tvak-patra	tvakpatra
8048	patra	Danta-	dantapatra
8048	patra	Niṣ-patra	nizpatra
8048	patra	Bhūrja-	BUrjapatra
8048	patra	Yuga-	yugapatra
8048	patra	Śata-	Satapatra
8048	patra	Satp˚	satp˚
8048	patra	Svaccha-	svacCapatra
8049	patraka	Karṇa-patraka	karRapatraka
8049	patraka	Yuga-	yugapatraka
8051	patrin	Kaṅka-	kaNkapatrin
8051	patrin	Puṣpa-	puzpapatrin
8056	paTin	Ardha-	arDapaTin
8056	paTin	Dharma-	DarmapaTin
8056	paTin	Saha-	sahapaTin
8057	paTya	A-	apaTya
8060	pad	A-pad	apad
8060	pad	Eka-pad	ekapad
8060	pad	Catuṣpād	catuzpAd
8060	pad	Tīrtha-pad	tIrTapad
8060	pad	Tri-pad	tripad
8060	pad	Dvi-pad	dvipad
8060	pad	Sakasra-pād	sakasrapAd
8061	pada	A-	apada
8061	pada	Āśrama-	ASramapada
8061	pada	Eka-	ekapada
8061	pada	Kṣetra-	kzetrapada
8061	pada	Citra-	citrapada
8061	pada	Jana-	janapada
8061	pada	Tri-	tripada
8061	pada	Druta-	drutapada
8061	pada	Dvi-	dvipada
8061	pada	Pañcapada	paYcapada
8061	pada	Bhādra-	BAdrapada
8061	pada	Bhū-	BUpada
8061	pada	Viṣṇu-	vizRupada
8063	padavI	Ghana-	GanapadavI
8063	padavI	Viveka-	vivekapadavI
8063	padavI	Smarana-	smaranapadavI
8063	padavI	Hāsya-	hAsyapadavI
8070	padAntara	A-padāntara + m	apadAntaram
8073	padDati	Pāda-	pAdapadDati
8074	padma	Abhi-	aBipadma
8074	padma	Bhrātṛ-padma-vana	BrAtfpadmavana
8074	padma	Mahā-	mahApadma
8074	padma	Sa-	sapadma
8091	pannaga	Sa-pannaga	sapannaga
8094	payas	Apa-	apapayas
8094	payas	Gharma-	Garmapayas
8104	para	Tatpara	tatpara
8104	para	Daiva-	dEvapara
8104	para	Māna-	mAnapara
8104	para	Vigraha-	vigrahapara
8108	paratA	Tad-para + tā	tatparatA
8122	paraMpara	Karṇa-	karRaparaMpara
8125	paravant	A-dharma-	aDarmaparavant
8131	paras	Parorajas	parorajas
8169	parikara	Sa-	saparikara
8181	parikriyA	Agni-	agniparikriyA
8189	pariKA	Khāta-gambhira-parikha	KAtagamBirapariKa
8193	parigraha	Duṣparigraha	duzparigraha
8193	parigraha	Niṣp˚	nizp˚
8219	paricCada	Agni-	agniparicCada
8219	paricCada	Sa-	saparicCada
8220	paricCeda	Bhāṣā-	BAzAparicCeda
8243	paritoza	A-	aparitoza
8243	paritoza	Sa-paritoṣa + m	saparitozam
8282	paripAlaka	Pṛthivī-	pfTivIparipAlaka
8348	parirakzaRa	A-	aparirakzaRa
8363	parivartin	A-	aparivartin
8372	parivAha	Sa-	saparivAha
8374	parivikrayin	Māṃsa-	mAMsaparivikrayin
8394	parivyaya	Sa-	saparivyaya
8419	parisara	Godāvarī-	godAvarIparisara
8439	parIkzA	Niṣparīkṣa	nizparIkza
8449	parus	Tri-	triparus
8450	parokza	A-	aparokza
8457	parRa	Aśva-	aSvaparRa
8457	parRa	Ṛtu-	ftuparRa
8457	parRa	Tāmra-parṇī	tAmraparRI
8457	parRa	Śrī-	SrIparRa
8457	parRa	Saptap˚	saptap˚
8457	parRa	Su-	suparRa
8457	parRa	Tri-su-	trisuparRa
8457	parRa	Sūpa-	sUpaparRa
8468	paryanta	A-	aparyanta
8493	parvaRa	Karma-parvaṇī	karmaparvaRI
8494	parvata	Agni-	agniparvata
8494	parvata	Amara-	amaraparvata
8494	parvata	Uttara-	uttaraparvata
8494	parvata	Jambu-	jambuparvata
8495	parvatIya	A-	aparvatIya
8496	parvan	A-	aparvan
8501	pala	Daśa(n)-	daSa(n)pala
8508	palASa	Sa-	sapalASa
8516	pallava	Aṃśuka-	aMSukapallava
8516	pallava	Kara-	karapallava
8516	pallava	Sa-	sapallava
8522	pavana	Danta-	dantapavana
8525	pavitra	A-	apavitra
8526	pavitraka	Sa-	sapavitraka
8532	paSu	Ghṛta-	GftapaSu
8532	paSu	Deva-	devapaSu
8532	paSu	Nara-	narapaSu
8532	paSu	Nṛ-	nfpaSu
8532	paSu	Piṣṭa-	pizwapaSu
8541	paScima	A-	apaScima
8541	paScima	Dakṣiṇa-	dakziRapaScima
8546	pA	A-	apA
8553	pAMsula	Vana-	vanapAMsula
8554	pAka	Karma(n)-	karma(n)pAka
8554	pAka	Kiṃpāka	kiMpAka
8554	pAka	Kumbhī-	kumBIpAka
8554	pAka	Punaḥpāka	punaHpAka
8554	pAka	Puras-	puraspAka
8554	pAka	Havya-	havyapAka
8555	pAkaja	A-	apAkaja
8563	pANkteya	A-	apANkteya
8580	pAwala	Satā-pāṭala	satApAwala
8584	pAWa	Vandipāṭha	vandipAWa
8585	pAWaka	Dharma-	DarmapAWaka
8585	pAWaka	Nakṣatra-	nakzatrapAWaka
8585	pAWaka	Madana-	madanapAWaka
8585	pAWaka	Stuti-	stutipAWaka
8590	pARi	A-rikta-	ariktapARi
8590	pARi	Cakra-	cakrapARi
8590	pARi	Daṇḍa-	daRqapARi
8590	pARi	Dhanuṣpāṇi	DanuzpARi
8590	pARi	Rathāṅga	raTANga
8590	pARi	Vajra-	vajrapARi
8590	pARi	Śārṅga-	SArNgapARi
8603	pARqu	Puṣpa-	puzpapARqu
8603	pARqu	Vi-	vipARqu
8607	pARqura	Ā-	ApARqura
8607	pARqura	Vi-	vipARqura
8610	pAta	Asṛkpāta	asfkpAta
8610	pAta	Kūla-	kUlapAta
8610	pAta	Garbha-	garBapAta
8610	pAta	Caraṇa-	caraRapAta
8610	pAta	Dūra-	dUrapAta
8610	pAta	Dṛkpāta	dfkpAta
8610	pAta	Dhārā-	DArApAta
8610	pAta	Pakṣa-	pakzapAta
8610	pAta	Vi-pakṣa-	vipakzapAta
8610	pAta	Mahā-	mahApAta
8610	pAta	Vartma(n)-	vartma(n)pAta
8610	pAta	Vāṇa-	vARapAta
8610	pAta	Vilocana-	vilocanapAta
8612	pAtakin	Mahā-	mahApAtakin
8614	pAtana	Daṇḍa-	daRqapAtana
8614	pAtana	Dūra-	dUrapAtana
8616	pAtin	Eka-	ekapAtin
8616	pAtin	Daṇḍa-	daRqapAtin
8616	pAtin	Dūra-	dUrapAtin
8616	pAtin	Dūra-iṣu-	dUrezupAtin
8616	pAtin	Pakṣa-	pakzapAtin
8616	pAtin	Pṛṣṭha-	pfzWapAtin
8620	pAtra	A-	apAtra
8620	pAtra	Uda(n)-	uda(n)pAtra
8620	pAtra	Upakrośa-	upakroSapAtra
8620	pAtra	Tāmra-	tAmrapAtra
8620	pAtra	Dāru-	dArupAtra
8620	pAtra	Dūra-	dUrapAtra
8620	pAtra	Dhūpa-	DUpapAtra
8620	pAtra	Piṇḍa-	piRqapAtra
8620	pAtra	Pūrṇa-	pUrRapAtra
8620	pAtra	Prasāda-	prasAdapAtra
8620	pAtra	Yāna-	yAnapAtra
8620	pAtra	Viśvāsa-	viSvAsapAtra
8620	pAtra	Su-	supAtra
8626	pATeya	A-	apATeya
8631	pAda	Adhaḥpāda	aDaHpAda
8631	pAda	Aṣṭa(n)-	azwa(n)pAda
8631	pAda	Eka-	ekapAda
8631	pAda	Guru-	gurupAda
8631	pAda	Candra-	candrapAda
8631	pAda	Jala-	jalapAda
8631	pAda	Jāla-	jAlapAda
8631	pAda	Deva-	devapAda
8631	pAda	Dvi-	dvipAda
8631	pAda	Rakta-	raktapAda
8631	pAda	Śīrṇa-	SIrRapAda
8631	pAda	Sthūla-	sTUlapAda
8631	pAda	Haṃsa-	haMsapAda
8639	pAdAta	Sa-ratha-	saraTapAdAta
8642	pAdika	Ardha-	arDapAdika
8644	pAdukA	Sa-pāduka	sapAduka
8648	pAna	Vīra-pāna	vIrapAna
8648	pAna	Saha-	sahapAna
8653	pApa	A-	apApa
8653	pApa	Upa-	upapApa
8653	pApa	Dhūta-	DUtapApa
8653	pApa	Niṣpāpa	nizpApa
8653	pApa	Mahā-	mahApApa
8671	pAra	A-	apAra
8671	pAra	Duṣpāra	duzpAra
8671	pAra	Dūra-	dUrapAra
8671	pAra	Niṣpāra	nizpAra
8673	pAraga	Veda-	vedapAraga
8746	pArSvaga	Yuga-	yugapArSvaga
8754	pArzRigraha	Duṣpār˚	duzpAr˚
8755	pArzRigrAha	Duṣpār˚	duzpAr˚
8757	pAla	Aṅka-	aNkapAla
8757	pAla	Anta-	antapAla
8757	pAla	Avani-	avanipAla
8757	pAla	Udyāna-	udyAnapAla
8757	pAla	Kalpa-	kalpapAla
8757	pAla	Koṭṭa-	kowwapAla
8757	pAla	Kṣiti-	kzitipAla
8757	pAla	Kṣetra-	kzetrapAla
8757	pAla	Kṣmā-	kzmApAla
8757	pAla	Gṛha-	gfhapAla
8757	pAla	Go-	gopAla
8757	pAla	Caitya-	cEtyapAla
8757	pAla	Jagatī-	jagatIpAla
8757	pAla	Dikpāla	dikpAla
8757	pAla	Dvāra-	dvArapAla
8757	pAla	Dharma-	DarmapAla
8757	pAla	Paśu-	paSupAla
8757	pAla	Prajā-	prajApAla
8757	pAla	Bhoga-	BogapAla
8757	pAla	Loka-	lokapAla
8757	pAla	Vi-	vipAla
8757	pAla	Śiśu-	SiSupAla
8758	pAlaka	Kula-pālikā	kulapAlikA
8758	pAlaka	Go-	gopAlaka
8758	pAlaka	Daṇḍa-	daRqapAlaka
8762	pAli	Aṅka-pālī	aNkapAlI
8766	pAvana	Paṅkti-	paNktipAvana
8769	pASa	Karṇa-	karRapASa
8769	pASa	Kūṭa-	kUwapASa
8769	pASa	Keśa-	keSapASa
8769	pASa	Dharma-	DarmapASa
8769	pASa	Nāga-	nAgapASa
8769	pASa	Paśu-	paSupASa
8769	pASa	Vi-	vipASa
8780	pAzARa	Kaṣa-	kazapAzARa
8785	piNga	Eka-	ekapiNga
8785	piNga	Śveta-	SvetapiNga
8786	piNgala	Kṛṣṇa-	kfzRapiNgala
8800	piYja	Utpiñja	utpiYja
8801	piYjara	Ā-	ApiYjara
8801	piYjara	Pari-	paripiYjara
8812	piRqa	Pṛthak-	pfTakpiRqa
8812	piRqa	Saha-	sahapiRqa
8812	piRqa	A-sapiṇḍa	asapiRqa
8813	piRqaka	Bhinna-mastaka-piṇḍaka	BinnamastakapiRqaka
8819	piRqavat	Ayas-	ayaspiRqavat
8822	pitAmaha	Pūrva-	pUrvapitAmaha
8822	pitAmaha	Loka-	lokapitAmaha
8824	pitf	An-eka-	anekapitf
8824	pitf	Ku-	kupitf
8824	pitf	Sva-	svapitf
8835	pitta	Nāsā-rakta-	nAsAraktapitta
8855	piplu	Mṛga-	mfgapiplu
8863	piSAca	Sa-	sapiSAca
8864	piSAcaka	Āśā-piśācikā	ASApiSAcikA
8870	pizwapa	Tri-	tripizwapa
8875	pIWa	Pāda-	pAdapIWa
8875	pIWa	Pūga-	pUgapIWa
8875	pIWa	Bhadra-	BadrapIWa
8875	pIWa	Raṅga-	raNgapIWa
8881	pIqana	Graha-	grahapIqana
8882	pIqA	Graha-	grahapIqA
8883	pIta	Ā-	ApIta
8886	pIti	Sa-	sapIti
8886	pIti	Soma-	somapIti
8887	pITa	Go-pītha	gopITa
8905	puMs	A-	apuMs
8905	puMs	Su-puṃs + ī	supuMsI
8905	puMs	Strī-	strIpuMs
8907	puMstva	A-	apuMstva
8913	pucCa	Kāla-	kAlapucCa
8913	pucCa	Go-	gopucCa
8913	pucCa	Dadhi-	daDipucCa
8913	pucCa	Hasta-	hastapucCa
8919	puwa	Adhara-	aDarapuwa
8919	puwa	Kṛta-añjali-	kftAYjalipuwa
8919	puwa	Nayana-	nayanapuwa
8919	puwa	Nāsā-	nAsApuwa
8919	puwa	Pakṣa-	pakzapuwa
8919	puwa	Bhāṇḍa-	BARqapuwa
8919	puwa	Mūtra-	mUtrapuwa
8920	puwaka	Ghrāṇa-	GrARapuwaka
8928	puRqra	Tri-	tripuRqra
8929	puRqraka	Kṛta-tri-	kftatripuRqraka
8940	putra	A-	aputra
8940	putra	Ārya-	Aryaputra
8940	putra	Kula-	kulaputra
8940	putra	Gādhi-	gADiputra
8940	putra	Taruṇa-	taruRaputra
8940	putra	Jīva-	jIvaputra
8940	putra	Dāsyās-	dAsyAsputra
8940	putra	Dharā-	DarAputra
8940	putra	Nanda-putrī	nandaputrI
8940	putra	Niśā-	niSAputra
8940	putra	Pāṭali-	pAwaliputra
8940	putra	Marut-	marutputra
8940	putra	Rājaputra	rAjaputra
8940	putra	Lakṣmī-	lakzmIputra
8940	putra	Śilā-	SilAputra
8940	putra	Sa-	saputra
8940	putra	Satp˚	satp˚
8940	putra	Surya-	suryaputra
8941	putraka	A-	aputraka
8941	putraka	Kṛtrima-	kftrimaputraka
8941	putraka	Pāṭali-	pAwaliputraka
8941	putraka	Muni-	muniputraka
8941	putraka	Vastra-putrikā	vastraputrikA
8945	putrin	Sa-	saputrin
8951	punar	Punaḥ-punar	punaspunar
8961	pur	Tri-	tripur
8963	pura	Aṅga-purī	aNgapurI
8963	pura	Amara-pura	amarapura
8963	pura	Avanti-	avantipura
8963	pura	Kanyā-pura	kanyApura
8963	pura	Kāñcana-pura	kAYcanapura
8963	pura	Kāśi-purī	kASipurI
8963	pura	Kumārī-pura	kumArIpura
8963	pura	Kusuma-pura	kusumapura
8963	pura	Gaja-pura	gajapura
8963	pura	Gandharva-pura	ganDarvapura
8963	pura	Go-	gopura
8963	pura	Pāṇḍara-dvāra-go-	pARqaradvAragopura
8963	pura	Tri-pura	tripura
8963	pura	Daśa(n)-pura	daSa(n)pura
8963	pura	Deva-pura	devapura
8963	pura	Nāga-pura	nAgapura
8963	pura	Pañca(n)-pura	paYca(n)pura
8963	pura	Mahā-purī	mahApurI
8963	pura	Rukma-	rukmapura
8963	pura	Śākhā-	SAKApura
8963	pura	Śūra-	SUrapura
8963	pura	Hiraṇya-	hiraRyapura
8968	puraMjaya	Para-	parapuraMjaya
8975	puras	Dakṣiṇatas-puras	dakziRataspuras
8980	purARa	niṣpurāṇa	nizpurARa
8996	puruza	A-dṛṣṭa-	adfzwapuruza
8996	puruza	Antara-pūruṣa	antarapUruza
8996	puruza	Ādi-puruṣa	Adipuruza
8996	puruza	Upari-	uparipuruza
8996	puruza	Eka-	ekapuruza
8996	puruza	Kiṃpuruṣa	kiMpuruza
8996	puruza	Kula-	kulapuruza
8996	puruza	Gūḍha-	gUQapuruza
8996	puruza	Tulā-	tulApuruza
8996	puruza	Dharmādhikāripuruṣa	DarmADikAripuruza
8996	puruza	Niṣpuruṣa	nizpuruza
8996	puruza	Prakṛti-	prakftipuruza
8996	puruza	Pramāṇa-	pramARapuruza
8996	puruza	Mūla-	mUlapuruza
8996	puruza	Rakṣika-	rakzikapuruza
8996	puruza	Rāja(n)-	rAja(n)puruza
8996	puruza	Satpuruṣa	satpuruza
9007	puroga	Agni-purogama	agnipurogama
9007	puroga	Prīti-puroga	prItipuroga
9007	puroga	Yudhiṣṭhira-purogama	yuDizWirapurogama
9018	pulaka	Vi-	vipulaka
9029	puz	A-puṣṭa	apuzwa
9029	puz	Anya-	anyapuz
9029	puz	Bali-	balipuz
9031	puzkara	Tri-	tripuzkara
9036	puzkala	Su-	supuzkala
9042	puzp	Su-	supuzp
9042	puzp	Suvarṇa-	suvarRapuzp
9043	puzpa	A-	apuzpa
9043	puzpa	Abhra-	aBrapuzpa
9043	puzpa	Kha-	Kapuzpa
9043	puzpa	Gandha-	ganDapuzpa
9043	puzpa	Jīva-	jIvapuzpa
9043	puzpa	Darbha-	darBapuzpa
9043	puzpa	Nāga-	nAgapuzpa
9043	puzpa	Bhāṇḍa-	BARqapuzpa
9043	puzpa	Lakṣmī-	lakzmIpuzpa
9043	puzpa	Viṣa-	vizapuzpa
9043	puzpa	Vīja-	vIjapuzpa
9043	puzpa	Śaṅkha-puṣpī	SaNKapuzpI
9043	puzpa	Sa-	sapuzpa
9043	puzpa	Su-	supuzpa
9043	puzpa	Sūtra-	sUtrapuzpa
9060	pU	A-	apU
9060	pU	Śastra-	SastrapU
9061	pUga	Kāla-	kAlapUga
9062	pUj	Su-pūjita	supUjita
9064	pUjana	Atithi-pūjana	atiTipUjana
9066	pUjA	Agra-	agrapUjA
9066	pUjA	Atithi-	atiTipUjA
9066	pUjA	Tyakta-pūja	tyaktapUja
9084	pUra	A-pūra	apUra
9084	pUra	Ali-	alipUra
9084	pUra	Karṇa-	karRapUra
9084	pUra	Kāma-	kAmapUra
9084	pUra	Ghṛta-	GftapUra
9084	pUra	Jala-	jalapUra
9084	pUra	Duṣpūra	duzpUra
9084	pUra	Pāṇi-	pARipUra
9084	pUra	Phala-	PalapUra
9084	pUra	Su-	supUra
9085	pUraka	Phala-	PalapUraka
9086	pUraRa	Gartā-	gartApUraRa
9100	pUrva	A-	apUrva
9100	pUrva	A-dṛṣṭa-	adfzwapUrva
9100	pUrva	Adya-	adyapUrva
9100	pUrva	An-āmaya-praśna-	anAmayapraSnapUrva
9100	pUrva	Anya-	anyapUrva
9100	pUrva	A-bodha-	aboDapUrva
9100	pUrva	Aham-	ahampUrva
9100	pUrva	Tri-abda-	tryabdapUrva
9100	pUrva	Dakṣiṇa-	dakziRapUrva
9100	pUrva	Pava-	pavapUrva
9100	pUrva	Pūrva-pūrva	pUrvapUrva
9100	pUrva	Bhūta-	BUtapUrva
9100	pUrva	A-bhūta-	aBUtapUrva
9100	pUrva	Mṛdu-	mfdupUrva
9100	pUrva	Yathā-pūrvam	yaTApUrvam
9100	pUrva	Sakhi-	saKipUrva
9100	pUrva	Strī-	strIpUrva
9100	pUrva	Smita-	smitapUrva
9101	pUrvaka	An-anya-pūrvikā	ananyapUrvikA
9101	pUrvaka	Aham-pūrvikā	ahampUrvikA
9101	pUrvaka	Dārikā-dāna-	dArikAdAnapUrvaka
9101	pUrvaka	Sāmānya-pratipatti-pūrvam	sAmAnyapratipattipUrvam
9101	pUrvaka	Stri-	stripUrvaka
9115	pUrvin	A-pūrvin	apUrvin
9137	pfTak	Pṛthak-pṛthak	pfTakpfTak
9166	pfzWa	Kāṇḍa-	kARqapfzWa
9166	pfzWa	Giri-	giripfzWa
9166	pfzWa	Tri-	tripfzWa
9166	pfzWa	Loha-	lohapfzWa
9166	pfzWa	Harmya-	harmyapfzWa
9172	pF	Ā-karṇa-	AkarRapF
9172	pF	Kalā-	kalApF
9172	pF	Vīja-	vIjapF
9184	pelava	Pari-	paripelava
9186	peSala	Ati-	atipeSala
9187	peSas	Viśva-	viSvapeSas
9187	peSas	Su-	supeSas
9195	pezaRi	Yantra-peṣaṇī	yantrapezaRI
9233	poza	Paratas-	parataspoza
9234	pozaka	Vṛtti-	vfttipozaka
9249	pOtra	Putra-	putrapOtra
9250	pOtrin	Putra-	putrapOtrin
9257	pOrava	A-	apOrava
9262	pOruza	Daiva-antar-ita-	dEvAntaritapOruza
9262	pOruza	Nis-	nispOruza
9300	prakampa	A-	aprakampa
9300	prakampa	Duṣprakampa	duzprakampa
9300	prakampa	Niṣpra˚	nizpra˚
9316	prakASa	A-	aprakASa
9316	prakASa	Ati-	atiprakASa
9316	prakASa	Duṣpr˚	duzpr˚
9316	prakASa	Niṣpr˚	nizpr˚
9316	prakASa	Su-	suprakASa
9332	prakfti	Duṣ-prakṛti	duzprakfti
9350	prakzAlaka	Sadyas-	sadyasprakzAlaka
9353	prakzepaRa	Argha-	arGaprakzepaRa
9358	praKyAti	A-	apraKyAti
9362	pragarjana	Siṃha-	siMhapragarjana
9363	pragalBa	A-	apragalBa
9371	prage	Ati-	atiprage
9387	pracAra	Niṣpr˚	nizpr˚
9397	pracodin	Guṇa--cakra-	guRacakrapracodin
9415	prajA	A-praja	apraja
9415	prajA	Sakṛt-praja	sakftpraja
9424	prajYa	Dīrgha-prajña	dIrGaprajYa
9424	prajYa	Duṣprajña	duzprajYa
9424	prajYa	Sthita-	sTitaprajYa
9426	prajYAna	Duṣprajñāna	duzprajYAna
9432	praRaya	A-	apraRaya
9432	praRaya	Ati-	atipraRaya
9432	praRaya	Niṣpraṇaya	nizpraRaya
9432	praRaya	Sa-	sapraRaya
9435	praRayitA	Pāṇi-	pARipraRayitA
9436	praRayin	Pāṇi-praṇayinī	pARipraRayinI
9440	praRAma	Sa-praṇāma + m	sapraRAmam
9460	pratara	Duṣpr˚	duzpr˚
9462	pratarka	Su-	supratarka
9467	pratApa	Niṣ-pratāpa	nizpratApa
9480	pratikarman	A-	apratikarman
9484	pratikAra	A-pratikāra	apratikAra
9484	pratikAra	Niṣpratīkāra + m	nizpratIkAram
9498	pratikriyA	An-anya-pratikriya	ananyapratikriya
9498	pratikriyA	Niṣpratikriya	nizpratikriya
9513	pratiGa	A-	apratiGa
9513	pratiGa	Niṣ-pratigha	nizpratiGa
9515	pratiGAtaka	A-	apratiGAtaka
9542	pratidvaMdva	A-	apratidvaMdva
9542	pratidvaMdva	Niṣpratidvandva	nizpratidvandva
9543	pratidvaMdvin	A-	apratidvaMdvin
9557	pratipakza	Satpratipakṣa	satpratipakza
9568	pratipAdaka	A-	apratipAdaka
9579	pratibala	A-	apratibala
9586	pratiBA	Utpanna-	utpannapratiBA
9586	pratiBA	Niṣpr˚	nizpr˚
9593	pratimA	A-pratima	apratima
9593	pratimA	Devatā-pratimā	devatApratimA
9593	pratimA	Puṣpita-palāśa-	puzpitapalASapratimA
9601	pratirUpa	A-	apratirUpa
9616	prativAraRa	Duṣpr˚	duzpr˚
9636	pratizWA	A-pratiṣṭha	apratizWa
9636	pratizWA	Janmapratiṣṭhā	janmapratizWA
9636	pratizWA	Su-	supratizWA
9654	pratIka	Su-	supratIka
9661	pratIti	A-	apratIti
9663	pratIpa	Niṣpr˚	nizpr˚
9673	pratyakza	A-	apratyakza
9684	pratyaya	A-	apratyaya
9708	pratyupakAra	Punaḥpr˚	punaHpr˚
9723	prada	Puṇya-	puRyaprada
9724	pradakziRa	Abhi-pradakṣi-ṇam	aBipradakziRam
9730	pradAna	Avaskanda-	avaskandapradAna
9742	pradoza	Grahaṇī-	grahaRIpradoza
9746	praDAna	A-	apraDAna
9746	praDAna	Tad-	tatpraDAna
9746	praDAna	Dharma-	DarmapraDAna
9746	praDAna	Niṣpr˚	nizpr˚
9746	praDAna	Yathā-pradhāna + m	yaTApraDAnam
9746	praDAna	Viśuddha-sattva-	viSudDasattvapraDAna
9748	praDAnatA	A-pradhāna + tā	apraDAnatA
9759	prapAta	Giri-	giriprapAta
9759	prapAta	Jala-	jalaprapAta
9761	prapitAmaha	Vṛddha-	vfdDaprapitAmaha
9765	prabanDa	Ati-	atiprabanDa
9765	prabanDa	Kapaṭa-	kapawaprabanDa
9765	prabanDa	Dṛṣṭa-rasa-	dfzwarasaprabanDa
9771	praBava	Antara-	antarapraBava
9771	praBava	Prāñc-puṇya-	prAYcpuRyapraBava
9771	praBava	Vidveṣipr˚	vidvezipr˚
9771	praBava	Sparśa-maṇi-	sparSamaRipraBava
9774	praBA	A-cira-prabhā	acirapraBA
9774	praBA	Ātmaprabha	AtmapraBa
9774	praBA	Niṣprabha	nizpraBa
9774	praBA	Mahātgama prabhā	mahAtgama praBA
9774	praBA	Sama-prabha	samapraBa
9774	praBA	Su-	supraBA
9776	praBAva	Kiṃprabhāva	kiMpraBAva
9776	praBAva	Tathā-	taTApraBAva
9779	praBu	A-	apraBu
9779	praBu	Kim-	kimpraBu
9779	praBu	Campaka-	campakapraBu
9779	praBu	Jagat-	jagatpraBu
9781	praButva	A-	apraButva
9784	praBfti	Adya-	adyapraBfti
9784	praBfti	Tatas-	tataspraBfti
9791	pramA	A-	apramA
9792	pramARa	Ati-	atipramARa
9792	pramARa	Anu-	anupramARa
9795	pramAtAmaha	Vṛddha-	vfdDapramAtAmaha
9800	pramAda	A-	apramAda
9802	pramAdin	A-	apramAdin
9814	prayatna	A-	aprayatna
9814	prayatna	Niṣprayatna	nizprayatna
9824	prayoga	Artha-	arTaprayoga
9824	prayoga	Vidhi-	viDiprayoga
9824	prayoga	Su-	suprayoga
9827	prayojana	A-	aprayojana
9827	prayojana	Samāna-artha-	samAnArTaprayojana
9833	pralamBa	Su-	supralamBa
9834	pralaya	Mahā-	mahApralaya
9835	pralApa	Su-	supralApa
9841	pravaktf	A-	apravaktf
9843	pravaRa	Dakṣiṇā-	dakziRApravaRa
9847	pravara	Śaṅkha-	SaNKapravara
9851	pravartana	A-	apravartana
9861	pravARI	Niṣ-pravāṇi	nizpravARi
9863	pravAda	Loka-	lokapravAda
9868	pravAha	Vāri-	vAripravAha
9878	pravftti	Duṣpr˚	duzpr˚
9878	pravftti	Sneha-	snehapravftti
9880	praveka	Maṇi-	maRipraveka
9885	praveSa	Duṣpr˚	duzpr˚
9887	praveSana	Agni-	agnipraveSana
9904	praSna	Kuśala-	kuSalapraSna
9905	praSraya	Sa-praśraya + m	sapraSrayam
9909	prasakti	A-	aprasakti
9909	prasakti	Ati-	atiprasakti
9911	prasaNga	Ati-	atiprasaNga
9911	prasaNga	Kathā-	kaTAprasaNga
9911	prasaNga	Dharma-doṣa-	DarmadozaprasaNga
9911	prasaNga	Vidhi-	viDiprasaNga
9921	prasAda	Duṣprasāda	duzprasAda
9921	prasAda	Dṛṣṭi-	dfzwiprasAda
9921	prasAda	Sa-	saprasAda
9921	prasAda	Su-	suprasAda
9923	prasAdana	Duṣpr˚	duzpr˚
9924	prasADana	Duṣpr˚	duzpr˚
9929	prasU	Masi-	masiprasU
9939	prasTa	Indra-	indraprasTa
9939	prasTa	Udaya-	udayaprasTa
9939	prasTa	Khāṇḍava-	KARqavaprasTa
9939	prasTa	Hima-	himaprasTa
9940	prasTAna	Mahā-	mahAprasTAna
9956	prahAra	Tala-	talaprahAra
9956	prahAra	Pāda-	pAdaprahAra
9966	prAMSu	Ati-	atiprAMSu
9972	prAkfta	Ati-	atiprAkfta
9994	prARa	Ati-prāṇa + m	atiprARam
9994	prARa	Kṛcchra-	kfcCraprARa
9994	prARa	Gata-	gataprARa
9994	prARa	Niṣpr˚	nizpr˚
9994	prARa	Pati-	patiprARa
9994	prARa	Mahā-	mahAprARa
9994	prARa	Yaṣṭi-	yazwiprARa
10000	prARin	A-	aprARin
10003	prAtiBAvya	Darśana-	darSanaprAtiBAvya
10021	prApaRa	Duṣpr˚	duzpr˚
10024	prApti	A-	aprApti
10024	prApti	Akarmaprāpti	akarmaprApti
10024	prApti	Yathā-	yaTAprApti
10032	prAmARya	A-	aprAmARya
10035	prAya	Pra-siddha-kṣatriya-	prasidDakzatriyaprAya
10035	prAya	Priya-	priyaprAya
10035	prAya	Supta-jana-	suptajanaprAya
10035	prAya	Hiṃsā-	hiMsAprAya
10046	prArTana	Ā-lambita-	AlambitaprArTana
10046	prArTana	Sa-phala-	saPalaprArTana
10051	prAvaraRa	Karṇa-	karRaprAvaraRa
10062	prASa	Dhūma-	DUmaprASa
10063	prASana	Anna-	annaprASana
10077	priya	A-	apriya
10077	priya	Putra-	putrapriya
10077	priya	Prāṇa-	prARapriya
10077	priya	Ati-prāṇa-	atiprARapriya
10077	priya	Priyāpriya	priyApriya
10077	priya	Maru-	marupriya
10077	priya	Yavana-	yavanapriya
10077	priya	Raṇa-	raRapriya
10077	priya	Ramā-	ramApriya
10077	priya	Ravi-	ravipriya
10077	priya	Vana-	vanapriya
10077	priya	Vi-	vipriya
10077	priya	Sarva-	sarvapriya
10077	priya	Su-	supriya
10077	priya	Sura-	surapriya
10077	priya	Vṛhaspati-su-rata-	vfhaspatisuratapriya
10077	priya	Sneha-	snehapriya
10077	priya	Haya-	hayapriya
10077	priya	Hari-	haripriya
10086	prI	Su-prīta	suprIta
10087	prIti	Nirupama-rasa	nirupamarasa
10094	prekzaRa	Tiryak-	tiryakprekzaRa
10097	prekzin	Tiryak-	tiryakprekzin
10103	preman	Sthita-	sTitapreman
10103	preman	Prakṛṣṭa-	prakfzwapreman
10110	prezya	Grāma-	grAmaprezya
10133	plava	Aśma(n)-	aSma(n)plava
10133	plava	Marut-	marutplava
10138	plavana	Kuśa-	kuSaplavana
10143	plu	A-	aplu
10143	plu	Bhaya-	Bayaplu
10157	PaRa	Avākph˚	avAkP˚
10162	Pala	A-	aPala
10162	Pala	Karma(n)-	karma(n)Pala
10162	Pala	Kṛṣṭa-	kfzwaPala
10162	Pala	Kṣīṇa-	kzIRaPala
10162	Pala	Tri-	triPala
10162	Pala	Niṣph˚	nizP˚
10162	Pala	Puṇya-	puRyaPala
10162	Pala	Puraḥph˚	puraHP˚
10162	Pala	Marut-	marutPala
10162	Pala	Mahā-	mahAPala
10162	Pala	Manda-	mandaPala
10162	Pala	Muktā-	muktAPala
10162	Pala	Yathā-phala + m	yaTAPalam
10162	Pala	Vi-	viPala
10162	Pala	Śāri-	SAriPala
10162	Pala	Śrī-	SrIPala
10162	Pala	Sa-	saPala
10162	Pala	Su-	suPala
10163	Palaka	Citra-	citraPalaka
10163	Palaka	Śilā-	SilAPalaka
10188	Pena	A-	aPena
10204	baRij	Pota-	potabaRij
10219	banD	A-	abanD
10220	banDa	Aṅka-	aNkabanDa
10220	banDa	Artha-	arTabanDa
10220	banDa	Lalita-artha-	lalitArTabanDa
10220	banDa	Aśva-bandh + a	aSvabanDa
10220	banDa	Āśā-	ASAbanDa
10220	banDa	Āsana-	AsanabanDa
10220	banDa	Keśa-	keSabanDa
10220	banDa	Daśa-bandha	daSabanDa
10220	banDa	Paśu-	paSubanDa
10220	banDa	Pāṇi-	pARibanDa
10220	banDa	Pāda-	pAdabanDa
10220	banDa	Pāśa-	pASabanDa
10220	banDa	Maṇi-	maRibanDa
10220	banDa	Rāga-	rAgabanDa
10220	banDa	Vatsa-	vatsabanDa
10220	banDa	Su-	subanDa
10220	banDa	Setu-	setubanDa
10221	banDaka	Nāga-	nAgabanDaka
10221	banDaka	Pāśa-	pASabanDaka
10222	banDana	Nau-	nObanDana
10222	banDana	Pāśa-	pASabanDana
10222	banDana	Maṇi-	maRibanDana
10222	banDana	Lalita-pada-	lalitapadabanDana
10222	banDana	Sa-avaśeṣa-	sAvaSezabanDana
10222	banDana	Sā-marthya-	sAmarTyabanDana
10225	banDu	A-	abanDu
10225	banDu	Kṣatra-	kzatrabanDu
10225	banDu	Brahmabandhu	brahmabanDu
10225	banDu	Rājanya-	rAjanyabanDu
10225	banDu	Vasanta-	vasantabanDu
10226	banDura	A-	abanDura
10228	banDya	A-	abanDya
10237	barha	Citra-	citrabarha
10239	barhin	Citra-	citrabarhin
10243	bala	A-	abala
10243	bala	Balābala	balAbala
10243	bala	Ati-	atibala
10243	bala	A-mogha-	amoGabala
10243	bala	Kim-	kimbala
10243	bala	Tuṅga-	tuNgabala
10243	bala	Durbala	durbala
10243	bala	Nāga-	nAgabala
10243	bala	Pari-dus-	paridurbala
10243	bala	Mahā-	mahAbala
10243	bala	Yatha-bala + m	yaTabalam
10243	bala	Vṛhadb˚	vfhadb˚
10243	bala	Sa-	sabala
10243	bala	Su-mahā-	sumahAbala
10252	bali	Gṛha-bali	gfhabali
10252	bali	Tri-balī	tribalI
10252	bali	Sa-bali	sabali
10252	bali	Sa-puṣpa-	sapuzpabali
10263	bahu	A-bhūyiṣṭha	aBUyizWa
10263	bahu	Samāpta-bhūyiṣṭha	samAptaBUyizWa
10263	bahu	Su-bahu	subahu
10282	bADa	A-bādha	abADa
10282	bADa	Para-loka-	paralokabADa
10282	bADa	Prāṇa-bādha	prARabADa
10282	bADa	Madana-	madanabADa
10282	bADa	Sa-	sabADa
10286	bAnDava	A-	abAnDava
10286	bAnDava	Hata-	hatabAnDava
10287	bAla	Dus-	durbAla
10290	bAlaDi	Vakra-	vakrabAlaDi
10292	bAliSa	A-	abAliSa
10295	bAluka	Tapta-bāluka	taptabAluka
10295	bAluka	Rakta-bāluka	raktabAluka
10301	bAhu	Ud-	udbAhu
10301	bAhu	Catur-	caturbAhu
10301	bAhu	Dīrgha-	dIrGabAhu
10301	bAhu	Pṛthu-	pfTubAhu
10301	bAhu	Maha-	mahabAhu
10301	bAhu	Su-	subAhu
10310	bimba	Abhi-arka-bimba + m	aByarkabimbam
10310	bimba	Indu-	indubimba
10310	bimba	Nitamba-	nitambabimba
10310	bimba	Ratha-aṅga-croni-vimba	raTANgacronivimba
10310	bimba	Hasta-	hastabimba
10311	bimbita	Prati-	pratibimbita
10320	bIBatsa	Ati-	atibIBatsa
10328	budDi	A-	abudDi
10328	budDi	Ati-manuṣya-	atimanuzyabudDi
10328	budDi	Apekṣā-	apekzAbudDi
10328	budDi	Kṣudra-	kzudrabudDi
10328	budDi	Durb˚	durb˚
10328	budDi	Duṣṭa-	duzwabudDi
10328	budDi	Droha-	drohabudDi
10328	budDi	Dharma-	DarmabudDi
10328	budDi	Nirb˚	nirb˚
10328	budDi	Pāpa-	pApabudDi
10328	budDi	Bheda-	BedabudDi
10328	budDi	Manda-	mandabudDi
10328	budDi	Su-manda-	sumandabudDi
10328	budDi	Mahā-	mahAbudDi
10328	budDi	Vikṛta-	vikftabudDi
10328	budDi	Vita-viruddha-	vitavirudDabudDi
10328	budDi	Su-	subudDi
10332	buD	A-	abuD
10333	buDa	A-	abuDa
10333	buDa	Durb˚	durb˚
10351	boDa	A-	aboDa
10351	boDa	Ātmabodha	AtmaboDa
10351	boDa	Durb˚	durb˚
10351	boDa	Su-	suboDa
10363	brahmaRya	A-	abrahmaRya
10367	brahman	A-	abrahman
10367	brahman	Mahā-	mahAbrahman
10367	brahman	Śabda-	Sabdabrahman
10367	brahman	Su-	subrahman
10377	brAhmaRa	A-	abrAhmaRa
10377	brAhmaRa	Go-	gobrAhmaRa
10379	brAhmaRya	Sva-brāhmaṇyā	svabrAhmaRyA
10384	Bakta	Eka-	ekaBakta
10384	Bakta	Caturtha-	caturTaBakta
10386	Bakti	Kṣetra-	kzetraBakti
10386	Bakti	Dṛgbhakti	dfgBakti
10389	Bakz	A-	aBakz
10389	Bakz	Sarva-	sarvaBakz
10390	Bakza	Vāyu-	vAyuBakza
10390	Bakza	Sarva-	sarvaBakza
10392	BakzaRa	Vāyu-	vAyuBakzaRa
10394	Baga	Durbh˚	durB˚
10394	Baga	Su-	suBaga
10400	BaginI	Dharma-	DarmaBaginI
10404	BaNga	Asu-	asuBaNga
10404	BaNga	Utsāha-	utsAhaBaNga
10404	BaNga	Gṛha-	gfhaBaNga
10404	BaNga	Daṇḍa-	daRqaBaNga
10404	BaNga	Danta-	dantaBaNga
10404	BaNga	Durbh˚	durB˚
10404	BaNga	Patra-	patraBaNga
10404	BaNga	Puṣapa-	puzapaBaNga
10404	BaNga	Pṛṣṭha-	pfzWaBaNga
10404	BaNga	Pota-	potaBaNga
10404	BaNga	Praṇaya-	praRayaBaNga
10404	BaNga	Bhrū-	BrUBaNga
10404	BaNga	Sa-bhrū-bhaṅga + m	saBrUBaNgam
10404	BaNga	Sāra-	sAraBaNga
10404	BaNga	Hitā-	hitABaNga
10405	BaNgi	Patra-	patraBaNgi
10407	BaNgura	A-	aBaNgura
10409	Baj	Eka-	ekaBaj
10409	Baj	Sūrya-	sUryaBaj
10414	Bawa	Cāra-	cAraBawa
10414	Bawa	Bhū-	BUBawa
10414	Bawa	Mahā-	mahABawa
10414	Bawa	Vār-	vArBawa
10414	Bawa	Su-	suBawa
10414	Bawa	Sva-	svaBawa
10415	Bawwa	Su-	suBawwa
10423	BaRqi	Tri-bhaṇḍī̆	triBaRqĬ
10427	Badra	A-	aBadra
10427	Badra	Catur-	caturBadra
10427	Badra	Tuṅga-	tuNgaBadra
10427	Badra	Bala-	balaBadra
10427	Badra	Maṇi-	maRiBadra
10427	Badra	Sarvatobh˚	sarvatoB˚
10427	Badra	Rāma-	rAmaBadra
10427	Badra	Su-	suBadra
10431	Baya	A-	aBaya
10431	Baya	Akutobhaya	akutoBaya
10431	Baya	A-jātu-	ajAtuBaya
10431	Baya	Apa-	apaBaya
10431	Baya	Nirbh˚	nirB˚
10431	Baya	Bhaṅga-	BaNgaBaya
10431	Baya	Vīta-	vItaBaya
10431	Baya	Sa-	saBaya
10435	Bara	Ati-	atiBara
10435	Bara	Apa-hṛta-	apahftaBara
10435	Bara	Durbh˚	durB˚
10435	Bara	Nirbh˚	nirB˚
10435	Bara	Su-	suBara
10450	Bartf	Kanyā-	kanyABartf
10450	Bartf	Gaṇa-	gaRaBartf
10450	Bartf	Jagatī-, bhū-, mahī-	jagatI, BU, mahIBartf
10450	Bartf	Paśu-	paSuBartf
10450	Bartf	Ruci-	ruciBartf
10450	Bartf	Svarga-	svargaBartf
10459	Barman	Garbha-	garBaBarman
10466	Bava	A-	aBava
10466	Bava	Araṇya-	araRyaBava
10466	Bava	Ātmabhava	AtmaBava
10466	Bava	Ādi-	AdiBava
10466	Bava	Durvāgbh˚	durvAgB˚
10466	Bava	Punarbh˚	punarB˚
10466	Bava	Maghā-	maGABava
10468	Bavana	Garbha-	garBaBavana
10468	Bavana	Deva-	devaBavana
10468	Bavana	Devī-	devIBavana
10469	Bavant	Atra-	atraBavant
10469	Bavant	Tatra-	tatraBavant
10476	Bavizya	Yad-	yadBavizya
10491	BA	Tatpr˚	tatpr˚
10491	BA	Su-	suBA
10493	BAga	A-	aBAga
10493	BAga	Agra-	agraBAga
10493	BAga	Adhobh˚	aDoB˚
10493	BAga	Ardha-	arDaBAga
10493	BAga	Aśīti-	aSItiBAga
10493	BAga	Catur-	caturBAga
10493	BAga	Tri-	triBAga
10493	BAga	Dāya-	dAyaBAga
10493	BAga	Digbh˚	digB˚
10493	BAga	Nimna-	nimnaBAga
10493	BAga	Para-	paraBAga
10493	BAga	Pāda-	pAdaBAga
10493	BAga	Purobhāga	puroBAga
10493	BAga	Mahā-	mahABAga
10493	BAga	Yajña-	yajYaBAga
10493	BAga	Śeṣa-	SezaBAga
10493	BAga	Ṣaḍbhāga	zaqBAga
10496	BAgin	Duḥkha-	duHKaBAgin
10496	BAgin	Dharma-	DarmaBAgin
10496	BAgin	Purobhāgin	puroBAgin
10496	BAgin	Manda-	mandaBAgin
10499	BAgya	A-	aBAgya
10499	BAgya	Para-	paraBAgya
10499	BAgya	Manda-	mandaBAgya
10499	BAgya	Mahā-	mahABAgya
10505	BAjana	Dīpa-	dIpaBAjana
10509	BARqa	Kṣura-	kzuraBARqa
10509	BARqa	Bhinna-	BinnaBARqa
10509	BARqa	Mahā-	mahABARqa
10509	BARqa	Sāra-	sAraBARqa
10519	BAnu	Citra-	citraBAnu
10519	BAnu	Vṛhad-bhānu	vfhadBAnu
10519	BAnu	Svar-	svarBAnu
10524	BAra	Ati-	atiBAra
10524	BAra	Kāṣṭha-	kAzWaBAra
10524	BAra	Garbha-	garBaBAra
10536	BAryA	Ku-	kuBAryA
10536	BAryA	Sa-bhārya	saBArya
10542	BAva	A-	aBAva
10542	BAva	A-badhya-	abaDyaBAva
10542	BAva	Ādhāra-ā-dheya-	ADArADeyaBAva
10542	BAva	Ārya-	AryaBAva
10542	BAva	Eka-	ekaBAva
10542	BAva	Kanyā-	kanyABAva
10542	BAva	Kṛta-	kftaBAva
10542	BAva	Tanu-	tanuBAva
10542	BAva	Dāsa-	dAsaBAva
10542	BAva	Durnīta-	durnItaBAva
10542	BAva	Dūra-	dUraBAva
10542	BAva	Droha-	drohaBAva
10542	BAva	Dvandva-	dvandvaBAva
10542	BAva	Punar-	punarBAva
10542	BAva	Pṛthagbhāva	pfTagBAva
10542	BAva	Prāpta-	prAptaBAva
10542	BAva	Bāla-	bAlaBAva
10542	BAva	Vṛddha-	vfdDaBAva
10542	BAva	Sadbhāva	sadBAva
10542	BAva	Sarva-	sarvaBAva
10542	BAva	Sādhu-	sADuBAva
10542	BAva	Sva-	svaBAva
10542	BAva	Strī-sva-	strIsvaBAva
10542	BAva	Sthāyigh˚	sTAyiG˚
10546	BAvana	Nyagbhāvana	nyagBAvana
10546	BAvana	Viśeṣa-	viSezaBAvana
10548	BAvin	Avaśyabh˚	avaSyaB˚
10548	BAvin	Tathā-	taTABAvin
10548	BAvin	Punar-	punarBAvin
10550	BAz	Su-	suBAz
10552	BAzA	Deśa-bhāṣā	deSaBAzA
10552	BAzA	Vi-bhāṣā	viBAzA
10553	BAzin	Dus-	durBAzin
10553	BAzin	Pūrva-	pUrvaBAzin
10553	BAzin	Mṛdu-	mfduBAzin
10555	BAs	A-cira-	aciraBAs
10555	BAs	Śaśāṅka-	SaSANkaBAs
10556	BAsa	Padma-	padmaBAsa
10556	BAsa	Pūṣabhāsā	pUzaBAsA
10569	BikzA	Durbhikṣa	durBikza
10569	BikzA	Subhikṣa	suBikza
10571	Bikzu	Śveta-	SvetaBikzu
10572	Bikzuka	Dharma-	DarmaBikzuka
10572	Bikzuka	Śākya-	SAkyaBikzuka
10575	Bitti	Sudhā-	suDABitti
10577	Bid	A-	aBid
10578	Bid	Yamunā-	yamunABid
10592	BI	A-	aBI
10592	BI	Divā-	divABI
10592	BI	Mahā-	mahABI
10592	BI	Su-	suBI
10593	BI	A-	aBI
10594	BIti	Divā-	divABIti
10595	BIma	Mahā-	mahABIma
10597	BIru	A-	aBIru
10597	BIru	Adhyavasāya-	aDyavasAyaBIru
10603	BIzaRa	Ati-	atiBIzaRa
10605	BIzma	Mahā-	mahABIzma
10608	Buj	Ā-	ABuj
10609	Buj	Ku-	kuBuj
10611	Buja	Ūrmi-	UrmiBuja
10611	Buja	Catur-	caturBuja
10611	Buja	Mahā-	mahABuja
10624	Buvana	Tri-	triBuvana
10630	BU	Ātmabhūta	AtmaBUta
10630	BU	Ittham-	itTamBU
10630	BU	Evam-	evamBU
10630	BU	Tīrtha-	tIrTaBU
10630	BU	Divā-	divABU
10630	BU	Mahā-	mahABU
10630	BU	Vahirbhūta	vahirBUta
10630	BU	Sadbh˚	sadB˚
10631	BU	Pāna-	pAnaBU
10631	BU	Malla-	mallaBU
10631	BU	Paricita-	paricitaBU
10637	BUti	Raṅga-	raNgaBUti
10637	BUti	Viyadbh˚	viyadB˚
10643	BUBft	Kula-	kulaBUBft
10646	BUmi	A-	aBUmi
10646	BUmi	Ati-	atiBUmi
10646	BUmi	Antar-	antarBUmi
10646	BUmi	Karma(n)-	karma(n)BUmi
10646	BUmi	Janma(n)-	janma(n)BUmi
10646	BUmi	Pana-	panaBUmi
10646	BUmi	Malla-	mallaBUmi
10646	BUmi	Badhya-	baDyaBUmi
10646	BUmi	Raṅga-	raNgaBUmi
10646	BUmi	Vāsa-	vAsaBUmi
10646	BUmi	Viśvāsa-	viSvAsaBUmi
10646	BUmi	Saṃketa-	saMketaBUmi
10646	BUmi	Sthāna-	sTAnaBUmi
10646	BUmi	Snca-	sncaBUmi
10646	BUmi	Siddha-	sidDaBUmi
10647	BUmikA	Catur-bhūmika	caturBUmika
10647	BUmikA	Sapta(n)-	sapta(n)BUmikA
10651	BUya	Brahma(n)-	brahma(n)BUya
10651	BUya	Rāja(n)-	rAja(n)BUya
10660	BUzaRa	Para-	paraBUzaRa
10664	Bf	A-	aBf
10664	Bf	Kṣīra-	kzIraBf
10664	Bf	Bhṛtya	Bftya
10664	Bf	A-	aBf
10664	Bf	Su-	suBf
10677	Bftaka	Madhyama-	maDyamaBftaka
10678	Bfti	Piṇḍa-	piRqaBfti
10678	Bfti	Sudhā-	suDABfti
10678	Bfti	Hala-	halaBfti
10679	Bftya	Ku-	kuBftya
10679	Bftya	Kumāra-bhṛtyā	kumAraBftyA
10679	Bftya	Protkaṭa-	protkawaBftya
10679	Bftya	Mūla-	mUlaBftya
10683	BfSa	Su-	suBfSa
10685	Bfzwi	Sahasra-	sahasraBfzwi
10690	Beda	A-	aBeda
10690	Beda	Anyonya-	anyonyaBeda
10690	Beda	Gati-	gatiBeda
10690	Beda	Granthi-	granTiBeda
10690	Beda	Durbh˚	durB˚
10690	Beda	Svara-	svaraBeda
10691	Bedaka	Gaṇḍa-	gaRqaBedaka
10693	Bedana	Puṭa-	puwaBedana
10694	Bedin	Marma(n)-	marma(n)Bedin
10694	Bedin	Vṛkṣa-	vfkzaBedin
10710	Boga	Kāma-	kAmaBoga
10710	Boga	Nāga-	nAgaBoga
10710	Boga	Nirbh˚	nirB˚
10715	Bogin	Kṛṣṇa-	kfzRaBogin
10717	Bojana	A-	aBojana
10717	Bojana	Ati-	atiBojana
10717	Bojana	Eka-	ekaBojana
10717	Bojana	Kṛmi-	kfmiBojana
10717	Bojana	Mleccha-	mlecCaBojana
10717	Bojana	Saha-	sahaBojana
10719	Bojin	Gṛha-	gfhaBojin
10719	Bojin	Bhujaṃga-	BujaMgaBojin
10719	Bojin	Śaṣpa-	SazpaBojin
10726	BOma	Antar-	antarBOma
10726	BOma	Bahu-	bahuBOma
10726	BOma	Sapta(n)-	sapta(n)BOma
10729	BraMS	Bhaya-	BayaBraMS
10730	BraMSa	Jāti-	jAtiBraMSa
10731	BraMSin	A-	aBraMSin
10736	Brajj	Tila-	tilaBrajj
10739	Bram	A-	aBram
10739	Bram	A-	aBram
10739	Bram	Su-saṃbhrānta	susaMBrAnta
10749	BrAtf	Durbh˚	durB˚
10749	BrAtf	Dharma-	DarmaBrAtf
10749	BrAtf	Sa-	saBrAtf
10765	BrU	A-sita-	asitaBrU
10765	BrU	Nata-	nataBrU
10765	BrU	Sam-hata-	samhataBrU
10765	BrU	Su-bhrū	suBrU
10788	makzikA	Nirmakṣika	nirmakzika
10788	makzikA	Madhu-	maDumakzikA
10791	maKa	Sa-	samaKa
10804	maNgala	A-	amaNgala
10804	maNgala	Kautuka-	kOtukamaNgala
10804	maNgala	Pāna-	pAnamaNgala
10804	maNgala	Sarva-	sarvamaNgala
10804	maNgala	Su-	sumaNgala
10813	majjA	Nirmajja	nirmajja
10821	maYjari	Kāma-, Madana-	kAma, madanamaYjari
10821	maYjari	Lobha-mañjarī	loBamaYjarI
10831	maWa	Gopāla-, Cakra-, Śūra-	gopAla, cakra, SUramaWa
10836	maRi	Indu-	indumaRi
10836	maRi	Kāca-	kAcamaRi
10836	maRi	Cintā-	cintAmaRi
10836	maRi	Cūḍā-	cUqAmaRi
10836	maRi	Jatu-	jatumaRi
10836	maRi	Masi-	masimaRi
10836	maRi	Latā-	latAmaRi
10836	maRi	Vi-mala-	vimalamaRi
10836	maRi	Śikhā-	SiKAmaRi
10836	maRi	Śuci-	SucimaRi
10836	maRi	Sarpa-	sarpamaRi
10836	maRi	Sita-	sitamaRi
10836	maRi	Sūrya-	sUryamaRi
10836	maRi	Sparśa-	sparSamaRi
10839	maRimaya	Sita-maṇi + maya	sitamaRimaya
10843	maRq	A-	amaRq
10844	maRqa	Dadhi-	daDimaRqa
10847	maRqapa	Adhikaraṇa-	aDikaraRamaRqapa
10847	maRqapa	Keli-	kelimaRqapa
10847	maRqapa	Garbha-	garBamaRqapa
10847	maRqapa	Paṭa-	pawamaRqapa
10847	maRqapa	Latā-	latAmaRqapa
10850	maRqala	Ādarśa-	AdarSamaRqala
10850	maRqala	Aśrama-	aSramamaRqala
10850	maRqala	Kṣmā-tala-	kzmAtalamaRqala
10850	maRqala	Tri-maṇḍalā	trimaRqalA
10850	maRqala	Diṅ-maṇḍala	diNmaRqala
10850	maRqala	Prakṛti-	prakftimaRqala
10850	maRqala	Raṅga-	raNgamaRqala
10850	maRqala	Sūrya-	sUryamaRqala
10850	maRqala	Stana-	stanamaRqala
10853	maRqUka	Kūpa-	kUpamaRqUka
10859	mati	A-	amati
10859	mati	Eka-	ekamati
10859	mati	Kṛta-	kftamati
10859	mati	Durm˚	durm˚
10859	mati	Nindita-	ninditamati
10859	mati	Nirahaṃmati	nirahaMmati
10859	mati	Pratyut-panna-	pratyutpannamati
10859	mati	Bahu-	bahumati
10859	mati	Manda-	mandamati
10859	mati	Mahā-	mahAmati
10859	mati	Yathā-mati	yaTAmati
10859	mati	Vi-	vimati
10859	mati	Vidyamāna-	vidyamAnamati
10859	mati	Vipula-	vipulamati
10859	mati	Vṛthā-	vfTAmati
10859	mati	Su-	sumati
10864	matsara	Nirm˚	nirm˚
10864	matsara	Vīta-	vItamatsara
10864	matsara	Sa-	samatsara
10866	matsya	Pāka-	pAkamatsya
10871	maTana	Pura-	puramaTana
10871	maTana	Maḍhu-	maQumaTana
10874	mad	Mṛta-	mftamad
10876	mada	Durm˚	durm˚
10876	mada	Dhana-	Danamada
10876	mada	Nirm˚	nirm˚
10876	mada	Mahā-	mahAmada
10876	mada	Mṛga-	mfgamada
10876	mada	Rati-madā	ratimadA
10876	mada	Viśva-madā	viSvamadA
10876	mada	Sa-	samada
10876	mada	Sadā-	sadAmada
10876	mada	Su-	sumada
10878	madana	Un-madana	unmadana
10887	madgu	Kāka-	kAkamadgu
10893	maDu	Tri-	trimaDu
10903	maDura	Vāṅmadhura	vANmaDura
10910	maDya	Tanu-	tanumaDya
10910	maDya	Bhuja-	BujamaDya
10911	maDyaga	Bahu-	bahumaDyaga
10913	maDyandina	Ati-	atimaDyandina
10914	maDyama	Yava-	yavamaDyama
10914	maDyama	Su-	sumaDyama
10920	man	Bahu-	bahuman
10920	man	Sādhu-	sADuman
10920	man	Su	su
10922	manas	Anya-	anyamanas
10922	manas	Ud-	udmanas
10922	manas	Eka-	ekamanas
10922	manas	Durm˚	durm˚
10922	manas	Dvexhimanas	dvexhimanas
10922	manas	Pra-	pramanas
10922	manas	Prīti-	prItimanas
10922	manas	Mahā-	mahAmanas
10922	manas	Vaktumanas	vaktumanas
10922	manas	Vi-	vimanas
10922	manas	Śaṅkita-	SaNkitamanas
10922	manas	Sa-	samanas
10922	manas	Su-	sumanas
10922	manas	Su-sthita-	susTitamanas
10922	manas	Sthira-	sTiramanas
10928	manAk	A-	amanAk
10931	manIzA	Ku-maniṣa	kumaniza
10933	manIzin	Ka-	kamanIzin
10935	manuja	Nis-	nirmanuja
10936	manuzya	A-	amanuzya
10936	manuzya	Ati-	atimanuzya
10936	manuzya	Durm˚	durm˚
10936	manuzya	Nirm˚	nirm˚
10944	manohara	Su-	sumanohara
10946	mantu	Tri-	trimantu
10949	mantr	Durm˚	durm˚
10949	mantr	Su-	sumantr
10950	mantra	A-	amantra
10950	mantra	Ākṛṣṭi-	Akfzwimantra
10950	mantra	Durm˚	durm˚
10950	mantra	Nirm˚	nirm˚
10950	mantra	Viṣa-	vizamantra
10951	mantrajYa	Su-	sumantrajYa
10955	mantravid	A-	amantravid
10957	mantritA	Sa-mantritva	samantritva
10958	mantrin	Durm˚	durm˚
10958	mantrin	Pradhāna-	praDAnamantrin
10958	mantrin	Mahā-	mahAmantrin
10961	manTa	Maṇi-	maRimanTa
10963	manTana	Amṛta-	amftamanTana
10967	manTin	Ūrdhva-	UrDvamanTin
10969	manda	Picu-	picumanda
10979	mandAra	Kṛta-	kftamandAra
10982	mandira	Avaskara-	avaskaramandira
10982	mandira	Keli-	kelimandira
10982	mandira	Jala-yantra-	jalayantramandira
10984	mandra	Ā-	Amandra
10990	manyu	Abhi-	aBimanyu
10990	manyu	Aki-	akimanyu
10990	manyu	Vita-	vitamanyu
10990	manyu	Sa-	samanyu
11000	mayUKa	Unm˚	unm˚
11000	mayUKa	Śīta-	SItamayUKa
11005	maraRa	Ā-maraṇa + m	AmaraRam
11005	maraRa	Saha-	sahamaraRa
11027	martya	A-	amartya
11029	mardana	Ari-	arimardana
11029	mardana	Sarva-kṣatriya-	sarvakzatriyamardana
11034	marman	Antar-	antarmarman
11034	marman	Śirom˚	Sirom˚
11041	maryAdA	A-maryāda	amaryAda
11041	maryAdA	Agni-sākṣika-	agnisAkzikamaryAdA
11041	maryAdA	An-apa-īkṣita-	anapekzitamaryAdA
11041	maryAdA	Durm˚	durm˚
11041	maryAdA	Nirm˚	nirm˚
11041	maryAdA	Bhinna-	BinnamaryAdA
11041	maryAdA	Sa-	samaryAdA
11044	marza	A-	amarza
11044	marza	Nis-a-	niramarza
11044	marza	Sāmarṣa	sAmarza
11045	marzaRa	A-	amarzaRa
11045	marzaRa	Agha-	aGamarzaRa
11045	marzaRa	Durm˚	durm˚
11047	mala	A-	amala
11047	mala	Kāṃsya-	kAMsyamala
11047	mala	Nirm˚	nirm˚
11047	mala	Bahu-	bahumala
11047	mala	Vi-	vimala
11047	mala	Śānta-	SAntamala
11047	mala	Sa-	samala
11053	malina	A-	amalina
11058	malla	Hastimalla	hastimalla
11058	malla	Gaṇeśa	gaReSa
11061	malli	Madhu-mallī	maDumallI
11061	malli	Raṅga-mallī	raNgamallI
11065	maSaka	Daṃśa-	daMSamaSaka
11083	mastaka	Madhu-	maDumastaka
11088	maha	Dhanurmaha	Danurmaha
11090	mahant	Vi-	vimahant
11090	mahant	Su-	sumahant
11094	mahas	Pīyūṣa-	pIyUzamahas
11094	mahas	Mitra-	mitramahas
11094	mahas	Vi-	vimahas
11106	mahiman	A-kṛta-tyāga-	akftatyAgamahiman
11106	mahiman	A-mogha-	amoGamahiman
11108	mahiza	Agra-	agramahiza
11111	mahIDara	Sa-mahī-dhara	samahIDara
11119	mA	A-	amA
11122	mAMsa	Adhi-	aDimAMsa
11122	mAMsa	Danta-	dantamAMsa
11122	mAMsa	Nirm˚	nirm˚
11122	mAMsa	Pūti-	pUtimAMsa
11122	mAMsa	Pṛṣṭha-	pfzWamAMsa
11122	mAMsa	Mahā-	mahAmAMsa
11122	mAMsa	Vṛthā-	vfTAmAMsa
11161	mAtf	Go-	gomAtf
11161	mAtf	Jaganmātṛ	jaganmAtf
11161	mAtf	Nāga-	nAgamAtf
11161	mAtf	Raṅga-	raNgamAtf
11161	mAtf	Vi-	vimAtf
11161	mAtf	Veda-	vedamAtf
11161	mAtf	Śāṇḍilī-	SARqilImAtf
11162	mAtfka	Deva-mātṛ + ka	devamAtfka
11162	mAtfka	Raṅga-	raNgamAtfka
11166	mAtra	Akṣa-	akzamAtra
11166	mAtra	Aṅgula-	aNgulamAtra
11166	mAtra	Ati-	atimAtra
11166	mAtra	Artha-	arTamAtra
11166	mAtra	Ātma(n)-	Atma(n)mAtra
11166	mAtra	Etāvanmātra	etAvanmAtra
11166	mAtra	Kiyanmātra	kiyanmAtra
11166	mAtra	Krośa-	kroSamAtra
11166	mAtra	Kṣaṇa-mātra + m	kzaRamAtram
11166	mAtra	Jāta-	jAtamAtra
11166	mAtra	Jāti-	jAtimAtra
11166	mAtra	Jīva-	jIvamAtra
11166	mAtra	Tanmātra	tanmAtra
11166	mAtra	Tāla-mātra + m	tAlamAtram
11166	mAtra	Tāvanmātra	tAvanmAtra
11166	mAtra	Darśana-	darSanamAtra
11166	mAtra	Dhyāta	DyAta
11166	mAtra	Naga-	nagamAtra
11166	mAtra	Nāma(n)-	nAma(n)mAtra
11166	mAtra	Padāti-	padAtimAtra
11166	mAtra	Pāpa-kṣaya-	pApakzayamAtra
11166	mAtra	Prāṇa-dhāraṇa-	prARaDAraRamAtra
11166	mAtra	Bali-	balimAtra
11166	mAtra	Mahā-	mahAmAtra
11166	mAtra	Mūrta-	mUrtamAtra
11166	mAtra	Mūrti-	mUrtimAtra
11166	mAtra	Yuga-	yugamAtra
11166	mAtra	Varṣa-	varzamAtra
11166	mAtra	Vāṅmātra	vANmAtra
11166	mAtra	Rūpa-	rUpamAtra
11166	mAtra	Vārttā-	vArttAmAtra
11166	mAtra	Vitta-	vittamAtra
11166	mAtra	Śabda-	SabdamAtra
11166	mAtra	Śarīra-	SarIramAtra
11166	mAtra	Samādhāna-	samADAnamAtra
11166	mAtra	Saṃkṣepa-	saMkzepamAtra
11166	mAtra	Smṛta-	smftamAtra
11166	mAtra	Hastimātra	hastimAtra
11169	mAtsarya	Pus-	purmAtsarya
11179	mADava	Latā-mādhavī	latAmADavI
11184	mADurya	Bhrūkṣepālāpa-	BrUkzepAlApamADurya
11193	mAna	Ati-	atimAna
11193	mAna	A-bhagna-māna + m	aBagnamAnam
11193	mAna	Nirm˚	nirm˚
11193	mAna	Praṇaya-	praRayamAna
11193	mAna	Bahu-	bahumAna
11193	mAna	Māsa-	mAsamAna
11193	mAna	Sa-bahu-māna + m	sabahumAnam
11197	mAnava	Kapaṭa-	kapawamAnava
11197	mAnava	Daṇḍa-	daRqamAnava
11200	mAnasa	Anya-	anyamAnasa
11200	mAnasa	An-anya-	ananyamAnasa
11200	mAnasa	Pūrṇa-	pUrRamAnasa
11200	mAnasa	Hṛṣṭa-	hfzwamAnasa
11202	mAnin	A-	amAnin
11202	mAnin	Ati-	atimAnin
11202	mAnin	A-stena-	astenamAnin
11202	mAnin	Dhṛṣṭa-	DfzwamAnin
11202	mAnin	Paṇḍita-	paRqitamAnin
11202	mAnin	Puruṣa-	puruzamAnin
11202	mAnin	Prājña-	prAjYamAnin
11202	mAnin	Śūra-	SUramAnin
11202	mAnin	Su-bhaga-	suBagamAnin
11203	mAnuza	A-	amAnuza
11203	mAnuza	Ati-	atimAnuza
11203	mAnuza	Divya-	divyamAnuza
11208	mAndya	A-	amAndya
11216	mAya	A-	amAya
11216	mAya	Deva-	devamAya
11216	mAya	Bahu-	bahumAya
11216	mAya	Su-	sumAya
11223	mAyin	A-	amAyin
11223	mAyin	Durm˚	durm˚
11226	mAra	A-	amAra
11226	mAra	Dhundhu-	DunDumAra
11226	mAra	Paśu-	paSumAra
11226	mAra	Mahā-mārī	mahAmArI
11226	mAra	Śiśu-	SiSumAra
11227	mAraka	Paśu-māra + ka	paSumAraka
11233	mArIca	Saha-	sahamArIca
11234	mAruta	Ati-	atimAruta
11234	mAruta	Paścānmāruta	paScAnmAruta
11234	mAruta	Puromāruta	puromAruta
11238	mArga	Ambara-cara-	ambaracaramArga
11238	mArga	Ardha-	arDamArga
11238	mArga	Āhāra-niḥsaraṇa-	AhAraniHsaraRamArga
11238	mArga	Unm˚	unm˚
11238	mArga	Karma(n)-	karma(n)mArga
11238	mArga	Kula-	kulamArga
11238	mArga	Kṛta-	kftamArga
11238	mArga	Tri-	trimArga
11238	mArga	Deva-	devamArga
11238	mArga	Nakṣatra-	nakzatramArga
11238	mArga	Rāja(n)-	rAja(n)mArga
11247	mArjAra	Araṇya-	araRyamArjAra
11254	mArdava	Su-	sumArdava
11257	mAla	Akṣa-	akzamAla
11257	mAla	Ketu-	ketumAla
11257	mAla	Nakṣatra-	nakzatramAla
11257	mAla	Nara-	naramAla
11257	mAla	Vana-	vanamAla
11257	mAla	Vandana-	vandanamAla
11257	mAla	Varṇa-	varRamAla
11257	mAla	Haṃsa-	haMsamAla
11257	mAla	Hema-	hemamAla
11262	mAlika	Vandana-	vandanamAlika
11264	mAlin	Aṃśu-	aMSumAlin
11264	mAlin	Akṣa-	akzamAlin
11264	mAlin	Ūrmi-	UrmimAlin
11264	mAlin	Kapāla-	kapAlamAlin
11264	mAlin	Gaṇḍa-	gaRqamAlin
11264	mAlin	Jālaka-	jAlakamAlin
11264	mAlin	Nagara-	nagaramAlin
11264	mAlin	Padma-	padmamAlin
11264	mAlin	Pura-	puramAlin
11264	mAlin	Marīci-	marIcimAlin
11264	mAlin	Vana-	vanamAlin
11264	mAlin	Vīci-	vIcimAlin
11264	mAlin	Hema-	hemamAlin
11267	mAlya	Gandha-	ganDamAlya
11270	mAza	Mahā-	mahAmAza
11274	mAs	Puṣpa-	puzpamAs
11275	mAsa	Ardha-	arDamAsa
11275	mAsa	Garbha-	garBamAsa
11275	mAsa	Puṣpa-	puzpamAsa
11275	mAsa	Pūrṇa-	pUrRamAsa
11281	mAsika	Aṣṭamāsika	azwamAsika
11281	mAsika	Ṣaṇmāsika	zaRmAsika
11301	mittra	A-	amittra
11301	mittra	Ku-	kumittra
11301	mittra	Nis-a-	niramittra
11301	mittra	Dhana-	Danamittra
11301	mittra	Sa-	samittra
11301	mittra	Su-	sumittra
11308	miTuna	Go-	gomiTuna
11317	miSra	Ārya-	AryamiSra
11324	mih	Puru-	purumih
11341	mukuwa	Pratāpa-	pratApamukuwa
11347	muktA	Śaṅkha-	SaNKamuktA
11351	muKa	Aṅguli-	aNgulimuKa
11351	muKa	Aja-mukhī	ajamuKI
11351	muKa	Adhom˚	aDom˚
11351	muKa	Abhi-	aBimuKa
11351	muKa	Ayom˚	ayom˚
11351	muKa	Avāṅm˚	avANm˚
11351	muKa	Aśru-	aSrumuKa
11351	muKa	Aśva-	aSvamuKa
11351	muKa	Udaṅmukha	udaNmuKa
11351	muKa	Unm˚	unm˚
11351	muKa	Ūlkā-	UlkAmuKa
11351	muKa	Ūrdhva-	UrDvamuKa
11351	muKa	Ṛtu-	ftumuKa
11351	muKa	Eka-	ekamuKa
11351	muKa	Kaṅka-	kaNkamuKa
11351	muKa	Kathā-	kaTAmuKa
11351	muKa	Kālā	kAlA
11351	muKa	Kālikā-	kAlikAmuKa
11351	muKa	Kravya-	kravyamuKa
11351	muKa	Go-	gomuKa
11351	muKa	Catur-	caturmuKa
11351	muKa	Jaya-sthala-	jayasTalamuKa
11351	muKa	Jyotirmukha	jyotirmuKa
11351	muKa	Jvālā-	jvAlAmuKa
11351	muKa	Dakṣiṇā-	dakziRAmuKa
11351	muKa	Dakṣiṇā-abhi-	dakziRABimuKa
11351	muKa	Dadhi-	daDimuKa
11351	muKa	Darī-	darImuKa
11351	muKa	Daśa(n)-	daSa(n)muKa
11351	muKa	Diṅm˚	diNm˚
11351	muKa	Durm˚	durm˚
11351	muKa	Dūta-	dUtamuKa
11351	muKa	Nandi-	nandimuKa
11351	muKa	Nāndī-	nAndImuKa
11351	muKa	Niśā-	niSAmuKa
11351	muKa	Payas-	payasmuKa
11351	muKa	Parāṅ-mukha	parANmuKa
11351	muKa	Pari-vṛtta-ardha-	parivfttArDamuKa
11351	muKa	Pūrva-paścānmukha	pUrvapaScAnmuKa
11351	muKa	Prāṅmukha	prANmuKa
11351	muKa	Phaṇi(n)-	PaRi(n)muKa
11351	muKa	Baḍavā-	baqavAmuKa
11351	muKa	Bali-	balimuKa
11351	muKa	Bhṛkuṭi-	BfkuwimuKa
11351	muKa	Sa-bhṛkuṭi-	saBfkuwimuKa
11351	muKa	Mahā-	mahAmuKa
11351	muKa	Mātṛ-	mAtfmuKa
11351	muKa	Mleccha-	mlecCamuKa
11351	muKa	Vi-	vimuKa
11351	muKa	Śāstra-vi-	SAstravimuKa
11351	muKa	Vināśonmukha	vinASonmuKa
11351	muKa	Śaṅkha-	SaNKamuKa
11351	muKa	Śata-	SatamuKa
11351	muKa	Śilī-	SilImuKa
11351	muKa	Ṣaṇm˚	zaRm˚
11351	muKa	Sa-kala-indu-	sakalendumuKa
11351	muKa	Sam-	sammuKa
11351	muKa	Sarvatomukha	sarvatomuKa
11351	muKa	Su-	sumuKa
11351	muKa	Sūcī-	sUcImuKa
11351	muKa	Senā-	senAmuKa
11351	muKa	Stana-	stanamuKa
11351	muKa	Svasti-	svastimuKa
11355	muKara	Unmukhara-	unmuKaramuKara
11358	muKya	Dvi-ja-	dvijamuKya
11358	muKya	Vāra-mukhyā	vAramuKyA
11363	muc	A-	amuc
11363	muc	Jīvanm˚	jIvanm˚
11381	muRqa	Daṇḍimuṇḍa	daRqimuRqa
11386	mud	Krīḍā-	krIqAmud
11390	mudgara	Kūṭa-	kUwamudgara
11391	mudrA	Aṅguli-	aNgulimudrA
11391	mudrA	Nāma(n)-	nAma(n)mudrA
11391	mudrA	Pāda-	pAdamudrA
11391	mudrA	Vi-mudra	vimudra
11391	mudrA	Sa-mudra	samudra
11392	mudrikA	Aṅguli-	aNgulimudrikA
11395	muni	Mahā-	mahAmuni
11406	murC	Krodha-	kroDamurC
11410	muSala	Kaṅkāla-muṣala	kaNkAlamuzala
11410	muSala	Cakra-muṣala	cakramuzala
11410	muSala	Danta-muṣala	dantamuzala
11427	musta	Sa-bhadra-musta	saBadramusta
11428	mustaka	Bhadra-	Badramustaka
11431	muh	A-mūḍha	amUQa
11431	muh	Diṅmūḍha	diNmUQa
11431	muh	Mahā-mūḍha	mahAmUQa
11431	muh	Ati-mugdha	atimugDa
11434	muhUrta	Durmuhūrta	durmuhUrta
11449	mUrta	A-	amUrta
11451	mUrti	Aṣṭa(n)-	azwa(n)mUrti
11451	mUrti	Tapas-	tapasmUrti
11451	mUrti	Tejas-	tejasmUrti
11451	mUrti	Tri-	trimUrti
11453	mUrtimant	Viśva-	viSvamUrtimant
11455	mUrDan	Raṇa-	raRamUrDan
11455	mUrDan	Tri-	trimUrDan
11461	mUla	Unmūla	unmUla
11461	mUla	Jyeṣṭhā-	jyezWAmUla
11461	mUla	Tapas-	tapasmUla
11461	mUla	Danta-	dantamUla
11461	mUla	Dhana-	DanamUla
11461	mUla	Dharma-	DarmamUla
11461	mUla	Nirmūla	nirmUla
11461	mUla	Pāda-	pAdamUla
11461	mUla	Baddha	badDa
11461	mUla	Vismaya-karṣa-	vismayakarzamUla
11461	mUla	Sa-mūla + m	samUlam
11462	mUlaka	Mastaka-	mastakamUlaka
11466	mUlya	Bahu-	bahumUlya
11466	mUlya	Bahu-svarṇa-lakṣa-	bahusvarRalakzamUlya
11474	mfga	Ikā-	ikAmfga
11474	mfga	Kṛṣṇa-	kfzRamfga
11474	mfga	Krīḍā-	krIqAmfga
11474	mfga	Gaura-	gOramfga
11474	mfga	Citra-	citramfga
11474	mfga	Tārā-	tArAmfga
11474	mfga	Mahā-	mahAmfga
11474	mfga	Mahī-	mahImfga
11474	mfga	Māyā-	mAyAmfga
11474	mfga	Śākhā-	SAKAmfga
11474	mfga	Śālā-	SAlAmfga
11474	mfga	Hemamṛga	hemamfga
11487	mfj	Su-mṛṣṭa	sumfzwa
11503	mfttikA	Pāṇḍu-mṛttika	pARqumfttika
11503	mfttikA	Pūti-mṛttika	pUtimfttika
11505	mftyu	Apa-	apamftyu
11505	mftyu	Pratyāsanna-	pratyAsannamftyu
11505	mftyu	Mahā-	mahAmftyu
11505	mftyu	Viṣa-	vizamftyu
11521	mfdvIkA	Pṛthu-	pfTumfdvIkA
11529	mfzA	A-	amfzA
11535	meKalA	Maṇi-mekhala	maRimeKala
11537	meGa	Gṛha-	gfhameGa
11553	meDa	Aśva-, Turaga-, Turaṅgama-	aSva, turaga, turaNgamameDa
11553	meDa	Gṛha-	gfhameDa
11553	meDa	Dus-	durmeDa
11553	meDa	Nara-	narameDa
11553	meDa	Pitṛ-	pitfmeDa
11555	meDAvin	Dus-	durmeDAvin
11558	meDya	A-	ameDya
11564	meru	Su-	sumeru
11573	mEtra	Durmaitra	durmEtra
11583	mETunin	Divā-	divAmETunin
11594	mokzaRa	Prāṇa-	prARamokzaRa
11595	moGa	A-	amoGa
11607	mohana	Kūṭa-	kUwamohana
11610	mOktika	Gaja-	gajamOktika
11613	mOKya	Grāma-	grAmamOKya
11619	mOna	Cintā-	cintAmOna
11627	mOli	Ardha-indu-	arDendumOli
11627	mOli	Cakra-	cakramOli
11627	mOli	Niśākara-kalā-	niSAkarakalAmOli
11654	mlE	A-	amlE
11660	yakzma	Rājayakṣman	rAjayakzman
11663	yaj	A-	ayaj
11667	yajana	Deva-	devayajana
11670	yajYa	A-	ayajYa
11670	yajYa	Ṛṣi-	fziyajYa
11670	yajYa	Graha-	grahayajYa
11670	yajYa	Japa-	japayajYa
11670	yajYa	Nāma(n)-	nAma(n)yajYa
11670	yajYa	Pañca(n)-	paYca(n)yajYa
11670	yajYa	Pāka-	pAkayajYa
11670	yajYa	Prastāva-	prastAvayajYa
11670	yajYa	Mahā-	mahAyajYa
11670	yajYa	Vidhi-	viDiyajYa
11676	yajvan	A-	ayajvan
11678	yat	An-	anyat
11678	yat	Para-	parayat
11685	yatna	A-	ayatna
11685	yatna	Sa-	sayatna
11686	yatnatas	A-	ayatnatas
11689	yaTA	Tad-	tadyaTA
11705	yantf	Deha-	dehayantf
11706	yantr	A-	ayantr
11706	yantr	Su-	suyantr
11707	yantra	Kodaṇḍa-	kodaRqayantra
11707	yantra	Kūṭa-	kUwayantra
11707	yantra	Gṛha-	gfhayantra
11707	yantra	Ghaṭikā-	GawikAyantra
11707	yantra	Jala-	jalayantra
11707	yantra	Tāla-	tAlayantra
11707	yantra	Taila-	tElayantra
11707	yantra	Toya-	toyayantra
11707	yantra	Dhārā-	DArAyantra
11707	yantra	Dhraja-	Drajayantra
11707	yantra	Nāḍī-	nAqIyantra
11707	yantra	Mahā-	mahAyantra
11707	yantra	Su-	suyantra
11707	yantra	Sūtra-	sUtrayantra
11707	yantra	Strī-	strIyantra
11707	yantra	Sva-māyā-	svamAyAyantra
11708	yantraka	Jala-	jalayantraka
11709	yantraRa	Niryantraṇa	niryantraRa
11709	yantraRa	Mukha-	muKayantraRa
11711	yam	Vāgyata	vAgyata
11712	yama	Kāla-anta + ka-	kAlAnta + kayama
11726	yava	Kāka-	kAkayava
11726	yava	Tri-	triyava
11730	yavana	Kāla-	kAlayavana
11739	yaSas	A-	ayaSas
11739	yaSas	Ati-	atiyaSas
11739	yaSas	Apa-	apayaSas
11739	yaSas	Pṛthu-	pfTuyaSas
11739	yaSas	Mahā-	mahAyaSas
11739	yaSas	Su-	suyaSas
11741	yaSasya	A-	ayaSasya
11743	yazwi	Ketu-	ketuyazwi
11743	yazwi	Gātra-	gAtrayazwi
11743	yazwi	Tulā-	tulAyazwi
11743	yazwi	Dhvaja-	Dvajayazwi
11743	yazwi	Bhāra-	BArayazwi
11743	yazwi	Vāsa-	vAsayazwi
11743	yazwi	Hāra-	hArayazwi
11748	yA	Krama-	kramayA
11750	yAc	A-	ayAc
11750	yAc	Ati-	atiyAc
11758	yAjaka	Grāma-	grAmayAjaka
11758	yAjaka	Nakṣatra-grāma-	nakzatragrAmayAjaka
11761	yAjin	Ātma(n)-	Atma(n)yAjin
11761	yAjin	Grāma-	grAmayAjin
11761	yAjin	Soma-	somayAjin
11761	yAjin	Havis-	haviryAjin
11769	yAtrA	Tīrtha-	tIrTayAtrA
11769	yAtrA	Deva-	devayAtrA
11769	yAtrA	Deha-	dehayAtrA
11769	yAtrA	Prāṇa-	prARayAtrA
11769	yAtrA	Loka-	lokayAtrA
11770	yAtrika	Siddha-	sidDayAtrika
11773	yAdava	Niry˚	niry˚
11776	yAna	Ākāśa-	AkASayAna
11776	yAna	Uṣṭra-	uzwrayAna
11776	yAna	Khara-	KarayAna
11776	yAna	Go-	goyAna
11776	yAna	Jala-	jalayAna
11776	yAna	Deva-	devayAna
11776	yAna	Nara-	narayAna
11776	yAna	Nārī-	nArIyAna
11776	yAna	Nau-	nOyAna
11776	yAna	Pitṛ-	pitfyAna
11776	yAna	Pṛṣṭha-	pfzWayAna
11776	yAna	Śata-sahasra-	SatasahasrayAna
11776	yAna	Siṃha-	siMhayAna
11777	yApana	Kāla-	kAlayApana
11778	yAma	A-vinoda-dīrgha-	avinodadIrGayAma
11778	yAma	Tri-	triyAma
11778	yAma	Yāta-	yAtayAma
11792	yAvaka	Sa-	sayAvaka
11802	yu	A-	ayu
11802	yu	Go-	goyu
11802	yu	Su-	suyu
11805	yukti	Sva-	svayukti
11807	yuga	Ambara-	ambarayuga
11807	yuga	Kṛta-	kftayuga
11807	yuga	Go-	goyuga
11807	yuga	Catur-	caturyuga
11807	yuga	Tri-	triyuga
11807	yuga	Deva-	devayuga
11807	yuga	Pañca(n)-	paYca(n)yuga
11807	yuga	Mahā-	mahAyuga
11810	yugala	Kaṇṭha-niveśita-hasta-	kaRWaniveSitahastayugala
11810	yugala	Vastra-	vastrayugala
11812	yugma	A-	ayugma
11812	yugma	Vastra-	vastrayugma
11817	yuj	A-	ayuj
11817	yuj	Kṣema-yukta + m	kzemayuktam
11817	yuj	Tapas-	tapasyuj
11817	yuj	Vidhāna-	viDAnayuj
11823	yuD	A-	ayuD
11823	yuD	Kūṭa-	kUwayuD
11823	yuD	Dvandva-	dvandvayuD
11837	yuvan	Vāra-yuvati	vArayuvati
11837	yuvan	Sura-yuvati	surayuvati
11843	yUTa	Nīryātha	nIryATa
11853	yoga	A-	ayoga
11853	yoga	Ati-	atiyoga
11853	yoga	Artha-	arTayoga
11853	yoga	Kathā-	kaTAyoga
11853	yoga	Karma(n)-	karma(n)yoga
11853	yoga	Kāla-	kAlayoga
11853	yoga	Krama-	kramayoga
11853	yoga	Cūrṇa-	cUrRayoga
11853	yoga	Daṇḍa-	daRqayoga
11853	yoga	Duryoga	duryoga
11853	yoga	Daiva-	dEvayoga
11853	yoga	Dhyāna-	DyAnayoga
11853	yoga	Nakṣatra-	nakzatrayoga
11853	yoga	Nidrā-	nidrAyoga
11853	yoga	Pūrṇa-	pUrRayoga
11853	yoga	Bhakti-	Baktiyoga
11853	yoga	Yathā-yoga + m	yaTAyogam
11853	yoga	Vāsa-	vAsayoga
11853	yoga	Vidhi-	viDiyoga
11853	yoga	Sāra-	sArayoga
11853	yoga	Stri-dharma-	striDarmayoga
11853	yoga	Sthāna-	sTAnayoga
11859	yogin	Kāla-	kAlayogin
11859	yogin	Ku-	kuyogin
11859	yogin	Nakṣatra-	nakzatrayogin
11860	yogya	Kṛta-	kftayogya
11862	yojana	Ā-yojana + m	Ayojanam
11862	yojana	Vāṇa-	vARayojana
11862	yojana	Saptayojanī	saptayojanI
11866	yoDa	Vasanta-	vasantayoDa
11866	yoDa	Hata-sarva-	hatasarvayoDa
11867	yoDin	Agra-	agrayoDin
11867	yoDin	Kūṭa-	kUwayoDin
11867	yoDin	Gaja-	gajayoDin
11867	yoDin	Dvandva-	dvandvayoDin
11868	yoni	A-	ayoni
11868	yoni	Antya-	antyayoni
11868	yoni	Ambhoja-	amBojayoni
11868	yoni	Eka-	ekayoni
11868	yoni	Kumbha-	kumBayoni
11868	yoni	Citta-	cittayoni
11868	yoni	Jagat-	jagatyoni
11868	yoni	Jīva-	jIvayoni
11868	yoni	Tiryagyoni	tiryagyoni
11868	yoni	Dury˚	dury˚
11868	yoni	Deva-	devayoni
11868	yoni	Padma-	padmayoni
11868	yoni	Pāpa-	pApayoni
11868	yoni	Purā-	purAyoni
11868	yoni	Vi-yonī	viyonI
11868	yoni	Vi-hīna-	vihInayoni
11868	yoni	Śaila-sutā-caraṇa-rāga-	SElasutAcaraRarAgayoni
11868	yoni	Saṃkalpa-	saMkalpayoni
11868	yoni	Sva-	svayoni
11871	yozA	Garbha-	garBayozA
11871	yozA	Deva-	devayozA
11872	yozit	Kula-	kulayozit
11872	yozit	Paṇya-	paRyayozit
11877	yOgapadya	A-	ayOgapadya
11883	yOvana	Sthira-	sTirayOvana
11889	raMhas	Ati-	atiraMhas
11889	raMhas	Vāta-	vAtaraMhas
11897	rakza	Kṣetra-	kzetrarakza
11897	rakza	Go-	gorakza
11897	rakza	Cakra-	cakrarakza
11897	rakza	Nagara-	nagararakza
11897	rakza	Pura-	purarakza
11897	rakza	Senā-	senArakza
11898	rakzaka	A-	arakzaka
11898	rakzaka	Aṅga-	aNgarakzaka
11898	rakzaka	Go-	gorakzaka
11898	rakzaka	Bkūmi-	bkUmirakzaka
11898	rakzaka	Śasya-	Sasyarakzaka
11903	rakzitf	A-	arakzitf
11904	rakzin	Nagara-, Nagarī-	nagara, nagarIrakzin
11904	rakzin	Paśu-	paSurakzin
11912	raNka	Raṇa-	raRaraNka
11916	raNga	Keli-	keliraNga
11916	raNga	Pūrva-	pUrvaraNga
11916	raNga	Rāja(n)-	rAja(n)raNga
11916	raNga	Su-	suraNga
11921	racanA	Kūṭa-	kUwaracanA
11921	racanA	Keśa-	keSaracanA
11921	racanA	Pakṣa-	pakzaracanA
11921	racanA	Paṭa-	pawaracanA
11921	racanA	Vacana-	vacanaracanA
11921	racanA	Vihita-durga-racana	vihitadurgaracana
11921	racanA	Vyūha-	vyUharacanA
11922	raja	Nīraja	nIraja
11924	rajata	Mahā-	mahArajata
11925	rajana	Mahā-	mahArajana
11930	rajas	A-	arajas
11930	rajas	Nīrajas	nIrajas
11930	rajas	Parorajas	parorajas
11930	rajas	Vi-	virajas
11930	rajas	Sa-	sarajas
11935	rajju	Karkaṭaka-	karkawakarajju
11935	rajju	Kāṣṭha-	kAzWarajju
11935	rajju	Pāśa-	pASarajju
11938	raYj	Ā-	AraYj
11938	raYj	Jiva-	jivaraYj
11938	raYj	Su-	suraYj
11940	raYjana	Loka-	lokaraYjana
11940	raYjana	Strī-	strIraYjana
11944	raRa	Priya-	priyaraRa
11944	raRa	Mahā-	mahAraRa
11950	rati	Dharma-	Darmarati
11953	ratna	Sa-mauli-	samOliratna
11958	raTa	Ati-	atiraTa
11958	raTa	Kīrti-	kIrtiraTa
11958	raTa	Krīḍā-	krIqAraTa
11958	raTa	Citra-	citraraTa
11958	raTa	Daśa(n)-	daSa(n)raTa
11958	raTa	Patra-	patraraTa
11958	raTa	Puṣpa-	puzparaTa
11958	raTa	Bhīma-	BImaraTa
11958	raTa	Manoratha	manoraTa
11958	raTa	Samāgama-manoratha	samAgamamanoraTa
11958	raTa	Marut-	marutraTa
11958	raTa	Mahā-	mahAraTa
11958	raTa	Viṣṇu-	vizRuraTa
11958	raTa	Sa-	saraTa
11958	raTa	Haṃsa-	haMsaraTa
11968	raTin	A-	araTin
11972	rada	Dri-	drirada
11972	rada	Vajra-	vajrarada
11979	ranDra	Karṇa-	karRaranDra
11979	ranDra	Nīrandhra	nIranDra
11982	raB	Su-	suraB
11984	raBasa	Ati-	atiraBasa
11984	raBasa	Ambhas-vindu-grahaṇa-	amBasvindugrahaRaraBasa
11984	raBasa	Sa-rabhasa + m	saraBasam
11985	ram	Deva-	devaram
11985	ram	Nirmāṇa-	nirmARaram
11985	ram	Su-	suram
11985	ram	Vara-su-	varasuram
11986	rama	Manas-	manasrama
11988	ramaRa	Para-	pararamaRa
11995	ramBa	Go-rambha	goramBa
11997	raya	Āśu-	ASuraya
11997	raya	Śānta-	SAntaraya
12002	rava	Kala-	kalarava
12002	rava	Ghaṇṭā-	GaRwArava
12002	rava	Caṇḍa-	caRqarava
12002	rava	Nirara	nirara
12002	rava	Bhīma-vega-	BImavegarava
12002	rava	Madana-kāku-	madanakAkurava
12002	rava	Vīṇa-	vIRarava
12002	rava	Śārṅga-	SArNgarava
12007	raSmi	Uṣṇa-	uzRaraSmi
12007	raSmi	Śita-	SitaraSmi
12007	raSmi	Syūma-	syUmaraSmi
12010	rasa	A-	arasa
12010	rasa	Anu-	anurasa
12010	rasa	Anna-	annarasa
12010	rasa	Amṛta-	amftarasa
12010	rasa	Ikṣu-	ikzurasa
12010	rasa	Eha-	eharasa
12010	rasa	Kanaka-	kanakarasa
12010	rasa	Kāma-	kAmarasa
12010	rasa	Kṣudra-	kzudrarasa
12010	rasa	Gandha-	ganDarasa
12010	rasa	Go-	gorasa
12010	rasa	Nīrasa	nIrasa
12010	rasa	Piṣṭa	pizwa
12010	rasa	Praṇipāta-	praRipAtarasa
12010	rasa	Yakṣa-	yakzarasa
12010	rasa	Yathā-rasa + m	yaTArasam
12010	rasa	Vi-	virasa
12010	rasa	Śṛṅgāra-eka-	SfNgAraikarasa
12010	rasa	Sa-	sarasa
12010	rasa	Siddha-	sidDarasa
12010	rasa	Su-	surasa
12010	rasa	Sva-	svarasa
12010	rasa	Svādu-	svAdurasa
12014	rasana	Nīrasana	nIrasana
12023	rah	A-	arah
12026	rahasya	Deva-	devarahasya
12026	rahasya	Sa-	sarahasya
12026	rahasya	Sa-prayoga-	saprayogarahasya
12028	rA	Kirti-	kirtirA
12030	rAkzasa	Jala-rākṣasī	jalarAkzasI
12030	rAkzasa	Brahmarākṣasa	brahmarAkzasa
12030	rAkzasa	Mānuṣa-	mAnuzarAkzasa
12030	rAkzasa	Sadevāsura-	sadevAsurarAkzasa
12032	rAga	Aṅga-	aNgarAga
12032	rAga	Apa-	aparAga
12032	rAga	Kṛtrima-	kftrimarAga
12032	rAga	Padma-	padmarAga
12032	rAga	Puṣpa-	puzparAga
12032	rAga	Vi-	virAga
12032	rAga	Vīta-	vItarAga
12032	rAga	Sa-	sarAga
12032	rAga	Haridrā-	haridrArAga
12035	rAgin	Vi-	virAgin
12041	rAj	Araṇya-	araRyarAj
12041	rAj	Asura-	asurarAj
12041	rAj	Indu-	indurAj
12041	rAj	Eka-	ekarAj
12041	rAj	Kratu-	kraturAj
12041	rAj	Giri-	girirAj
12041	rAj	Tṛṇa-	tfRarAj
12041	rAj	Deva-	devarAj
12041	rAj	Dharma-	DarmarAj
12041	rAj	Nāga-	nAgarAj
12041	rAj	Mṛga-	mfgarAj
12041	rAj	Yakṣa-	yakzarAj
12041	rAj	Viśva-	viSvarAj
12041	rAj	Sva-	svarAj
12042	rAja	Amara-	amararAja
12042	rAja	Amara-śatru-	amaraSatrurAja
12042	rAja	Ādi-	AdirAja
12042	rAja	Ṛkṣa-	fkzarAja
12042	rAja	Tṛṇa-	tfRarAja
12042	rAja	Deva-	devarAja
12042	rAja	Dvija-	dvijarAja
12042	rAja	Dharma-	DarmarAja
12042	rAja	Nada-	nadarAja
12042	rAja	Nāga-	nAgarAja
12042	rAja	Pitṛ-	pitfrAja
12042	rAja	Bhujaga-	BujagarAja
12042	rAja	Bhṛṅga-	BfNgarAja
12042	rAja	Mahā-	mahArAja
12042	rAja	Mṛga-	mfgarAja
12042	rAja	Yakṣa-	yakzarAja
12042	rAja	Yuvarāja	yuvarAja
12042	rAja	Rājarāja	rAjarAja
12042	rAja	Vighna-	viGnarAja
12042	rAja	Vimāna-	vimAnarAja
12042	rAja	Śaila-	SElarAja
12042	rAja	Sindhu-	sinDurAja
12042	rAja	Sukha-	suKarAja
12042	rAja	Sura-	surarAja
12042	rAja	Saubha-	sOBarAja
12043	rAjaka	Mahā-	mahArAjaka
12043	rAjaka	Sa-	sarAjaka
12049	rAjan	A-	arAjan
12049	rAjan	Kāśi-	kASirAjan
12049	rAjan	Dharma-rājan	DarmarAjan
12049	rAjan	Nāga-	nAgarAjan
12050	rAjanya	A-	arAjanya
12059	rAji	Nīla-rāji	nIlarAji
12059	rAji	Vana-rāj + i	vanarAji
12063	rAjya	Deva-	devarAjya
12063	rAjya	Pṛthivī-	pfTivIrAjya
12063	rAjya	Mahā-	mahArAjya
12063	rAjya	Yuvarājya-	yuvarAjyarAjya
12063	rAjya	Hṛta-	hftarAjya
12066	rAti	A-	arAti
12066	rAti	Vāyasa-a-	vAyasArAti
12068	rAtraka	Pañca(n)-	paYca(n)rAtraka
12069	rAtri	Kāla-	kAlarAtri
12069	rAtri	Yakṣa-rātri	yakzarAtri
12069	rAtri	Śiva-rātri	SivarAtri
12069	rAtri	Śeṣa-rātri	SezarAtri
12070	rAtrikA	Pañca(n)-	paYca(n)rAtrikA
12073	rAD	Su-	surAD
12079	rAma	Paraśu-	paraSurAma
12079	rAma	Bala-	balarAma
12084	rAva	Dīrgha-	dIrGarAva
12088	rASi	Agni-	agnirASi
12088	rASi	Ambu-	amburASi
12088	rASi	Brahma(n)-	brahma(n)rASi
12088	rASi	Yaśas-	yaSasrASi
12089	rAzwra	Su-	surAzwra
12093	rAsa	Dūrāsa	dUrAsa
12098	rAhu	Sa-	sarAhu
12102	rikTa	Gotra-	gotrarikTa
12107	ric	A-	aric
12110	ripu	Krauñca-	krOYcaripu
12121	riz	A-riṣṭa	arizwa
12140	ruc	Ghana-	Ganaruc
12140	ruc	Phaṇā-maṇi-sahasra-	PaRAmaRisahasraruc
12140	ruc	Vistārita-varṇa-saṃkara-	vistAritavarRasaMkararuc
12140	ruc	Śīta-	SItaruc
12140	ruc	A-śīta-	aSItaruc
12142	ruci	Uṣṇa-	uzRaruci
12142	ruci	Daṇḍa-ruci	daRqaruci
12142	ruci	Pratigraha-	pratigraharuci
12142	ruci	Māṃsa-	mAMsaruci
12142	ruci	Viśeṣa-vikrama-	viSezavikramaruci
12142	ruci	Saṃsarga-	saMsargaruci
12142	ruci	Sphurita-	sPuritaruci
12142	ruci	Sva-	svaruci
12147	ruj	Niruj	niruj
12149	rujA	A-ruja	aruja
12149	rujA	Nīruja	nIruja
12149	rujA	Sa-ruja	saruja
12149	rujA	Su-	surujA
12158	rud	Araṇya-	araRyarud
12161	ruD	A-	aruD
12161	ruD	Smṛti-	smftiruD
12173	ruz	Ati-ruṣ	atiruz
12173	ruz	Sa-ruṣ	saruz
12174	ruh	Dūrūḍha	dUrUQa
12174	ruh	Su-	suruh
12175	ruha	Jagati-	jagatiruha
12175	ruha	Jala-	jalaruha
12175	ruha	Tanū-	tanUruha
12175	ruha	Tīra-	tIraruha
12175	ruha	Vīja-kāṇḍa-	vIjakARqaruha
12180	rUp	Su-nirūpita	sunirUpita
12181	rUpa	A-	arUpa
12181	rUpa	Ati-	atirUpa
12181	rUpa	Anya-	anyarUpa
12181	rUpa	An-eka-	anekarUpa
12181	rUpa	Aśra-	aSrarUpa
12181	rUpa	Kāma-	kAmarUpa
12181	rUpa	Kiṃrūpa	kiMrUpa
12181	rUpa	Tathā-	taTArUpa
12181	rUpa	Garbha-	garBarUpa
12181	rUpa	Deśa-	deSarUpa
12181	rUpa	Naṣṭa-	nazwarUpa
12181	rUpa	Nānā-	nAnArUpa
12181	rUpa	Padma-	padmarUpa
12181	rUpa	Puṃrūpa	puMrUpa
12181	rUpa	Pūrva-	pUrvarUpa
12181	rUpa	Prāpta-	prAptarUpa
12181	rUpa	Bharya-	BaryarUpa
12181	rUpa	Yukta-	yuktarUpa
12181	rUpa	Vi-	virUpa
12181	rUpa	Viśva-	viSvarUpa
12181	rUpa	Sa-	sarUpa
12181	rUpa	Saṃkalpa-	saMkalparUpa
12181	rUpa	Sva-	svarUpa
12181	rUpa	Ātmasrarūpa	AtmasrarUpa
12181	rUpa	Stri-sva-	strisvarUpa
12181	rUpa	Hṛṣṭa-	hfzwarUpa
12182	rUpaka	Mahā-	mahArUpaka
12182	rUpaka	Vi-	virUpaka
12184	rUpavant	Adhika-	aDikarUpavant
12184	rUpavant	Stri-sva-	strisvarUpavant
12185	rUpin	A-	arUpin
12185	rUpin	Anya-	anyarUpin
12185	rUpin	Kuñjara-	kuYjararUpin
12185	rUpin	Kṣapaṇaka-	kzapaRakarUpin
12185	rUpin	Tathā-	taTArUpin
12185	rUpin	Deva-	devarUpin
12185	rUpin	Mṛga-	mfgarUpin
12185	rUpin	Sādhana-	sADanarUpin
12185	rUpin	Sva-	svarUpin
12185	rUpin	Strī-sva-	strIsvarUpin
12186	rUpya	Sama-	samarUpya
12194	reKA	Candra-	candrareKA
12194	reKA	Patra-	patrareKA
12194	reKA	Sama-rekha	samareKa
12199	reRu	Trasa-	trasareRu
12199	reRu	Rakta-	raktareRu
12199	reRu	Sikatā-	sikatAreRu
12199	reRu	Su-	sureRu
12201	retas	Ūrdhva-	UrDvaretas
12201	retas	Kumbha-	kumBaretas
12201	retas	Vasu-	vasuretas
12201	retas	Vahni-	vahniretas
12201	retas	Viśva-	viSvaretas
12201	retas	Hiraṇya-	hiraRyaretas
12205	repas	Vi-	virepas
12206	rePa	Dvi-	dvirePa
12222	roga	A-	aroga
12222	roga	Kṣudroga	kzudroga
12222	roga	Tṛṣā-	tfzAroga
12222	roga	Niroga	niroga
12222	roga	Pāṇḍu-	pARquroga
12222	roga	Pāpa-	pAparoga
12222	roga	Sa-	saroga
12222	roga	Hṛd-	hfdroga
12225	rogin	A-	arogin
12225	rogin	Pāṇḍu-	pARqurogin
12225	rogin	Pāpa-	pAparogin
12226	rocaka	A-	arocaka
12227	rocana	Go-rocanā	gorocanA
12227	rocana	Vaṃśa-roc hanā	vaMSaroc hanA
12229	rocis	Vasu-	vasurocis
12233	roDa	Prāṇa-	prARaroDa
12243	roman	Ūrdhva-	UrDvaroman
12243	roman	Kāñcana-	kAYcanaroman
12243	roman	Stabdha-	stabDaroman
12250	roza	Vi-	viroza
12250	roza	Sa-	saroza
12265	rOdra	Ati-	atirOdra
12265	rOdra	Soma-	somarOdra
12271	rOrava	Mahā-	mahArOrava
12276	lakz	A-	alakz
12276	lakz	Su-lakṣita	sulakzita
12277	lakza	Vi-	vilakza
12277	lakza	Sthūla-	sTUlalakza
12278	lakzaRa	A-	alakzaRa
12278	lakzaRa	Ajahallakṣaṇā	ajahallakzaRA
12278	lakzaRa	Kṛta-	kftalakzaRa
12278	lakzaRa	Ṛgyajuḥsāmalakṣaṇa	fgyajuHsAmalakzaRa
12278	lakzaRa	Jñāna-	jYAnalakzaRa
12278	lakzaRa	Dvi-	dvilakzaRa
12278	lakzaRa	Nirlakṣaṇa	nirlakzaRa
12278	lakzaRa	Rājalakṣaṇa	rAjalakzaRa
12278	lakzaRa	Lakṣita-	lakzitalakzaRa
12278	lakzaRa	Vi-	vilakzaRa
12278	lakzaRa	Viśeṣa-	viSezalakzaRa
12278	lakzaRa	Sāmānya-	sAmAnyalakzaRa
12278	lakzaRa	Su-	sulakzaRa
12281	lakzmaRa	Saha-	sahalakzmaRa
12283	lakzmI	A-	alakzmI
12283	lakzmI	A-kṛśa-	akfSalakzmI
12283	lakzmI	Jaya-	jayalakzmI
12283	lakzmI	Mahā-	mahAlakzmI
12283	lakzmI	Rājalakṣmī	rAjalakzmI
12288	lag	Pāda-	pAdalag
12288	lag	Pṛṣṭha-	pfzWalag
12288	lag	Śubha-	SuBalag
12288	lag	Hastāgra-	hastAgralag
12296	laGu	A-	alaGu
12296	laGu	Pari-	parilaGu
12316	lajjA	Nirlajja	nirlajja
12316	lajjA	Sa-	salajjA
12331	latA	Amṛta-	amftalatA
12331	latA	Ud-patāka-bhuja-laṭa	utpatAkaBujalawa
12331	latA	Kalpa-	kalpalatA
12331	latA	Nāga-	nAgalatA
12331	latA	Bāhu-	bAhulatA
12331	latA	Bhrū-	BrUlatA
12331	latA	Bhū-	BUlatA
12331	latA	Muktā-	muktAlatA
12331	latA	Mohana-	mohanalatA
12331	latA	Romalatā	romalatA
12331	latA	Taḍillatā	taqillatA
12331	latA	Vetra-	vetralatA
12331	latA	Sūrya-	sUryalatA
12331	latA	Soma-	somalatA
12332	latikA	Aṅgu-	aNgulatikA
12332	latikA	Amṛta-	amftalatikA
12332	latikA	Būhu-	bUhulatikA
12341	lamba	Ā-gaṇḍa-	AgaRqalamba
12346	lambin	A-	alambin
12346	lambin	An-ati-	anatilambin
12346	lambin	Pūrva-ardha-	pUrvArDalambin
12352	laya	A-	alaya
12354	lal	Durlalita	durlalita
12354	lal	Su-	sulal
12358	lalAwa	Mahā-	mahAlalAwa
12365	lava	Jñāna-	jYAnalava
12369	lavaRa	A-kṣāra-lavaṇa	akzAralavaRa
12380	las	Durvitasita	durvitasita
12385	lahari	Ānanda-	Anandalahari
12388	lAkzA	Caraṇa-	caraRalAkzA
12393	lAGava	Guru-	gurulAGava
12393	lAGava	Hasta-	hastalAGava
12400	lAYCana	Mṛga-	mfgalAYCana
12400	lAYCana	Śrī-vatsa-	SrIvatsalAYCana
12400	lAYCana	Śaśa-	SaSalAYCana
12407	lABa	A-	alABa
12407	lABa	Guṇa-a-	guRAlABa
12407	lABa	Durlābha	durlABa
12407	lABa	Dvi-guṇa-	dviguRalABa
12407	lABa	Lābha-a-	lABAlABa
12407	lABa	Siddhi-	sidDilABa
12411	lAlasa	Darśana-	darSanalAlasa
12411	lAlasa	Pati-	patilAlasa
12417	lAva	Puṣpa-	puzpalAva
12424	likzA	Yūkā-likṣa	yUkAlikza
12425	liK	Citra-	citraliK
12425	liK	Dur-lekhya	durleKya
12430	liNga	Ṛtu-	ftuliNga
12430	liNga	Tri-	triliNga
12430	liNga	Deva-	devaliNga
12430	liNga	Nirliṅga	nirliNga
12430	liNga	Puṃliṅga	puMliNga
12430	liNga	Viṣṇuliṅgī	vizRuliNgI
12430	liNga	Strī-	strIliNga
12433	liNgin	A-	aliNgin
12433	liNgin	Ārya-	AryaliNgin
12433	liNgin	Dvija-	dvijaliNgin
12433	liNgin	Mārjāra-	mArjAraliNgin
12434	lip	A-medhya-lipta	ameDyalipta
12444	lih	Rasanā-	rasanAlih
12445	lI	A-	alI
12447	lIlA	Sa-līla	salIla
12451	luYcaka	Keśa-	keSaluYcaka
12467	lup	A-	alup
12470	luB	Ati-	atiluB
12470	luB	Guṇa-	guRaluB
12482	leKa	Indu-	induleKa
12482	leKa	Candra-	candraleKa
12482	leKa	Citra-	citraleKa
12482	leKa	Patra-	patraleKa
12482	leKa	Sa-patra-lekha	sapatraleKa
12482	leKa	Śaśilekhā	SaSileKA
12482	leKa	Hṛllekha	hflleKa
12487	lepa	Nirlepa	nirlepa
12487	lepa	Piṇḍī-	piRqIlepa
12487	lepa	Vajra-	vajralepa
12490	lepana	Bhūmi-	BUmilepana
12495	leSa	Aśru-	aSruleSa
12495	leSa	Prāleya-	prAleyaleSa
12495	leSa	Sukha-	suKaleSa
12495	leSa	Sa-	saleSa
12500	loka	A-	aloka
12500	loka	Aṅga-	aNgaloka
12500	loka	Amara-	amaraloka
12500	loka	Indra-	indraloka
12500	loka	Go-	goloka
12500	loka	Gṛha-	gfhaloka
12500	loka	Jana-	janaloka
12500	loka	Jīva-	jIvaloka
12500	loka	Tapoloka	tapoloka
12500	loka	Tala-	talaloka
12500	loka	Tri-	triloka
12500	loka	Nara-vīra-	naravIraloka
12500	loka	Para-	paraloka
12500	loka	Paura-	pOraloka
12500	loka	Brahmaloka	brahmaloka
12500	loka	Lokāloka	lokAloka
12500	loka	Vi-	viloka
12507	locana	Cāru-	cArulocana
12507	locana	Tri-	trilocana
12507	locana	Vāma-	vAmalocana
12507	locana	Sthira-	sTiralocana
12507	locana	Hari-	harilocana
12521	loBa	A-	aloBa
12521	loBa	Ati-	atiloBa
12524	loman	Asi-	asiloman
12526	lomaSa	Haṃsa-	haMsalomaSa
12528	lola	Ā-	Alola
12528	lola	Mahā-	mahAlola
12538	loha	Kṛṣṇa-	kfzRaloha
12538	loha	Nīla-	nIlaloha
12538	loha	Pañcaloha	paYcaloha
12538	loha	Mahā-	mahAloha
12538	loha	Ravi-	raviloha
12538	loha	Sāra-	sAraloha
12541	lohamaya	Sarva-	sarvalohamaya
12543	lohita	Dhūmra-	DUmralohita
12543	lohita	Nīla-	nIlalohita
12548	lOkika	A-	alOkika
12548	lOkika	Jīva-	jIvalOkika
12550	lOlya	A-	alOlya
12550	lOlya	Ati-	atilOlya
12550	lOlya	Jihvā-	jihvAlOlya
12550	lOlya	Manas-	manaslOlya
12555	vaMSa	A-	avaMSa
12555	vaMSa	Ādi-	AdivaMSa
12555	vaMSa	Jarjara-	jarjaravaMSa
12555	vaMSa	Nāsā-	nAsAvaMSa
12555	vaMSa	Pṛṣṭha-	pfzWavaMSa
12555	vaMSa	Raghu-	raGuvaMSa
12555	vaMSa	Soma-	somavaMSa
12558	vaMSya	Mahā-	mahAvaMSya
12558	vaMSya	Viśuddha-	viSudDavaMSya
12570	vaktra	Dadhi-	daDivaktra
12570	vaktra	Danta-	dantavaktra
12570	vaktra	Daśavaktra	daSavaktra
12570	vaktra	Pañcavaktra	paYcavaktra
12570	vaktra	Mahā-	mahAvaktra
12571	vakra	Aṣṭā-	azwAvakra
12589	vac	An-	anvac
12589	vac	Ardha-	arDavac
12589	vac	Durukta	durukta
12589	vac	Punar-	punarvac
12589	vac	Pratikūla-	pratikUlavac
12592	vacana	A-	avacana
12592	vacana	Tathya-	taTyavacana
12592	vacana	Priya-	priyavacana
12592	vacana	Pratikūla-	pratikUlavacana
12592	vacana	Vīśeṣa-	vISezavacana
12592	vacana	Su-	suvacana
12596	vacas	Durvacas	durvacas
12596	vacas	Sadvacas	sadvacas
12596	vacas	Su-	suvacas
12636	vaRwaka	Hṛd-	hfdvaRwaka
12647	vatsa	Śrī-	SrIvatsa
12650	vatsala	Vara-	varavatsala
12650	vatsala	Sahaja-	sahajavatsala
12656	vadana	Maṃsa-piṇḍa-gṛhīta-	maMsapiRqagfhItavadana
12656	vadana	Su-	suvadana
12663	vaDa	A-	avaDa
12663	vaDa	Ātmavadha	AtmavaDa
12663	vaDa	Go-	govaDa
12663	vaDa	Śiśu-pāla-	SiSupAlavaDa
12663	vaDa	Śuddha-	SudDavaDa
12668	vaDU	Kula-	kulavaDU
12668	vaDU	Nava-	navavaDU
12668	vaDU	Nāga-	nAgavaDU
12668	vaDU	Preṣya-	prezyavaDU
12668	vaDU	Vāra-	vAravaDU
12668	vaDU	Svar-, Svarga-	svar, svargavaDU
12673	van	Tridaśa-	tridaSavan
12673	van	Sa-nāka-vanita	sanAkavanita
12674	vana	Asi-patra-	asipatravana
12674	vana	Citra-	citravana
12674	vana	Tapovana	tapovana
12674	vana	Nir-vaṇa	nirvaRa
12674	vana	Paraśu-	paraSuvana
12674	vana	Pitṛ-	pitfvana
12674	vana	Pramada-	pramadavana
12674	vana	Mahā-	mahAvana
12691	vandana	Pāda-	pAdavandana
12711	vam	Durvānta	durvAnta
12719	vayas	Gata-	gatavayas
12719	vayas	Pūrva-	pUrvavayas
12719	vayas	Sa-	savayas
12728	vara	Kāma-	kAmavara
12728	vara	Datta-	dattavara
12728	vara	Dvija-	dvijavara
12728	vara	Pika-	pikavara
12728	vara	Pura-	puravara
12728	vara	Prāpta-	prAptavara
12728	vara	Muni-	munivara
12728	vara	Raghu-	raGuvara
12728	vara	Vīra-	vIravara
12728	vara	Sarovara	sarovara
12728	vara	Sarit-	saritvara
12740	varAwaka	Kim-	kimvarAwaka
12743	varAha	Mahā-	mahAvarAha
12760	varga	Āpta-	Aptavarga
12760	varga	Catur-	caturvarga
12760	varga	Tri-	trivarga
12760	varga	Dāsa-	dAsavarga
12760	varga	Pātra-	pAtravarga
12760	varga	Bandhu-	banDuvarga
12760	varga	Bhṛtya-	Bftyavarga
12760	varga	Rakṣi(n)-	rakzi(n)varga
12767	varcasvin	Brahman-	brahmanvarcasvin
12769	varja	Tṛca-	tfcavarja
12769	varja	Tvad-varja + m	tvadvarjam
12769	varja	Parvavarja + m	parvavarjam
12772	varRa	A-	avarRa
12772	varRa	Agni-	agnivarRa
12772	varRa	Eka-	ekavarRa
12772	varRa	Jyeṣṭha-	jyezWavarRa
12772	varRa	Durvarṇa	durvarRa
12772	varRa	Dhūmra-	DUmravarRa
12772	varRa	Bhinna-	BinnavarRa
12772	varRa	Madhu-	maDuvarRa
12772	varRa	Megha-	meGavarRa
12772	varRa	Yathārha-	yaTArhavarRa
12772	varRa	Labdha-	labDavarRa
12772	varRa	Vi-	vivarRa
12772	varRa	Sa-	savarRa
12772	varRa	Sama-	samavarRa
12772	varRa	Su-	suvarRa
12772	varRa	Hiraṇya-	hiraRyavarRa
12773	varRaka	Tri-	trivarRaka
12777	varRin	Vara-varṇinī	varavarRinI
12783	vartikA	Yoga-	yogavartikA
12784	vartin	Ucchāstra-	ucCAstravartin
12784	vartin	Unmārga-	unmArgavartin
12784	vartin	Guṇa-	guRavartin
12784	vartin	Guru-	guruvartin
12784	vartin	Cakra-	cakravartin
12784	vartin	Dūra-	dUravartin
12784	vartin	Ati-dūra-	atidUravartin
12784	vartin	Pārśva-	pArSvavartin
12784	vartin	Purovartin	purovartin
12784	vartin	Pratikūla-	pratikUlavartin
12784	vartin	Vaśa-	vaSavartin
12784	vartin	Sama-	samavartin
12784	vartin	Hasta-	hastavartin
12788	vartman	Ākāśa-	AkASavartman
12788	vartman	Kṛṣṇa-	kfzRavartman
12788	vartman	Ghana-	Ganavartman
12788	vartman	Rājavartman	rAjavartman
12793	varDana	Kamala-	kamalavarDana
12793	varDana	Kula-	kulavarDana
12793	varDana	Nandi-	nandivarDana
12793	varDana	Nābhi-	nABivarDana
12793	varDana	Puṇya-	puRyavarDana
12793	varDana	Meru-	meruvarDana
12793	varDana	Ratna-	ratnavarDana
12793	varDana	Vaṃśa-	vaMSavarDana
12793	varDana	Varṣa-	varzavarDana
12798	varpas	Ghora-	Goravarpas
12799	varman	Varman	varman
12799	varman	Dharma-	Darmavarman
12799	varman	Nirjita-	nirjitavarman
12804	varza	A-	avarza
12804	varza	Aṣṭavarṣa	azwavarza
12804	varza	Tirovarṣa	tirovarza
12804	varza	Dvādaśavarṣa	dvAdaSavarza
12804	varza	Pra-	pravarza
12804	varza	Śara-	Saravarza
12806	varzaRa	A-	avarzaRa
12811	varzin	A-pātra-	apAtravarzin
12811	varzin	Abhīṣṭa-	aBIzwavarzin
12811	varzin	Citra-	citravarzin
12811	varzin	Ṣaṣṭi-	zazwivarzin
12827	valaya	Akṣa-sūtra-	akzasUtravalaya
12827	valaya	Ku-	kuvalaya
12827	valaya	Bhū-	BUvalaya
12827	valaya	Lekhā-	leKAvalaya
12827	valaya	Vratati-	vratativalaya
12833	valita	An-ativalita	anativalita
12838	valka	Danta-	dantavalka
12853	vallaBa	Kuvera-	kuveravallaBa
12853	vallaBa	Śrī-	SrIvallaBa
12854	vallaBatA	Ati-	ativallaBatA
12856	vallari	Alaka-	alakavallari
12856	vallari	Viṣa-vallarī	vizavallarI
12856	vallari	Soma-	somavallari
12858	valli	Nāga-vallī̆	nAgavallĬ
12858	valli	Sūrya-vallī	sUryavallI
12866	vaSa	A-	avaSa
12866	vaSa	Aṅkuśa-	aNkuSavaSa
12866	vaSa	Ātmavaśa	AtmavaSa
12866	vaSa	Karmavaśa	karmavaSa
12866	vaSa	Krodha-	kroDavaSa
12866	vaSa	Daiva-	dEvavaSa
12866	vaSa	Nidrā-	nidrAvaSa
12866	vaSa	Para-	paravaSa
12866	vaSa	Mantra-oṣadhi-	mantrauzaDivaSa
12866	vaSa	Moha-	mohavaSa
12866	vaSa	Vi-	vivaSa
12866	vaSa	Sva-	svavaSa
12878	vaSya	A-vaśya + m	avaSyam
12878	vaSya	Kāma-	kAmavaSya
12887	vas	Grāma-	grAmavas
12893	vasati	Garbha-vasati	garBavasati
12893	vasati	Durvasati	durvasati
12893	vasati	Ramaṇa-vasati	ramaRavasati
12894	vasana	Su-	suvasana
12895	vasanta	Su-	suvasanta
12899	vasu	Punar-	punarvasu
12899	vasu	Purā-	purAvasu
12899	vasu	Mitrāvasu	mitrAvasu
12899	vasu	Vibhā-	viBAvasu
12902	vasuDA	Kṣetra-	kzetravasuDA
12913	vasti	Indra-	indravasti
12914	vastu	A-	avastu
12914	vastu	A-dvitīya-	advitIyavastu
12914	vastu	Grathita-	graTitavastu
12918	vastra	Antar-	antarvastra
12918	vastra	Vi-	vivastra
12918	vastra	Snāna-	snAnavastra
12923	vah	An-	anvah
12923	vah	Navoḍhā	navoQA
12937	vA	A-	avA
12940	vAka	Nis-	nirvAka
12941	vAkya	Nirvākya	nirvAkya
12941	vAkya	Mahā-	mahAvAkya
12954	vAc	An-ṛta-	anftavAc
12954	vAc	A-bhaya-	aBayavAc
12954	vAc	A-mogha-	amoGavAc
12954	vAc	Āpta-	AptavAc
12954	vAc	Durvāc	durvAc
12954	vAc	Duṣṭa-	duzwavAc
12954	vAc	Nirvāc	nirvAc
12954	vAc	Pra-	pravAc
12954	vAc	Satya-	satyavAc
12963	vAcika	Tri-	trivAcika
12963	vAcika	Daṇḍa-	daRqavAcika
12964	vAcyatA	A-	avAcyatA
12965	vAja	Gṛdhra-	gfDravAja
12965	vAja	Citra-	citravAja
12965	vAja	Patra-	patravAja
12966	vAjin	Śveta-	SvetavAjin
12971	vAYCA	Sva-	svavAYCA
12973	vAwa	Govāṭa	govAwa
12973	vAwa	Puṣpa-vāṭī	puzpavAwI
12973	vAwa	Yajña-	yajYavAwa
12973	vAwa	Veśa-vāṭa	veSavAwa
12973	vAwa	Śmaśāna-	SmaSAnavAwa
12975	vAwikA	Vṛkṣa-	vfkzavAwikA
12980	vARa	A-sama-, Kusuma-	asama, kusumavARa
12980	vARa	Dṛṣṭi-	dfzwivARa
12980	vARa	Vāra-	vAravARa
12989	vAta	A-	avAta
12989	vAta	Anu-	anuvAta
12989	vAta	Nirvāta	nirvAta
12989	vAta	Purovāta	purovAta
12989	vAta	Pūti-	pUtivAta
12989	vAta	Prati-	prativAta
12996	vAtala	A-	avAtala
13005	vAda	Artha-	arTavAda
13005	vAda	Āśīrvāda	ASIrvAda
13005	vAda	Itihāsa-	itihAsavAda
13005	vAda	Uccais-	uccEsvAda
13005	vAda	Dharma-	DarmavAda
13005	vAda	Pakṣa-	pakzavAda
13005	vAda	Pāṇi-	pARivAda
13005	vAda	Pratikūla-	pratikUlavAda
13005	vAda	Mithyā-	miTyAvAda
13005	vAda	Loka-	lokavAda
13005	vAda	Viṇā-	viRAvAda
13005	vAda	Sāma(n)-	sAma(n)vAda
13005	vAda	Hīna-	hInavAda
13005	vAda	Hetu-	hetuvAda
13006	vAdaka	Pāṇi-	pARivAdaka
13011	vAdin	Artha-	arTavAdin
13011	vAdin	Ahaṃvādin	ahaMvAdin
13011	vAdin	Uttara-	uttaravAdin
13011	vAdin	Ṛta-	ftavAdin
13011	vAdin	Dharma-	DarmavAdin
13011	vAdin	Paṇḍita-	paRqitavAdin
13011	vAdin	Pārva-	pArvavAdin
13011	vAdin	Pratīkūla-	pratIkUlavAdin
13011	vAdin	Priya-	priyavAdin
13011	vAdin	Brahmavādin	brahmavAdin
13011	vAdin	Mantra-	mantravAdin
13011	vAdin	Mithyā-	miTyAvAdin
13011	vAdin	Satya-	satyavAdin
13011	vAdin	Hīna-	hInavAdin
13026	vApi	Svar-vāpī	svarvApI
13032	vAya	Tantu-, Tantra-	tantu, tantravAya
13032	vAya	Tunna-	tunnavAya
13037	vAyasa	Nis-	nirvAyasa
13038	vAyu	Mahā-	mahAvAyu
13041	vAra	Eka-vāra + m	ekavAram
13041	vAra	Bahu-	bahuvAra
13041	vAra	Madhu-	maDuvAra
13041	vAra	Ravi-	ravivAra
13041	vAra	Vāṇa-	vARavAra
13041	vAra	Viśva-	viSvavAra
13041	vAra	Soma-	somavAra
13046	vAraRa	Atapa-, Uṣṇa-	atapa, uzRavAraRa
13046	vAraRa	Digvāraṇa	digvAraRa
13046	vAraRa	Hasta-	hastavAraRa
13051	vAri	Kuśa-	kuSavAri
13051	vAri	Kṣārāmlodakavāri	kzArAmlodakavAri
13051	vAri	Candana-	candanavAri
13051	vAri	Netra-	netravAri
13056	vAriDi	Kṣīra-	kzIravAriDi
13063	vArtta	Gala-	galavArtta
13063	vArtta	Durvārttā	durvArttA
13063	vArtta	Mithyā-	miTyAvArtta
13063	vArtta	Lubdhaka-	lubDakavArtta
13077	vArzika	Daśavārṣika	daSavArzika
13077	vArzika	Dvādaśa(n)-	dvAdaSa(n)vArzika
13077	vArzika	Ūna-dvi-	UnadvivArzika
13095	vAzpa	Antar-	antarvAzpa
13095	vAzpa	Ud-	udvAzpa
13095	vAzpa	Sa-vāṣpa + m	savAzpam
13097	vAs	Su-	suvAs
13098	vAsa	Udavāsa	udavAsa
13098	vAsa	Garbha-	garBavAsa
13098	vAsa	Gṛha-	gfhavAsa
13098	vAsa	Go-	govAsa
13098	vAsa	Jala-	jalavAsa
13098	vAsa	Tapovāsa	tapovAsa
13098	vAsa	Paṭa-	pawavAsa
13098	vAsa	Bhūta-	BUtavAsa
13098	vAsa	Markaṭa-	markawavAsa
13098	vAsa	Yathā-vāsa + m	yaTAvAsam
13098	vAsa	Reṇu-	reRuvAsa
13098	vAsa	Vāri-	vArivAsa
13098	vAsa	Śayanīya-	SayanIyavAsa
13098	vAsa	Sa-	savAsa
13098	vAsa	Su-	suvAsa
13099	vAsana	Go-	govAsana
13099	vAsana	Durvāsanā	durvAsanA
13099	vAsana	Nirvāsana	nirvAsana
13099	vAsana	Vana-	vanavAsana
13099	vAsana	Sam-ud-chinna-	samutCinnavAsana
13106	vAsas	Adhas-	aDasvAsas
13106	vAsas	Uttara-	uttaravAsas
13106	vAsas	Eka-	ekavAsas
13106	vAsas	Kṛtti-	kfttivAsas
13106	vAsas	Cīra-	cIravAsas
13106	vAsas	Cīra-valkala-	cIravalkalavAsas
13106	vAsas	Danta-	dantavAsas
13106	vAsas	Digvāsas	digvAsas
13106	vAsas	Durvāsas	durvAsas
13106	vAsas	Nīla-	nIlavAsas
13106	vAsas	Sa-	savAsas
13109	vAsin	Kāma-	kAmavAsin
13109	vAsin	Grāma-	grAmavAsin
13109	vAsin	Vana-	vanavAsin
13109	vAsin	Sāmanta-	sAmantavAsin
13109	vAsin	Su-	suvAsin
13109	vAsin	Sva-	svavAsin
13120	vAstu	Pura-	puravAstu
13120	vAstu	Pṛṣṭha-	pfzWavAstu
13126	vAha	Ambu-	ambuvAha
13126	vAha	Gandha-	ganDavAha
13126	vAha	Jala-	jalavAha
13126	vAha	Puruṣa-	puruzavAha
13126	vAha	Bhāra-	BAravAha
13126	vAha	Marudvāha	marudvAha
13126	vAha	Rājavāha	rAjavAha
13126	vAha	Vāyu-	vAyuvAha
13126	vAha	Vāri-	vArivAha
13126	vAha	Śuka-	SukavAha
13126	vAha	Sādhu-	sADuvAha
13126	vAha	Sārtha-	sArTavAha
13126	vAha	Skandha-	skanDavAha
13126	vAha	Havya-	havyavAha
13126	vAha	Hastivāha	hastivAha
13127	vAhaka	Jala-	jalavAhaka
13127	vAhaka	Tāmbula-	tAmbulavAhaka
13127	vAhaka	Ratha-	raTavAhaka
13127	vAhaka	Śiśu-	SiSuvAhaka
13127	vAhaka	Skandha-	skanDavAhaka
13128	vAhana	Dvija-	dvijavAhana
13128	vAhana	Nara-	naravAhana
13128	vAhana	Mahiṣa-	mahizavAhana
13128	vAhana	Megha-	meGavAhana
13128	vAhana	Yama-	yamavAhana
13128	vAhana	Vāri-	vArivAhana
13128	vAhana	Śāli-	SAlivAhana
13128	vAhana	Śikhi(n)-	SiKi(n)vAhana
13128	vAhana	Śveta-	SvetavAhana
13128	vAhana	Hari-	harivAhana
13128	vAhana	Havya-	havyavAhana
13128	vAhana	Hotra-	hotravAhana
13130	vAhika	Bhāra-	BAravAhika
13131	vAhin	Daṇḍa-	daRqavAhin
13131	vAhin	Nara-	naravAhin
13131	vAhin	Mala-	malavAhin
13131	vAhin	Lomavāhin	lomavAhin
13131	vAhin	Vega-	vegavAhin
13131	vAhin	Sādhu-	sADuvAhin
13134	vAhya	A-	avAhya
13134	vAhya	Loka-	lokavAhya
13139	vi	Bahu-	bahuvi
13140	viMSa	Ekona-	ekonaviMSa
13140	viMSa	Eka-	ekaviMSa
13140	viMSa	Dvā-	dvAviMSa
13140	viMSa	Trayo-viṃśa	trayoviMSa
13140	viMSa	Catur-	caturviMSa
13140	viMSa	Pañcaviṃśa	paYcaviMSa
13140	viMSa	Ṣaḍviṃśa	zaqviMSa
13140	viMSa	Triṃśadviṃśa	triMSadviMSa
13141	viMSaka	Eka-	ekaviMSaka
13143	viMSati	Eka-	ekaviMSati
13143	viMSati	Dvā-	dvAviMSati
13143	viMSati	Trayo-viṃśati	trayoviMSati
13143	viMSati	Catur-	caturviMSati
13143	viMSati	Aṣṭāviṃśati	azwAviMSati
13144	viMSatitama	Eka-	ekaviMSatitama
13144	viMSatitama	Dvā-	dvAviMSatitama
13151	vikatTana	A-	avikatTana
13151	vikatTana	Dus-	durvikatTana
13162	vikala	A-	avikala
13163	vikalpa	A-vikalpa	avikalpa
13163	vikalpa	Daṇḍa-	daRqavikalpa
13163	vikalpa	Nis-	nirvikalpa
13163	vikalpa	Sa-	savikalpa
13168	vikAra	Citta-	cittavikAra
13168	vikAra	Nis-	nirvikAra
13168	vikAra	Romavikāra	romavikAra
13171	vikArin	A-	avikArin
13175	vikASa	Sa-	savikASa
13186	vikrama	A-	avikrama
13186	vikrama	Caṇḍa-	caRqavikrama
13186	vikrama	Tulya-	tulyavikrama
13186	vikrama	Tri-	trivikrama
13186	vikrama	Satya-	satyavikrama
13189	vikraya	Ātmavikraya	Atmavikraya
13189	vikraya	Kraya-	krayavikraya
13191	vikrayin	Apatya-	apatyavikrayin
13191	vikrayin	Kratu-	kratuvikrayin
13191	vikrayin	Māṃsa-	mAMsavikrayin
13194	vikriyA	Bhūta-	BUtavikriyA
13194	vikriyA	Sa-romavikriya	saromavikriya
13196	viklava	A-	aviklava
13199	vikzepa	Citta-	cittavikzepa
13199	vikzepa	Dṛṣṭi-	dfzwivikzepa
13204	vigama	Divasa-	divasavigama
13207	vigAha	Dus-	durvigAha
13209	vigraha	Ā-vṛta-	Avftavigraha
13209	vigraha	Sa-	savigraha
13215	viGAta	Danta-	dantaviGAta
13218	viGna	A-	aviGna
13218	viGna	Apa-vighna + m	apaviGnam
13218	viGna	Kṣaṇa-	kzaRaviGna
13223	vicakzaRa	Kārya-	kAryavicakzaRa
13223	vicakzaRa	Saṃdhi-	saMDivicakzaRa
13223	vicakzaRa	Su-	suvicakzaRa
13229	vicAra	A-vicāra + m	avicAram
13229	vicAra	Nis-	nirvicAra
13229	vicAra	Su-	suvicAra
13229	vicAra	Svapna-	svapnavicAra
13231	vicArin	Svapna-	svapnavicArin
13233	vicikitsA	Nis-vicikitsa + m	nirvicikitsam
13236	vicezwA	Dus-	durvicezwA
13236	vicezwA	Nis-	nirvicezwA
13243	vicyuti	Garbha-	garBavicyuti
13243	vicyuti	Saṅga-	saNgavicyuti
13246	vij	An-	anvij
13250	vijaya	Digvijaya	digvijaya
13252	vijayin	Samara-	samaravijayin
13262	vijYAna	A-	avijYAna
13262	vijYAna	Su-	suvijYAna
13268	viwapa	Namra-	namraviwapa
13279	viqAla	Vana-	vanaviqAla
13290	vitarka	Dus-	durvitarka
13290	vitarka	Sa-vitarka + m	savitarkam
13305	viTura	A-	aviTura
13306	vid	A-	avid
13306	vid	Veda-	vedavid
13306	vid	Śastra-	Sastravid
13306	vid	Vidyamāna	vidyamAna
13306	vid	A-	avid
13307	vid	Citrakarmavid	citrakarmavid
13307	vid	Jyotirvid	jyotirvid
13307	vid	Tad-	tadvid
13307	vid	Dharma-	Darmavid
13307	vid	Sarva-dharma-	sarvaDarmavid
13307	vid	Veda-	vedavid
13327	vidyA	A-	avidyA
13327	vidyA	Ātmavidyā	AtmavidyA
13327	vidyA	Adhyātma-	aDyAtmavidyA
13327	vidyA	Kṛta-	kftavidyA
13327	vidyA	Tarka-	tarkavidyA
13327	vidyA	Dus-	durvidyA
13327	vidyA	Dhanus-	DanurvidyA
13327	vidyA	Nakṣatra-	nakzatravidyA
13327	vidyA	Nis-	nirvidyA
13327	vidyA	Nīti-	nItividyA
13327	vidyA	Sa-	savidyA
13327	vidyA	Sadvidyā	sadvidyA
13327	vidyA	Sam-pūrṇa-	sampUrRavidyA
13349	viDavA	A-	aviDavA
13350	viDA	An-eka-vidha	anekaviDa
13350	viDA	Aṣṭa-vidha	azwaviDa
13350	viDA	Asmad-	asmadviDA
13350	viDA	Evam-	evamviDA
13350	viDA	Kati-	kativiDA
13350	viDA	Guṇa-	guRaviDA
13350	viDA	Catur-	caturviDA
13350	viDA	Tathā-	taTAviDA
13350	viDA	Tad-	tadviDA
13350	viDA	Tādṛgvidha	tAdfgviDa
13350	viDA	Tri-	triviDA
13350	viDA	Tvad-	tvadviDA
13350	viDA	Daśa-vidha	daSaviDa
13350	viDA	Dus-	durviDA
13350	viDA	Dri-	driviDA
13350	viDA	Navavidha	navaviDa
13350	viDA	Nānā-	nAnAviDA
13350	viDA	Pṛthagv˚	pfTagv˚
13350	viDA	Bahu-	bahuviDA
13350	viDA	Mad-	madviDA
13350	viDA	Yathā-	yaTAviDA
13350	viDA	Vi-	viviDA
13350	viDA	Ṣaḍvidha-	zaqviDaviDA
13350	viDA	Sa-	saviDA
13350	viDA	Saptavidha	saptaviDa
13350	viDA	Su-	suviDA
13351	viDAtf	Anāgata-	anAgataviDAtf
13352	viDAna	Tathā-	taTAviDAna
13352	viDAna	Puṃvat-	puMvatviDAna
13353	viDAyin	Bhaya-	BayaviDAyin
13354	viDi	A-	aviDi
13354	viDi	Karmavidhi	karmaviDi
13354	viDi	Kriyā-	kriyAviDi
13354	viDi	Chadma-vidhi	CadmaviDi
13354	viDi	Dus-	durviDi
13354	viDi	Paribhava-	pariBavaviDi
13354	viDi	Prasādhana-	prasADanaviDi
13354	viDi	Prāyaścitta-	prAyaScittaviDi
13354	viDi	Bhavadvidhi	BavadviDi
13354	viDi	Bheda-	BedaviDi
13354	viDi	Maṅgala-	maNgalaviDi
13354	viDi	Yathā-	yaTAviDi
13354	viDi	Viśeṣa-	viSezaviDi
13354	viDi	Śṛṅgāra-	SfNgAraviDi
13357	viDitsA	Nir-vidhitsa	nirviDitsa
13371	viDvaMsin	A-	aviDvaMsin
13374	vinaya	A-	avinaya
13374	vinaya	Dus-	durvinaya
13374	vinaya	Sa-	savinaya
13376	vinayavant	A-	avinayavant
13381	vinASa	A-	avinASa
13384	vinASin	A-	avinASin
13397	viniScaya	Pāpa-	pApaviniScaya
13397	viniScaya	Sva-dharma-artha-	svaDarmArTaviniScaya
13400	vinoda	Nis-	nirvinoda
13400	vinoda	Vilapana-	vilapanavinoda
13403	vindu	Suvarṇa-	suvarRavindu
13403	vindu	Hiraṇya-	hiraRyavindu
13404	vinDya	Nis-	nirvinDya
13406	vinyAsa	Akṣara-	akzaravinyAsa
13419	viparyaya	Karmaviparyaya	karmaviparyaya
13419	viparyaya	Bhāgya-	BAgyaviparyaya
13422	vipAka	Karmavipāka	karmavipAka
13422	vipAka	Daśā-	daSAvipAka
13422	vipAka	Dus-	durvipAka
13422	vipAka	Daiva-dus-	dEvadurvipAka
13428	vipina	Ati-	ativipina
13429	vipula	Su-	suvipula
13451	viplava	Prāṇa-	prARaviplava
13458	viBaNga	Āśā-	ASAviBaNga
13459	viBava	Galita-	galitaviBava
13463	viBAga	Digvi˚	digvi˚
13473	viBIzaRa	Su-	suviBIzaRa
13485	viBrama	Citta-	cittaviBrama
13485	viBrama	Dṛṣṭi-	dfzwiviBrama
13485	viBrama	Sa-	saviBrama
13495	vimarSa	Nis-	nirvimarSa
13495	vimarSa	Sa-vimarśa + m	savimarSam
13516	viyoga	A-	aviyoga
13516	viyoga	Sadviyoga	sadviyoga
13524	virala	A-	avirala
13524	virala	Pra-	pravirala
13526	viraha	Prathama-	praTamaviraha
13541	virudDatA	A-	avirudDatA
13547	viroDa	Vacana-	vacanaviroDa
13547	viroDa	Smṛti-	smftiviroDa
13548	viroDana	A-	aviroDana
13549	viroDin	Deśa-kāla-	deSakAlaviroDin
13552	vila	Ud-	udvila
13552	vila	Mahā-	mahAvila
13552	vila	Sthālī-	sTAlIvila
13558	vilamba	A-	avilamba
13562	vilaya	Su-	suvilaya
13566	vilAsa	Bhrū-	BrUvilAsa
13566	vilAsa	Sa-	savilAsa
13569	vilAsin	Vāra-	vAravilAsin
13569	vilAsin	Sura-	suravilAsin
13585	vilva	Cira-	ciravilva
13587	vivaDa	Udaka-	udakavivaDa
13589	vivara	Karṇa-	karRavivara
13589	vivara	Nāsā-	nAsAvivara
13593	vivartin	A-	avivartin
13593	vivartin	Pārśva-	pArSvavivartin
13597	vivAda	A-	avivAda
13597	vivAda	Nis-	nirvivAda
13597	vivAda	Śānta-	SAntavivAda
13597	vivAda	Sīmā-	sImAvivAda
13610	viveka	A-	aviveka
13613	vivekin	A-	avivekin
13618	viS	Svar-veśyā	svarveSyA
13621	viSaNka	A-	aviSaNka
13621	viSaNka	Nis-	nirviSaNka
13636	viSiKa	Kaṭākṣa-	kawAkzaviSiKa
13640	viSeza	A-viśeṣa + m	aviSezam
13640	viSeza	Tapoviśeṣa	tapoviSeza
13640	viSeza	Daśā-	daSAviSeza
13640	viSeza	Nis-	nirviSeza
13640	viSeza	Prasādhana-	prasADanaviSeza
13640	viSeza	Rasa-	rasaviSeza
13640	viSeza	Sa-	saviSeza
13641	viSezaka	Patra-	patraviSezaka
13641	viSezaka	Vi-pra-naṣṭa-	vipranazwaviSezaka
13641	viSezaka	Sa-	saviSezaka
13642	viSezajYa	A-	aviSezajYa
13643	viSezaRa	Nis-	nirviSezaRa
13643	viSezaRa	Sa-	saviSezaRa
13646	viSezatas	Sa-	saviSezatas
13652	viSozaRa	Tālu-	tAluviSozaRa
13666	viSrAva	Loka-viśruti	lokaviSruti
13668	viSleza	Citta-	cittaviSleza
13689	viSvAsa	A-	aviSvAsa
13691	viSvAsin	A-	aviSvAsin
13697	viz	Karṇa-	karRaviz
13698	viza	Karṇa-	karRaviza
13698	viza	Dūṣī-	dUzIviza
13698	viza	Dṛṣṭi-	dfzwiviza
13698	viza	Nis-	nirviza
13698	viza	Netra-	netraviza
13698	viza	Mahā-	mahAviza
13698	viza	Lālā-	lAlAviza
13699	vizaNga	Nis-	nirvizaNga
13705	vizama	Vākya-vajra-	vAkyavajravizama
13709	vizaya	A-	avizaya
13709	vizaya	An-anya-	ananyavizaya
13709	vizaya	Avakāśa-	avakASavizaya
13709	vizaya	Cakṣurviṣaya	cakzurvizaya
13709	vizaya	A-cakṣus-	acakzurvizaya
13709	vizaya	Guṇa-samudaya-avāpti-	guRasamudayAvAptivizaya
13709	vizaya	Nis-	nirvizaya
13709	vizaya	Nīti-	nItivizaya
13709	vizaya	Palāyana-	palAyanavizaya
13709	vizaya	Mitra-	mitravizaya
13709	vizaya	Yuvati-	yuvativizaya
13709	vizaya	Śruti-	Srutivizaya
13709	vizaya	Sva-	svavizaya
13714	vizARa	Nis-	nirvizARa
13714	vizARa	Śaśa-	SaSavizARa
13716	vizAda	A-	avizAda
13716	vizAda	Sa-viṣāda + m	savizAdam
13725	vizkira	Nakha-	naKavizkira
13725	vizkira	Smera-	smeravizkira
13726	vizwapa	Tri-	trivizwapa
13730	vizwA	Go-viṣṭhā	govizWA
13730	vizwA	Mukha-viṣṭhā	muKavizWA
13747	visaMvAdin	A-	avisaMvAdin
13754	visarpin	Manda-	mandavisarpin
13766	vistara	Ati-	ativistara
13766	vistara	Sa-	savistara
13766	vistara	Su-vistara + m	suvistaram
13770	vistAra	Ati-	ativistAra
13774	vispazwa	A-	avispazwa
13779	vismaya	Sa-vismaya	savismaya
13793	vihaMga	Nis-	nirvihaMga
13796	vihati	Praṇaya-	praRayavihati
13804	vihAra	Jayendra-	jayendravihAra
13804	vihAra	Nis-	nirvihAra
13804	vihAra	Hiṃsā-	hiMsAvihAra
13815	vihvala	A-	avihvala
13815	vihvala	Pari-	parivihvala
13825	vIci	A-	avIci
13825	vIci	Mahā-	mahAvIci
13827	vIja	A-	avIja
13827	vIja	Agni-	agnivIja
13827	vIja	Upta-	uptavIja
13827	vIja	Uśīra-	uSIravIja
13827	vIja	Nīti-	nItivIja
13827	vIja	Maṇi-	maRivIja
13827	vIja	Mantra-	mantravIja
13827	vIja	Raṅga-	raNgavIja
13827	vIja	Sva-	svavIja
13827	vIja	Hara-	haravIja
13827	vIja	Hari-	harivIja
13833	vIjya	Mahā-	mahAvIjya
13835	vIRA	Danta-	dantavIRA
13835	vIRA	Sūtra-	sUtravIRA
13840	vITi	Aja-vīthī	ajavITI
13840	vITi	Ghana-vīthi-vīthi	GanavITivITi
13840	vITi	Nakṣatra-vīthī	nakzatravITI
13840	vITi	Nabhovīthī	naBovITI
13840	vITi	Nāga-vīthī	nAgavITI
13840	vITi	Sura-vīthī	suravITI
13848	vIra	A-	avIra
13848	vIra	Eka-	ekavIra
13848	vIra	Mahā-	mahAvIra
13848	vIra	Su-	suvIra
13858	vIruD	Nis-	nirvIruD
13861	vIrya	A-mogha-	amoGavIrya
13861	vIrya	Nis-	nirvIrya
13861	vIrya	Mahā-	mahAvIrya
13861	vIrya	Vi-citra-	vicitravIrya
13861	vIrya	Sama-	samavIrya
13861	vIrya	Su-	suvIrya
13867	vf	Ūrdhva-	UrDvavf
13867	vf	Svayam-	svayamvf
13872	vfka	A-	avfka
13872	vfka	Śālā-	SAlAvfka
13876	vfkza	Asi-patra-	asipatravfkza
13876	vfkza	Kalpa-	kalpavfkza
13876	vfkza	Kṣīra-	kzIravfkza
13876	vfkza	Caitya-	cEtyavfkza
13876	vfkza	Dīpa-	dIpavfkza
13876	vfkza	Nis-	nirvfkza
13877	vfkzaka	A-	avfkzaka
13886	vft	Ārya-	Aryavft
13886	vft	Iti-	itivft
13886	vft	Kalyāṇa-	kalyARavft
13886	vft	Kāma-	kAmavft
13886	vft	Kim-	kimvft
13886	vft	Guru-	guruvft
13886	vft	Chandov˚	Candov˚
13886	vft	Tejov˚	tejov˚
13886	vft	Dus-	durvft
13886	vft	A-dus-	adurvft
13886	vft	Ati-dus-	atidurvft
13886	vft	Purā-	purAvft
13886	vft	Pūrva-	pUrvavft
13886	vft	Maṅgalādeśa-	maNgalAdeSavft
13886	vft	Yathā-vṛtta + m	yaTAvfttam
13886	vft	Veda-	vedavft
13886	vft	Sadv˚	sadv˚
13886	vft	Sādhu-	sADuvft
13886	vft	Su-	suvft
13886	vft	Sva-	svavft
13893	vfttAnta	Sadvṛ˚	sadvf˚
13894	vftti	A-	avftti
13894	vftti	Anyathā-	anyaTAvftti
13894	vftti	A-vyāpya-	avyApyavftti
13894	vftti	Uñcha-	uYCavftti
13894	vftti	Evam-	evamvftti
13894	vftti	Garva-	garvavftti
13894	vftti	Citta-	cittavftti
13894	vftti	Jyeṣṭha-	jyezWavftti
13894	vftti	A-jyeṣṭha-	ajyezWavftti
13894	vftti	Tad-vṛtti	tadvftti
13894	vftti	Tamas-	tamasvftti
13894	vftti	Dus-	durvftti
13894	vftti	Dyūta-	dyUtavftti
13894	vftti	Dhairya-	DEryavftti
13894	vftti	Pataṅga-	pataNgavftti
13894	vftti	Para-adhīna-	parADInavftti
13894	vftti	Parokṣa-	parokzavftti
13894	vftti	Pratikūla-	pratikUlavftti
13894	vftti	Bhāgya-	BAgyavftti
13894	vftti	Vaka-	vakavftti
13894	vftti	Vāgurā-	vAgurAvftti
13894	vftti	Vaiśya-	vESyavftti
13894	vftti	Śīla-	SIlavftti
13894	vftti	Śvavṛtti	Svavftti
13894	vftti	Sama-	samavftti
13894	vftti	Sādhu-	sADuvftti
13894	vftti	Sva-	svavftti
13895	vfttitA	An-āyatta-vṛttitā	anAyattavfttitA
13902	vfdDa	Kula-	kulavfdDa
13902	vfdDa	Vayas-	vayasvfdDa
13902	vfdDa	Vidyā-vayas-	vidyAvayasvfdDa
13902	vfdDa	Sa-bāla-	sabAlavfdDa
13904	vfdDi	Kāla-	kAlavfdDi
13904	vfdDi	Kusīda-	kusIdavfdDi
13904	vfdDi	Cakra-	cakravfdDi
13906	vfD	Tapov˚	tapov˚
13908	vfnta	Tāla-	tAlavfnta
13908	vfnta	Dīrgha-	dIrGavfnta
13908	vfnta	Stana-	stanavfnta
13910	vfnda	Eka-	ekavfnda
13916	vfScika	Patra-	patravfScika
13918	vfza	Kṣmā-	kzmAvfza
13918	vfza	Go-	govfza
13918	vfza	Nis-	nirvfza
13921	vfzaRa	Tikṣṇa-	tikzRavfzaRa
13924	vfzaBa	Go-	govfzaBa
13924	vfzaBa	Nara-vara-	naravaravfzaBa
13930	vfzwi	A-	avfzwi
13930	vfzwi	Prājya-	prAjyavfzwi
13930	vfzwi	Śilā-	SilAvfzwi
13940	vega	Caṇḍa-	caRqavega
13940	vega	Nis-	nirvega
13940	vega	Mahā-	mahAvega
13940	vega	Viṣa-	vizavega
13940	vega	Sa-vega + m	savegam
13948	veRa	Kṛṣṇa-	kfzRaveRa
13949	veRi	Eka-venī̆	ekavenĬ
13949	veRi	Puṣpa-veṇī	puzpaveRI
13949	veRi	Pra-veṇī̆	praveRĬ
13950	veRu	Tri-	triveRu
13953	vetana	Ubhaya-	uBayavetana
13953	vetana	Kṛta-	kftavetana
13953	vetana	Nis-	nirvetana
13964	veda	A-	aveda
13964	veda	Āyurveda	Ayurveda
13964	veda	Kṣatra-	kzatraveda
13964	veda	Gandharva-	ganDarvaveda
13964	veda	Catur-	caturveda
13964	veda	Tri-	triveda
13964	veda	Dus-	durveda
13964	veda	Dhanurveda	Danurveda
13964	veda	Pari-	pariveda
13965	vedana	Prasava-	prasavavedana
13967	vedas	Viśva-	viSvavedas
13967	vedas	Sarva-	sarvavedas
13973	vedi	Uttara-vedi	uttaravedi
13973	vedi	Ud-vedi	udvedi
13973	vedi	Vahis-vedi	vahirvedi
13976	vedin	Kanyā-	kanyAvedin
13976	vedin	Karuṇa-	karuRavedin
13976	vedin	Gambhīra-	gamBIravedin
13976	vedin	Nīti-	nItivedin
13976	vedin	Puruṣa-antara-	puruzAntaravedin
13980	veDana	Dṛḍha-	dfQaveDana
13982	veDin	Koṭi-	kowiveDin
13982	veDin	Śabda-	SabdaveDin
13982	veDin	Śīghra-	SIGraveDin
13986	vepaTu	Ati-	ativepaTu
13988	vepaTumant	Ati-	ativepaTumant
13991	vema	Su-vema	suvema
13995	vela	Ati-vela + m	ativelam
13995	vela	Anu-vela + m	anuvelam
13995	vela	Ud-vela	udvela
13995	vela	Toya-velā	toyavelA
13995	vela	Mahā-vela	mahAvela
13999	veSa	Agni-	agniveSa
13999	veSa	Abhisaraṇa-	aBisaraRaveSa
13999	veSa	Ārya-	AryaveSa
13999	veSa	Kapaṭa-yuvati-	kapawayuvativeSa
13999	veSa	Kṛta-	kftaveSa
13999	veSa	Puṃveśa	puMveSa
13999	veSa	Śṛṅgāra-	SfNgAraveSa
13999	veSa	Sa-	saveSa
14002	veSin	Sarva-	sarvaveSin
14003	veSman	Krīḍā-	krIqAveSman
14003	veSman	Jatu-	jatuveSman
14003	veSman	Pāyu-kṣālana-	pAyukzAlanaveSman
14003	veSman	Bandhana-	banDanaveSman
14003	veSman	Vāsa-	vAsaveSman
14003	veSman	Śmaśāna-	SmaSAnaveSman
14007	vezwa	Karṇa-	karRavezwa
14007	vezwa	Danta-	dantavezwa
14007	vezwa	Patra-	patravezwa
14008	vezwaka	Danta-	dantavezwaka
14009	vezwana	Ud-	udvezwana
14029	vEklavya	Sa-vaiklavya + m	savEklavyam
14032	vEcakzaRya	Ati-	ativEcakzaRya
14046	vEtaMsika	Dyūta-	dyUtavEtaMsika
14055	vEdarBa	Danta-	dantavEdarBa
14064	vEdya	Viṣa-	vizavEdya
14064	vEdya	Svar-	svarvEdya
14072	vEDavya	A-	avEDavya
14072	vEDavya	Bāla-	bAlavEDavya
14096	vEyAkaraRa	Prathama-	praTamavEyAkaraRa
14100	vEra	Nis-	nirvEra
14104	vErAgya	Sa-vairāgya + m	savErAgyam
14109	vErin	Dṛḍha-	dfQavErin
14109	vErin	Pūrva-	pUrvavErin
14114	vElakzya	Sa-	savElakzya
14134	vEzamya	Ati-	ativEzamya
14144	voQf	Dhūrvoḍhṛ	DUrvoQf
14151	vyakti	A-sakala-	asakalavyakti
14152	vyagra	A-	avyagra
14155	vyaNga	A-	avyaNga
14161	vyajana	Bāla-	bAlavyajana
14163	vyaYjana	A-	avyaYjana
14163	vyaYjana	A-jāta-	ajAtavyaYjana
14163	vyaYjana	Nis-	nirvyaYjana
14164	vyatikara	Dṛṣṭa-	dfzwavyatikara
14164	vyatikara	Vārtā-	vArtAvyatikara
14177	vyaTA	A-vyatha	avyaTa
14177	vyaTA	Guru-	guruvyaTA
14177	vyaTA	Nirvyatha	nirvyaTa
14177	vyaTA	Sa-	savyaTA
14178	vyaD	Su-	suvyaD
14178	vyaD	An-	anvyaD
14189	vyapekzA	Nirvyapekṣa	nirvyapekza
14189	vyapekzA	Sa-	savyapekzA
14190	vyaBicAra	Sa-	savyaBicAra
14193	vyaBicAritva	Svatva-	svatvavyaBicAritva
14194	vyaBicArin	A-	avyaBicArin
14197	vyaya	A-	avyaya
14197	vyaya	Ati-	ativyaya
14197	vyaya	Bhojana-	Bojanavyaya
14197	vyaya	Su-alpa-	svalpavyaya
14201	vyalIka	Nis-	nirvyalIka
14209	vyavasAyin	A-	avyavasAyin
14210	vyavasTA	A-vyavastha	avyavasTa
14215	vyavahAra	Yathā-vyavahāra + m	yaTAvyavahAram
14224	vyasana	Āyudha-	AyuDavyasana
14224	vyasana	Nau-	nOvyasana
14224	vyasana	Bala-	balavyasana
14224	vyasana	Mūla-	mUlavyasana
14226	vyasanin	A-	avyasanin
14226	vyasanin	Mānotsehaparākrama-	mAnotsehaparAkramavyasanin
14226	vyasanin	Sūta-	sUtavyasanin
14228	vyAkaraRa	Garbha-	garBavyAkaraRa
14228	vyAkaraRa	Garbhiṇī-	garBiRIvyAkaraRa
14230	vyAkulatA	Nirvyākulatā	nirvyAkulatA
14240	vyAGra	Nis-	nirvyAGra
14241	vyAja	Nis-	nirvyAja
14241	vyAja	Sa-vyāja	savyAja
14247	vyADa	Dharma-	DarmavyADa
14247	vyADa	Mṛga-	mfgavyADa
14250	vyADi	Nis-	nirvyADi
14257	vyApad	Viraha-	virahavyApad
14261	vyApAra	A-	avyApAra
14261	vyApAra	Kim-	kimvyApAra
14261	vyApAra	Dṛgvyāpāra	dfgvyApAra
14261	vyApAra	Nis-	nirvyApAra
14261	vyApAra	Vāgvy˚	vAgvy˚
14290	vyucCettf	A-	avyucCettf
14304	vyUha	Garbha-	garBavyUha
14304	vyUha	Cakra-	cakravyUha
14304	vyUha	Daṇḍa-	daRqavyUha
14304	vyUha	Maṇḍala-	maRqalavyUha
14306	vye	Yajña-	yajYavye
14306	vye	Su-	suvye
14310	vraj	Dus-	durvraj
14311	vraja	Go-	govraja
14311	vraja	Netra-	netravraja
14316	vraRa	A-	avraRa
14316	vraRa	A-kṛta-	akftavraRa
14316	vraRa	Nis-	nirvraRa
14316	vraRa	Vi-stārita-bahu-	vistAritabahuvraRa
14318	vrata	A-	avrata
14318	vrata	Arka-	arkavrata
14318	vrata	Asi-dhārā-	asiDArAvrata
14318	vrata	Ārya-	Aryavrata
14318	vrata	Indu-	induvrata
14318	vrata	Indra-	indravrata
14318	vrata	Go-	govrata
14318	vrata	Gaurī-	gOrIvrata
14318	vrata	Daṇḍa-	daRqavrata
14318	vrata	Dṛḍha-	dfQavrata
14318	vrata	Deva-	devavrata
14318	vrata	Dhṛta-	Dftavrata
14318	vrata	Niyama-	niyamavrata
14318	vrata	Nis-	nirvrata
14318	vrata	Pati-	pativrata
14318	vrata	Payovrata	payovrata
14318	vrata	Brahmavrata	brahmavrata
14318	vrata	Madhu-	maDuvrata
14318	vrata	Mahā-	mahAvrata
14318	vrata	Māruta-	mArutavrata
14318	vrata	Mauna-	mOnavrata
14318	vrata	Yata-	yatavrata
14318	vrata	Yama-	yamavrata
14318	vrata	Rahasya-	rahasyavrata
14318	vrata	Vipula-	vipulavrata
14318	vrata	Sam-śita-	samSitavrata
14318	vrata	Satya-	satyavrata
14318	vrata	Su-	suvrata
14318	vrata	Stuti-	stutivrata
14322	vratin	Go-	govratin
14322	vratin	Deva-	devavratin
14322	vratin	Mahā-	mahAvratin
14322	vratin	Vaka-	vakavratin
14327	vrAta	Vṛṣavrāta	vfzavrAta
14332	vrIqa	Sa-	savrIqa
14344	SaMs	A-śasta	aSasta
14349	Sak	A-	aSak
14352	Sakawa	Rohiṇī-	rohiRISakawa
14354	SakawikA	Mṛcchakatikā	mfcCakatikA
14359	Sakuna	A-	aSakuna
14363	SakuntalA	Abhijñāna-	aBijYAnaSakuntalA
14368	Sakti	A-	aSakti
14368	Sakti	Ananta-, Amara-, Ugra-, Deva-	ananta, amara, ugra, devaSakti
14368	Sakti	Ātmaśakti	AtmaSakti
14368	Sakti	Yathā-	yaTASakti
14368	Sakti	Rati-	ratiSakti
14368	Sakti	Śiva-	SivaSakti
14373	Saktu	Dadhi-	daDiSaktu
14375	Sakra	Ati-	atiSakra
14379	SaNk	Nitya-	nityaSaNk
14381	SaNkA	A-śaṅka	aSaNka
14381	SaNkA	Nis-śaṅka	nisSaNka
14381	SaNkA	Vita-	vitaSaNkA
14381	SaNkA	Sa-	saSaNkA
14383	SaNku	Tri-	triSaNku
14383	SaNku	Danta-	dantaSaNku
14383	SaNku	Loha-	lohaSaNku
14386	SaNKa	Mahā-	mahASaNKa
14386	SaNKa	Sa-	saSaNKa
14386	SaNKa	Saṃdhyā-	saMDyASaNKa
14386	SaNKa	Sthūla-	sTUlaSaNKa
14386	SaNKa	Hema-	hemaSaNKa
14399	SaWa	A-	aSaWa
14399	SaWa	Danta-	dantaSaWa
14407	Sata	Adhyardha-	aDyarDaSata
14407	Sata	Ardha-	arDaSata
14407	Sata	Aṣṭaśata	azwaSata
14407	Sata	Eka-	ekaSata
14407	Sata	Tāvacchata	tAvacCata
14407	Sata	Tri-	triSata
14407	Sata	Daśaśata	daSaSata
14407	Sata	Daśa-raśmi-	daSaraSmiSata
14407	Sata	Dvi-	dviSata
14407	Sata	Pañcaśata	paYcaSata
14407	Sata	Paraḥśata	paraHSata
14411	Satatama	Dvi-	dviSatatama
14411	Satatama	Tri-	triSatatama
14411	Satatama	Catuḥśatatama	catuHSatatama
14411	Satatama	Pañcaśatatama	paYcaSatatama
14411	Satatama	Navaśatatama	navaSatatama
14411	Satatama	Dvāviṃśati-	dvAviMSatiSatatama
14423	Satru	Indra-	indraSatru
14423	Satru	Krauñca-	krOYcaSatru
14423	Satru	Deva-	devaSatru
14423	Satru	Bahu-	bahuSatru
14423	Satru	Vibudha-	vibuDaSatru
14423	Satru	Vṛtra-	vftraSatru
14441	SaPa	Eka-	ekaSaPa
14441	SaPa	Dvi-	dviSaPa
14441	SaPa	Mukha-	muKaSaPa
14445	Sabda	jaya-	jayaSabda
14445	Sabda	Tāla-	tAlaSabda
14445	Sabda	Niḥśabda	niHSabda
14445	Sabda	Sa-śabda	saSabda
14445	Sabda	Sādhu-	sADuSabda
14456	Sami	Mahā-śamī	mahASamI
14467	Saya	Guhā-	guhASaya
14467	Saya	Divā-	divASaya
14467	Saya	Nitya-	nityaSaya
14475	SayyA	A-dhaḥśayya	aDaHSayya
14475	SayyA	Garbha-	garBaSayyA
14475	SayyA	Pṛthak-	pfTakSayyA
14475	SayyA	Bhū-	BUSayyA
14475	SayyA	Mahā-	mahASayyA
14475	SayyA	Vīra-	vIraSayyA
14477	Sara	A-yugma-	ayugmaSara
14477	Sara	Kusuma-	kusumaSara
14477	Sara	Pañcaśara	paYcaSara
14477	Sara	Puṣpa-	puzpaSara
14477	Sara	Sa-	saSara
14477	Sara	Hari-	hariSara
14480	SaraRa	A-	aSaraRa
14480	SaraRa	Aśaraṇī-kṛta	aSaraRIkfta
14480	SaraRa	Agni-	agniSaraRa
14483	Sarad	Pariṇata-śarad	pariRataSarad
14499	SarAva	Śaktu-	SaktuSarAva
14503	SarIra	A-	aSarIra
14503	SarIra	Liṅga-	liNgaSarIra
14503	SarIra	Śeṣa-	SezaSarIra
14503	SarIra	Sūkṣma-	sUkzmaSarIra
14505	SarIrin	A-	aSarIrin
14507	SarkarA	Guḍa-	guqaSarkarA
14507	SarkarA	Niḥśarkara	niHSarkara
14507	SarkarA	Maṇi-śaṅkha-śarkara	maRiSaNKaSarkara
14507	SarkarA	Vṛhat-tuhinaśarkara	vfhattuhinaSarkara
14527	SalAkA	Ayas-kānta-	ayaskAntaSalAkA
14527	SalAkA	Niḥśalāka	niHSalAka
14527	SalAkA	Vaṃśa-	vaMSaSalAkA
14529	Salka	Mahā-	mahASalka
14529	Salka	Sa-	saSalka
14531	Salya	Nis-	nisSalya
14531	Salya	Vi-	viSalya
14531	Salya	Sa-	saSalya
14538	Savara	Smara-	smaraSavara
14541	Savas	Satya-	satyaSavas
14553	Sastra	Ati-	atiSastra
14553	Sastra	Nis-	nisSastra
14553	Sastra	Nyasta-	nyastaSastra
14553	Sastra	Mahā-	mahASastra
14553	Sastra	Vi-	viSastra
14560	SAka	Utpala-	utpalaSAka
14560	SAka	Kāla-	kAlaSAka
14560	SAka	Tikta-	tiktaSAka
14560	SAka	Patra-	patraSAka
14574	SAKA	Tri-śākha	triSAKa
14574	SAKA	Skandha-	skanDaSAKA
14578	SAwa	Sthūla-śāṭi	sTUlaSAwi
14609	SAyin	Ūrdhva-	UrDvaSAyin
14609	SAyin	Eka-	ekaSAyin
14609	SAyin	Prāsāda-	prAsAdaSAyin
14609	SAyin	Yoga-	yogaSAyin
14609	SAyin	Sthaṇḍila-	sTaRqilaSAyin
14611	SAra	Kṛṣṇa-	kfzRaSAra
14628	SAla	Apūpa-	apUpaSAla
14628	SAla	Aśva-	aSvaSAla
14628	SAla	Aśva-calana-	aSvacalanaSAla
14628	SAla	Gāndharva-	gAnDarvaSAla
14628	SAla	Catuḥśāla	catuHSAla
14628	SAla	Candra-	candraSAla
14628	SAla	Citra-	citraSAla
14628	SAla	Nartana-	nartanaSAla
14628	SAla	Patnī-	patnISAla
14628	SAla	Parṇa-	parRaSAla
14628	SAla	Pāka-	pAkaSAla
14628	SAla	Raṅga-	raNgaSAla
14628	SAla	Ratha-	raTaSAla
14628	SAla	Śilpa-	SilpaSAla
14628	SAla	Sūda-	sUdaSAla
14635	SAlin	Abhimāna-	aBimAnaSAlin
14635	SAlin	Naya-	nayaSAlin
14635	SAlin	Bāhu-	bAhuSAlin
14635	SAlin	Vīrya-	vIryaSAlin
14640	SAlUka	Kaṇṭha-	kaRWaSAlUka
14643	SAlmali	Kūṭa-	kUwaSAlmali
14649	SASvata	A-	aSASvata
14649	SASvata	Pari-	pariSASvata
14651	SAs	A-	aSAs
14652	SAsana	Kūṭa-	kUwaSAsana
14652	SAsana	Tāmra-	tAmraSAsana
14652	SAsana	Dus-	dusSAsana
14652	SAsana	Dharma-	DarmaSAsana
14652	SAsana	Para-	paraSAsana
14652	SAsana	Pura-	puraSAsana
14652	SAsana	Bhīma-	BImaSAsana
14652	SAsana	Mahā-	mahASAsana
14656	SAstra	Calacchāstra	calacCAstra
14656	SAstra	Jñāna-	jYAnaSAstra
14656	SAstra	Tarka-	tarkaSAstra
14656	SAstra	Dharma-	DarmaSAstra
14656	SAstra	Naya-	nayaSAstra
14656	SAstra	Yathā-śāstra + m	yaTASAstram
14656	SAstra	Śabda-	SabdaSAstra
14656	SAstra	Haya-	hayaSAstra
14656	SAstra	Hetu-	hetuSAstra
14667	SikzA	Upa-	upaSikzA
14667	SikzA	Gaja-	gajaSikzA
14671	SiKaRqin	Citra-	citraSiKaRqin
14671	SiKaRqin	Sa-	saSiKaRqin
14672	SiKara	Tri-	triSiKara
14674	SiKA	Agni-śikha	agniSiKa
14674	SiKA	Ucchikha	ucCiKa
14674	SiKA	Tri-śikha	triSiKa
14674	SiKA	Dīpa-	dIpaSiKA
14674	SiKA	Dīpta-śikha	dIptaSiKa
14674	SiKA	Stana-	stanaSiKA
14678	SiKin	Śastra-	SastraSiKin
14692	SiTila	A-	aSiTila
14698	Sira	Tri-	triSira
14700	Siras	A-	aSiras
14700	Siras	Abhra-	aBraSiras
14700	Siras	Aśva-	aSvaSiras
14700	Siras	Uccaiḥśiras	uccEHSiras
14700	Siras	Kapāla-	kapAlaSiras
14700	Siras	Kūrca-	kUrcaSiras
14700	Siras	Tri-	triSiras
14700	Siras	Dvi-	dviSiras
14700	Siras	Bhuja-	BujaSiras
14700	Siras	Mṛga-	mfgaSiras
14700	Siras	Śiśu-māra-	SiSumAraSiras
14707	SiroDarA	Mahā-kāya-śirodhara	mahAkAyaSiroDara
14711	Sila	Gaṇḍa-śilā	gaRqaSilA
14711	Sila	Jāta-rūpa-śila	jAtarUpaSila
14711	Sila	Tīrtha-śilā	tIrTaSilA
14711	Sila	Badhya-	baDyaSila
14711	Sila	Manaḥśila	manaHSila
14711	Sila	Svalpa-śilā	svalpaSilA
14716	Silpa	Kṛta-	kftaSilpa
14719	Siva	A-	aSiva
14719	Siva	Sadā-	sadASiva
14731	Siz	Viṣama-	vizamaSiz
14738	SIkara	Kara-	karaSIkara
14742	SIta	A-	aSIta
14744	SItala	A-	aSItala
14744	SItala	Ati-	atiSItala
14744	SItala	Su-	suSItala
14744	SItala	Hima-	himaSItala
14745	SItkAra	Sa-śītkāra + m	saSItkAram
14752	SIrza	Go-	goSIrza
14752	SIrza	Tri-	triSIrza
14752	SIrza	Daśaśīrṣa	daSaSIrza
14752	SIrza	Pañca-	paYcaSIrza
14752	SIrza	Pūrva-	pUrvaSIrza
14752	SIrza	Mṛga-	mfgaSIrza
14753	SIrzaka	Sthūla-śīrṣikā	sTUlaSIrzikA
14757	SIla	A-	aSIla
14757	SIla	Abhi-vādana-	aBivAdanaSIla
14757	SIla	Guṇa-	guRaSIla
14757	SIla	Dāna-	dAnaSIla
14757	SIla	Dus-	dusSIla
14757	SIla	Duḥkha-	duHKaSIla
14757	SIla	Dharma-	DarmaSIla
14757	SIla	Puṇya-	puRyaSIla
14757	SIla	Māṃsa-	mAMsaSIla
14757	SIla	Mṛgayā-	mfgayASIla
14757	SIla	Yajña-	yajYaSIla
14757	SIla	Vi-	viSIla
14757	SIla	Viṣama-	vizamaSIla
14757	SIla	Śānti-	SAntiSIla
14757	SIla	Sādhu-	sADuSIla
14757	SIla	Su-	suSIla
14757	SIla	Snāna-	snAnaSIla
14760	SIlavant	Śruti-	SrutiSIlavant
14764	Suka	Gṛha-	gfhaSuka
14767	Sukti	Mahā-	mahASukti
14771	Sukla	Pañcaśukla	paYcaSukla
14771	Sukla	Mahā-śuklā	mahASuklA
14776	Suc	A-	aSuc
14779	Suci	A-	aSuci
14779	Suci	Upadhā-	upaDASuci
14790	SuRqikA	Gala-	galaSuRqikA
14794	SudDi	Agni-	agniSudDi
14794	SudDi	Dravya-	dravyaSudDi
14794	SudDi	Vaira-	vEraSudDi
14795	SuD	A-	aSuD
14795	SuD	Ati-	atiSuD
14806	SuBa	A-	aSuBa
14806	SuBa	Śubhāśubha	SuBASuBa
14809	SuBra	Mahā-	mahASuBra
14814	Sulka	Guṇa-, Dhana-	guRa, DanaSulka
14819	SuSrUzA	Agni-	agniSuSrUzA
14819	SuSrUzA	Caraṇa-	caraRaSuSrUzA
14819	SuSrUzA	Pari-	pariSuSrUzA
14819	SuSrUzA	Pāda-	pAdaSuSrUzA
14828	Suzma	An-anta-	anantaSuzma
14831	SUka	Śasya-	SasyaSUka
14831	SUka	Śita	Sita
14833	SUdra	Mahā-	mahASUdra
14839	SUnya	A-	aSUnya
14839	SUnya	Anyathā-siddhi-	anyaTAsidDiSUnya
14839	SUnya	Pari-	pariSUnya
14839	SUnya	Sarva-	sarvaSUnya
14840	SUnyatA	Mātṛ-	mAtfSUnyatA
14843	SUra	Piṇḍī-	piRqISUra
14843	SUra	Sva-bhāva-	svaBAvaSUra
14851	SUla	A-kāṇḍa-	akARqaSUla
14851	SUla	Karṇa-	karRaSUla
14851	SUla	Kukṣi-	kukziSUla
14851	SUla	Tri-	triSUla
14851	SUla	Danta-	dantaSUla
14854	SUlin	Tri-	triSUlin
14859	SfNKala	Uccṛṅkhala	uccfNKala
14859	SfNKala	Chinna-	CinnaSfNKala
14859	SfNKala	Vi-	viSfNKala
14860	SfNga	A-	aSfNga
14860	SfNga	Ṛksāmaśṛṅga	fksAmaSfNga
14860	SfNga	Eka-	ekaSfNga
14860	SfNga	Catuḥśṛ˚	catuHSf˚
14860	SfNga	Prabāla-maṇi-	prabAlamaRiSfNga
14860	SfNga	Sa-	saSfNga
14866	SfNgin	Prabāla-maṇi-	prabAlamaRiSfNgin
14871	SeKara	Indu-, Candra-	indu, candraSeKara
14882	Seza	Ālekhya-	AleKyaSeza
14882	Seza	Kārya-	kAryaSeza
14882	Seza	Jiva-	jivaSeza
14882	Seza	Deva-	devaSeza
14882	Seza	Nāma-śeṣa	nAmaSeza
14882	Seza	Niḥ-śeṣa	niSeza
14882	Seza	Malamallaka-	malamallakaSeza
14882	Seza	Yaśas-	yaSasSeza
14882	Seza	Vākya-	vAkyaSeza
14882	Seza	Smṛti-	smftiSeza
14882	Seza	Hata-	hataSeza
14891	SEla	Krīḍā	krIqA
14891	SEla	Tārkṣya-	tArkzyaSEla
14891	SEla	Tuhina-	tuhinaSEla
14891	SEla	Pañcaśaila	paYcaSEla
14891	SEla	Badarī-	badarISEla
14891	SEla	Mantha-	manTaSEla
14891	SEla	Mahā-	mahASEla
14892	SElaja	Hima-	himaSElaja
14906	So	Su-niśita	suniSita
14907	Soka	A-	aSoka
14907	Soka	Tri-	triSoka
14907	Soka	Niḥś˚	niHS˚
14907	Soka	Vita-	vitaSoka
14907	Soka	Sa-	saSoka
14907	Soka	Hṛcchoka	hfcCoka
14911	Socis	Śukra-	SukraSocis
14915	SoRita	Jiva-	jivaSoRita
14915	SoRita	Pūya-	pUyaSoRita
14920	SoPa	Danta-	dantaSoPa
14922	SoBana	Vana-	vanaSoBana
14923	SoBin	Smita-	smitaSoBin
14924	Soza	Tālu-	tAluSoza
14924	Soza	Dus-	dusSoza
14924	Soza	Pari-	pariSoza
14931	SOca	A-	aSOca
14931	SOca	Artha-	arTaSOca
14938	SORqa	Dāna-	dAnaSORqa
14952	SmaSAna	Pāreśmaśānam	pAreSmaSAnam
14953	SmaSru	Rakta-	raktaSmaSru
14953	SmaSru	Sa-	saSmaSru
14953	SmaSru	Sita-	sitaSmaSru
14977	SradDa	A-śraddhā	aSradDA
14977	SradDa	Yathā-śraddha + m	yaTASradDam
14985	Sram	A-śrānta + m	aSrAntam
14985	Sram	Ati-	atiSram
14986	Srama	A-	aSrama
14986	Srama	Ati-	atiSrama
14986	Srama	Kṛta-	kftaSrama
14986	Srama	Khyāta-vyākaraṇa-	KyAtavyAkaraRaSrama
14986	Srama	Jita-	jitaSrama
14986	Srama	Matta-ibha-kumbha-vidalana-kṛta-	matteBakumBavidalanakftaSrama
14986	Srama	Vṛthā-	vfTASrama
14986	Srama	Sa-	saSrama
14992	Srava	Karṇa-	karRaSrava
14992	Srava	Su-dus-	sudusSrava
14993	SravaRa	Ugra-	ugraSravaRa
14994	Sravas	Uccaiḥśravas	uccEHSravas
14994	Sravas	Cakṣuḥśravas	cakzuHSravas
14994	Sravas	Dirgha-	dirGaSravas
14994	Sravas	Deva-	devaSravas
14994	Sravas	Pṛthu-	pfTuSravas
14994	Sravas	Viṣṭara-	vizwaraSravas
14994	Sravas	Vṛddha-	vfdDaSravas
14994	Sravas	Su-	suSravas
14999	SrAdDa	Vṛddhi-	vfdDiSrAdDa
15006	SrAvaRa	Satya-	satyaSrAvaRa
15008	Sri	An-eka-	anekaSri
15008	Sri	Para-	paraSri
15014	SrI	Apa-	apaSrI
15014	SrI	Jaya-	jayaSrI
15014	SrI	Mahā-	mahASrI
15019	Sru	Ku-	kuSru
15019	Sru	Bahu-	bahuSru
15023	Sruti	A-	aSruti
15023	Sruti	Śhakṣuḥśruti	ShakzuHSruti
15023	Sruti	Pūrṇa-	pUrRaSruti
15023	Sruti	Yathā-	yaTASruti
15029	SreRi	Pada-	padaSreRi
15030	SreyaMs	A-	aSreyaMs
15034	SrezWa	Kuru-, Bharata-, Bhṛgu-	kuru, Barata, BfguSrezWa
15034	SrezWa	Muni-	muniSrezWa
15034	SrezWa	Varṇa-	varRaSrezWa
15041	SroRi	Pṛthu-śronī	pfTuSronI
15041	SroRi	Mahā-kaṭi-taṭa-śroṇī	mahAkawitawaSroRI
15041	SroRi	Su-śroṇī	suSroRI
15045	Srotriya	A-	aSrotriya
15045	Srotriya	Mantriśrotriya	mantriSrotriya
15053	SlaTa	A-pari-ślatha + m	apariSlaTam
15056	SlAGA	Sa-ślāgha + m	saSlAGam
15059	Sliz	Su-	suSliz
15063	SlIla	A-	aSlIla
15072	Sloka	Puṇya-	puRyaSloka
15083	Svan	Deva-śunī	devaSunI
15083	Svan	Vana-śvan	vanaSvan
15101	Svas	Su-	suSvas
15102	Svas	Paraśvas	paraSvas
15109	SvAsa	Chinna-	CinnaSvAsa
15115	Sveta	Mahā-	mahASveta
15119	zawka	Ūrmi-	Urmizawka
15126	zaRqa	Kamala-	kamalazaRqa
15126	zaRqa	Taru-	taruzaRqa
15126	zaRqa	Padma-	padmazaRqa
15129	zaz	Dvi-	dvizaz
15130	zazwa	Eka-	ekazazwa
15130	zazwa	Ekona-	ekonazazwa
15130	zazwa	Dvā-	dvAzazwa
15130	zazwa	Tri-	trizazwa
15130	zazwa	Catuḥṣ˚	catuHz˚
15130	zazwa	Pañcaṣ˚	paYcaz˚
15131	zazwi	Eka-	ekazazwi
15131	zazwi	Dvā-	dvAzazwi
15131	zazwi	Catuḥṣ˚	catuHz˚
15131	zazwi	Pañcaṣ˚	paYcaz˚
15134	zazwitama	Eka-	ekazazwitama
15134	zazwitama	Dvā-	dvAzazwitama
15134	zazwitama	Tri-	trizazwitama
15134	zazwitama	Catuḥṣ˚	catuHz˚
15134	zazwitama	Pañcaṣ˚	paYcaz˚
15134	zazwitama	Navaṣ˚	navaz˚
15135	zazwiDA	Tri-	trizazwiDA
15136	zazWa	Mātṛ-	mAtfzazWa
15145	zoqaSa	Pari-	parizoqaSa
15145	zoqaSa	Vṛṣabha-	vfzaBazoqaSa
15152	zWIvana	Kūrca-	kUrcazWIvana
15157	saMyama	Vāksaṃyama	vAksaMyama
15173	saMroDa	Kāla-	kAlasaMroDa
15178	saMvatsara	Pari-	parisaMvatsara
15198	saMvid	Na-	nasaMvid
15215	saMSaya	A-	asaMSaya
15215	saMSaya	Artha-	arTasaMSaya
15215	saMSaya	Nis-	nissaMSaya
15215	saMSaya	Prāṇa-	prARasaMSaya
15215	saMSaya	Vi-saṃśaya + m	visaMSayam
15215	saMSaya	Sa-	sasaMSaya
15222	saMSraya	Anyonya-	anyonyasaMSraya
15222	saMSraya	Eka-	ekasaMSraya
15222	saMSraya	Kaṣṭa-	kazwasaMSraya
15222	saMSraya	Bhuja-	BujasaMSraya
15223	saMSrava	A-	asaMSrava
15225	saMSleza	A-ghaṭita-	aGawitasaMSleza
15235	saMsAra	Ā-	AsaMsAra
15245	saMskAra	Agni-	agnisaMskAra
15245	saMskAra	Dus-	dussaMskAra
15245	saMskAra	Keśa-	keSasaMskAra
15245	saMskAra	Pātra-	pAtrasaMskAra
15245	saMskAra	Punaḥsaṃskāra	punaHsaMskAra
15245	saMskAra	Śarīra-	SarIrasaMskAra
15255	saMsTa	Dūra-	dUrasaMsTa
15255	saMsTa	Dhara-	DarasaMsTa
15255	saMsTa	Phala-	PalasaMsTa
15255	saMsTa	Brāhmaṇa-	brAhmaRasaMsTa
15255	saMsTa	Sva-	svasaMsTa
15260	saMsparSa	Duḥkha-	duHKasaMsparSa
15265	saMsrAva	Karṇa-	karRasaMsrAva
15268	saMhati	Ari-	arisaMhati
15268	saMhati	Bhinna-	BinnasaMhati
15268	saMhati	Śastra-	SastrasaMhati
15268	saMhati	Hima-	himasaMhati
15269	saMhanana	Siṃha-	siMhasaMhanana
15274	saMhAra	Sa-	sasaMhAra
15278	sakASa	Yūtha-pati-sakāśa + m	yUTapatisakASam
15279	sakft	A-	asakft
15280	sakti	Ati-	atisakti
15281	saktimant	Ati-	atisaktimant
15300	saMkalpa	Dhṛta-	DftasaMkalpa
15300	saMkalpa	Pāpa-	pApasaMkalpa
15300	saMkalpa	Śiva-	SivasaMkalpa
15300	saMkalpa	Siddha-	sidDasaMkalpa
15300	saMkalpa	Hṛṣṭa-	hfzwasaMkalpa
15302	saMkasuka	A-	asaMkasuka
15312	saMkrama	Sūrya-saṃkrama	sUryasaMkrama
15313	saMkramaRa	Garbha-	garBasaMkramaRa
15314	saMkrAnti	Uttarāyaṇa-	uttarAyaRasaMkrAnti
15314	saMkrAnti	Sūrya-	sUryasaMkrAnti
15322	saMKya	A-	asaMKya
15322	saMKya	Kula-	kulasaMKya
15322	saMKya	Go-	gosaMKya
15322	saMKya	Daśārdha-	daSArDasaMKya
15322	saMKya	Śata-saṃkhya	SatasaMKya
15322	saMKya	Sahasra-	sahasrasaMKya
15327	saNga	A-	asaNga
15327	saNga	Dus-	dussaNga
15327	saNga	Nis-	nissaNga
15327	saNga	Mukta-	muktasaNga
15327	saNga	Yathā-saṅga + m	yaTAsaNgam
15327	saNga	Satsaṅga	satsaNga
15329	saMgama	Trad-	tradsaMgama
15332	saMgara	Satya-	satyasaMgara
15338	saMgraha	Dāra-	dArasaMgraha
15338	saMgraha	Dharma-	DarmasaMgraha
15338	saMgraha	Madhyama-	maDyamasaMgraha
15338	saMgraha	Sāra-	sArasaMgraha
15339	saMgrahaRa	Pāṇi-	pARisaMgrahaRa
15339	saMgrahaRa	Strī-	strIsaMgrahaRa
15344	saMGawwa	A-	asaMGawwa
15347	saMGarza	Danta-	dantasaMGarza
15349	saMGaSas	Śata-	SatasaMGaSas
15353	saMGAtavant	Bhrātṛ-	BrAtfsaMGAtavant
15356	saciva	Dhī-	DIsaciva
15356	saciva	Narmasaciva	narmasaciva
15369	saMcaya	Ati-	atisaMcaya
15373	saMcara	Mūrti-	mUrtisaMcara
15377	saMcAra	Duḥkha-	duHKasaMcAra
15377	saMcAra	Dus-	dussaMcAra
15377	saMcAra	Nis-	nissaMcAra
15377	saMcAra	Pātra-	pAtrasaMcAra
15377	saMcAra	Bhūta-	BUtasaMcAra
15380	saMcArin	Bhūta-saṃcāriṇī	BUtasaMcAriRI
15381	saYj	A-	asaYj
15392	saMjYA	Antaḥsaṃjña	antaHsaMjYa
15392	saMjYA	Kṛta-	kftasaMjYA
15392	saMjYA	A-kṛta-	akftasaMjYA
15392	saMjYA	Gata-	gatasaMjYA
15392	saMjYA	Jīva-	jIvasaMjYA
15392	saMjYA	Nis-	nissaMjYA
15392	saMjYA	Vi-	visaMjYA
15392	saMjYA	Sūrya-saṃjña	sUryasaMjYa
15392	saMjYA	Soma-	somasaMjYA
15394	saMjYita	Kara-	karasaMjYita
15396	saMjvara	A-	asaMjvara
15411	satkAra	A-	asatkAra
15411	satkAra	Atithi-	atiTisatkAra
15412	satkriyA	Anta-	antasatkriyA
15415	sattra	Dīrgha-	dIrGasattra
15415	sattra	Deva-	devasattra
15415	sattra	Pañcasattra	paYcasattra
15415	sattra	Brahmasattra	brahmasattra
15416	sattrin	Dīrgha-	dIrGasattrin
15417	sattva	A-	asattva
15417	sattva	A-dīna-	adInasattva
15417	sattva	Āpanna-	Apannasattva
15417	sattva	Gata-	gatasattva
15417	sattva	Deva-	devasattva
15417	sattva	Nis-	nissattva
15417	sattva	Bodhi-	boDisattva
15417	sattva	Ati-bodhi-sattva	atiboDisattva
15417	sattva	Mahā-	mahAsattva
15417	sattva	Mūḍha-	mUQasattva
15417	sattva	Sa-	sasattva
15422	satya	A-	asatya
15426	satyatA	Nis-	nissatyatA
15435	sad	Mahā-	mahAsad
15435	sad	An-āsādita	anAsAdita
15438	sadana	Rājasadana	rAjasadana
15446	sadfSa	A-	asadfSa
15446	sadfSa	An-anya-	ananyasadfSa
15447	sadman	Deva-	devasadman
15447	sadman	Bloga-	blogasadman
15447	sadman	Sura-	surasadman
15467	saMtati	Kula-	kulasaMtati
15474	saMtoza	A-	asaMtoza
15476	saMtozavant	A-	asaMtozavant
15491	saMdeha	Nis-	nissaMdeha
15495	saMDA	Jala-saṃdha	jalasaMDa
15495	saMDA	Jarā-saṃdha	jarAsaMDa
15495	saMDA	Satya-saṃdha	satyasaMDa
15495	saMDA	A-satya-saṃdha	asatyasaMDa
15496	saMDAna	Ati-	atisaMDAna
15496	saMDAna	Abhi-	aBisaMDAna
15496	saMDAna	Dus-	dussaMDAna
15498	saMDi	Kapāla-	kapAlasaMDi
15498	saMDi	Dhruva-	DruvasaMDi
15498	saMDi	Pada-	padasaMDi
15498	saMDi	Parvasaṃdhi	parvasaMDi
15498	saMDi	Sam-gata-	samgatasaMDi
15498	saMDi	Saṃtāna-	saMtAnasaMDi
15498	saMDi	Sama-	samasaMDi
15498	saMDi	Su-kara-	sukarasaMDi
15499	saMDita	A-	asaMDita
15499	saMDita	Ati-	atisaMDita
15499	saMDita	Sama-	samasaMDita
15499	saMDita	Su-	susaMDita
15503	saMDyA	Agra-	agrasaMDyA
15503	saMDyA	Upa-saṃdhya + m	upasaMDyam
15503	saMDyA	Tri-saṃdhya	trisaMDya
15503	saMDyA	Sa-saṃdhya	sasaMDya
15509	saMnahana	Sarva-	sarvasaMnahana
15511	saMnAha	Vi-	visaMnAha
15511	saMnAha	Sarva-	sarvasaMnAha
15516	saMniDAna	Kula-saṃnidhi	kulasaMniDi
15522	saMniveSa	Bhūmi-	BUmisaMniveSa
15522	saMniveSa	Samāja-	samAjasaMniveSa
15530	sapatna	A-	asapatna
15536	saptaka	Saptasaptaka	saptasaptaka
15538	saptati	Eka-	ekasaptati
15538	saptati	Drā-	drAsaptati
15538	saptati	Pañcas˚	paYcas˚
15538	saptati	Saptas˚	saptas˚
15538	saptati	Śuka-	Sukasaptati
15539	saptatitama	Dvi-	dvisaptatitama
15539	saptatitama	Tri-	trisaptatitama
15539	saptatitama	Catuḥs˚	catuHs˚
15539	saptatitama	Navas˚	navas˚
15542	saptaDA	Dvi-	dvisaptaDA
15543	saptan	Tri-	trisaptan
15543	saptan	Pañcasaptan	paYcasaptan
15543	saptan	Saptasaptan	saptasaptan
15547	sapti	Saptasapti	saptasapti
15547	sapti	Sita-	sitasapti
15551	saBA	Rājasabhā	rAjasaBA
15551	saBA	Strī-sabha	strIsaBa
15551	saBA	Hrasva-sabhā	hrasvasaBA
15561	sama	A-	asama
15561	sama	Catuḥsama	catuHsama
15563	samagra	A-	asamagra
15568	samaYjasa	A-	asamaYjasa
15582	samaya	Ṛtu-	ftusamaya
15582	samaya	Yathā-samaya + m	yaTAsamayam
15582	samaya	Lagna-	lagnasamaya
15586	samarTa	A-	asamarTa
15586	samarTa	Ati-	atisamarTa
15594	samavAyin	A-	asamavAyin
15607	samAgama	Dhūrta-	DUrtasamAgama
15609	samAcAra	Mokṣa-kriyā-	mokzakriyAsamAcAra
15609	samAcAra	Vṛthā-kula-	vfTAkulasamAcAra
15609	samAcAra	Sādhu-	sADusamAcAra
15610	samAja	Dyūta-	dyUtasamAja
15610	samAja	Prekṣā-	prekzAsamAja
15626	samAmnAya	Paśu-	paSusamAmnAya
15666	samIkza	A-samīkṣa + m	asamIkzam
15672	samIpatas	Asmad-	asmadsamIpatas
15672	samIpatas	Deva-rāja-	devarAjasamIpatas
15692	samutsuka	Pari-	parisamutsuka
15695	samutseDa	Haima-citra-	hEmacitrasamutseDa
15706	samudBava	Kula-	kulasamudBava
15706	samudBava	Majja-samudbhava	majjasamudBava
15706	samudBava	Mad-bandhana-	madbanDanasamudBava
15706	samudBava	Vahni-dāha-	vahnidAhasamudBava
15706	samudBava	Sārtha-bhraṃśa-	sArTaBraMSasamudBava
15708	samudra	Kṣāra-	kzArasamudra
15708	samudra	Kṣīra-	kzIrasamudra
15708	samudra	Saṃsāra-	saMsArasamudra
15721	samUha	Dāyāda-	dAyAdasamUha
15721	samUha	Śastra-	SastrasamUha
15723	samfdDi	A-	asamfdDi
15727	saMpatti	A-	asaMpatti
15727	saMpatti	Dhana-	DanasaMpatti
15727	saMpatti	Rūpa-	rUpasaMpatti
15735	saMpAta	Dhārā-	DArAsaMpAta
15735	saMpAta	Nis-	nissaMpAta
15735	saMpAta	Vṛṣṭi-	vfzwisaMpAta
15762	saMprahAra	Dvaṃdva-	dvaMdvasaMprahAra
15769	saMbanDa	Saptati-	saptatisaMbanDa
15769	saMbanDa	Su-	susaMbanDa
15769	saMbanDa	Strī-	strIsaMbanDa
15774	saMbADa	A-	asaMbADa
15774	saMbADa	Abhi-	aBisaMbADa
15774	saMbADa	Ā-	AsaMbADa
15774	saMbADa	Nis-	nissaMbADa
15774	saMbADa	Śara-	SarasaMbADa
15774	saMbADa	Hastyaśvaratha-	hastyaSvaraTasaMbADa
15779	saMBava	A-	asaMBava
15779	saMBava	Apunaḥsambhava	apunaHsamBava
15779	saMBava	Asthi-	asTisaMBava
15779	saMBava	Ātmasambhava-	AtmasamBavasaMBava
15779	saMBava	Ūru-	UrusaMBava
15779	saMBava	Kumbha-	kumBasaMBava
15779	saMBava	Garbha-	garBasaMBava
15779	saMBava	Dadhi-	daDisaMBava
15779	saMBava	Deva-yajana-	devayajanasaMBava
15779	saMBava	Padma-	padmasaMBava
15779	saMBava	Paulomī-	pOlomIsaMBava
15779	saMBava	Mānuṣa-	mAnuzasaMBava
15779	saMBava	Viśāla-kula-	viSAlakulasaMBava
15779	saMBava	Sura-ari-	surArisaMBava
15781	saMBAvana	Sarpatva-	sarpatvasaMBAvana
15782	saMBAza	Madhura-saṃbhāṣa	maDurasaMBAza
15784	saMBUti	Garbha-	garBasaMBUti
15787	saMBoga	A-	asaMBoga
15789	saMBrama	A-	asaMBrama
15789	saMBrama	Sa-sambhrama + m	sasamBramam
15789	saMBrama	Su-	susaMBrama
15795	saMmAna	A-	asaMmAna
15808	sara	Maṇi-	maRisara
15808	sara	Mauktika-	mOktikasara
15809	saraka	Tri-	trisaraka
15822	saras	Karpūra-, Tṛṇa-vindu-	karpUra, tfRavindusaras
15822	saras	Nabhas-	naBassaras
15822	saras	Hima-	himasaras
15829	sarit	Ku-	kusarit
15829	sarit	Dyu-	dyusarit
15836	sarga	Ādi-	Adisarga
15836	sarga	Tri-	trisarga
15841	sarpa	Kāla-	kAlasarpa
15844	sarpin	Pīṭha-	pIWasarpin
15859	sarvajYa	A-	asarvajYa
15881	sarzapa	Gaura-	gOrasarzapa
15881	sarzapa	Rājasarṣapa	rAjasarzapa
15883	salila	Aṅtaḥsalila	aNtaHsalila
15883	salila	A-gādha-	agADasalila
15883	salila	Nayana-	nayanasalila
15883	salila	Niḥsalila	niHsalila
15888	sava	Go-	gosava
15892	savya	Apa-	apasavya
15902	saha	A-	asaha
15902	saha	A-kāla-	akAlasaha
15902	saha	Niḥsaha	niHsaha
15902	saha	Mahā-	mahAsaha
15902	saha	Śatru-	Satrusaha
15902	saha	Sarva-	sarvasaha
15902	saha	Sva-kārya-	svakAryasaha
15918	sahana	A-	asahana
15922	sahasra	Paraḥsahasra	paraHsahasra
15927	sahasraSas	Śata-	SatasahasraSas
15930	sahAya	A-	asahAya
15930	sahAya	Kariṇī-	kariRIsahAya
15930	sahAya	Dus-	dussahAya
15930	sahAya	Dharma-	DarmasahAya
15930	sahAya	Madhu-	maDusahAya
15930	sahAya	Vacana-	vacanasahAya
15933	sahAyavant	A-	asahAyavant
15934	sahita	Karṇa-	karRasahita
15935	sahizRu	A-	asahizRu
15936	sahizRutA	A-	asahizRutA
15944	sAMvatsara	Ati-	atisAMvatsara
15962	sAkzin	Kūṭa-	kUwasAkzin
15966	sAgara	Kṣīra-	kzIrasAgara
15966	sAgara	Pūrva-	pUrvasAgara
15966	sAgara	Buddhi-	budDisAgara
15980	sAti	Vāja-	vAjasAti
15986	sAda	Kara-	karasAda
15987	sAdana	Yama-	yamasAdana
15989	sAdin	Aśva-	aSvasAdin
15992	sAD	A-	asAD
15992	sAD	Āyāsa-	AyAsasAD
15992	sAD	Duḥsādhya	duHsADya
15992	sAD	Duṣprasādhya	duzprasADya
15993	sADaka	Uttara-	uttarasADaka
15993	sADaka	Kārya-	kAryasADaka
15994	sADana	A-	asADana
15994	sADana	Tri-	trisADana
15994	sADana	Mantra-	mantrasADana
15994	sADana	Lekhana-	leKanasADana
15994	sADana	Sādhya-	sADyasADana
15994	sADana	Siddha-	sidDasADana
15995	sADanatA	Bahu-sādhanatā	bahusADanatA
15998	sADAraRa	A-	asADAraRa
16002	sADu	A-	asADu
16002	sADu	Sarva-	sarvasADu
16003	sADutA	A-sādhutva	asADutva
16009	sADvasa	Ati-	atisADvasa
16009	sADvasa	Niḥsādhvasa	niHsADvasa
16009	sADvasa	Sa-	sasADvasa
16011	sAnu	Antaḥsānu	antaHsAnu
16013	sAntapana	Mahā-	mahAsAntapana
16023	sAnniDya	A-	asAnniDya
16038	sAman	Jyeṣṭha-	jyezWasAman
16038	sAman	Tri-	trisAman
16038	sAman	Su-	susAman
16040	sAmayika	A-	asAmayika
16041	sAmarTya	A-	asAmarTya
16041	sAmarTya	Niḥsāmarthya	niHsAmarTya
16041	sAmarTya	Hīna-darśana-	hInadarSanasAmarTya
16046	sAmAnya	A-	asAmAnya
16046	sAmAnya	An-anya-nārī-	ananyanArIsAmAnya
16046	sAmAnya	A-loka-	alokasAmAnya
16046	sAmAnya	Sarva-	sarvasAmAnya
16055	sAmpratam	A-sāmprata	asAmprata
16060	sAmya	Tri-	trisAmya
16063	sAya	Ati-sāyam	atisAyam
16064	sAyaka	A-sanva-	asanvasAyaka
16067	sAyujya	Rāja-sāyujya	rAjasAyujya
16069	sAra	A-	asAra
16069	sAra	Sāra-a-	sArAsAra
16069	sAra	Agra-	agrasAra
16069	sAra	Adri-	adrisAra
16069	sAra	Antaḥsāra	antaHsAra
16069	sAra	Artha-	arTasAra
16069	sAra	Aśmasāra	aSmasAra
16069	sAra	Eka-	ekasAra
16069	sAra	Kṛṣṇa-	kfzRasAra
16069	sAra	Giri-	girisAra
16069	sAra	Ghana-	GanasAra
16069	sAra	Candana-	candanasAra
16069	sAra	Traksāra	traksAra
16069	sAra	Dṛṣṭa-	dfzwasAra
16069	sAra	Nis-abhibhava-	niraBiBavasAra
16069	sAra	Niḥsāra	niHsAra
16069	sAra	Prāṇa-	prARasAra
16069	sAra	Vajra-	vajrasAra
16069	sAra	Vedānta-	vedAntasAra
16069	sAra	Śilā-	SilAsAra
16069	sAra	Śaila-	SElasAra
16069	sAra	Sa-kala-artha-śāstra-	sakalArTaSAstrasAra
16069	sAra	Sattva-	sattvasAra
16069	sAra	Su-	susAra
16069	sAra	Sva-anubhūti-eka-sāra-	svAnuBUtyekasArasAra
16070	sAraNga	Kṛṣṇa-	kfzRasAraNga
16074	sAratA	A-	asAratA
16074	sAratA	Sāra-a-	sArAsAratA
16075	sAraTi	Ku-	kusAraTi
16075	sAraTi	Dharma-	DarmasAraTi
16075	sAraTi	Pārṣṇi-	pArzRisAraTi
16075	sAraTi	Madhu-	maDusAraTi
16076	sAraTya	Aśva-	aSvasAraTya
16081	sArasa	Rāja-sārasa	rAjasArasa
16089	sArTa	Eka-sārtha + m	ekasArTam
16089	sArTa	Bhañga-	BaYgasArTa
16114	sAvarRi	Indra-	indrasAvarRi
16114	sAvarRi	Dakṣa-	dakzasAvarRi
16114	sAvarRi	Deva-	devasAvarRi
16114	sAvarRi	Dharma-	DarmasAvarRi
16114	sAvarRi	Brahman-	brahmansAvarRi
16114	sAvarRi	Rudra-	rudrasAvarRi
16120	sAhasa	Viṣama-	vizamasAhasa
16121	sAhasika	A-	asAhasika
16121	sAhasika	Ati-	atisAhasika
16121	sAhasika	A-sama-	asamasAhasika
16121	sAhasika	Mahā-	mahAsAhasika
16123	sAhasra	Daśasāhasra	daSasAhasra
16123	sAhasra	Dvādaśasāhasra	dvAdaSasAhasra
16123	sAhasra	Śata-	SatasAhasra
16138	sikTaka	Madhu-	maDusikTaka
16142	sita	A-	asita
16142	sita	Sita-a-	sitAsita
16146	sidDArTa	A-	asidDArTa
16147	sidDi	A-	asidDi
16147	sidDi	Āśraya-a-	ASrayAsidDi
16147	sidDi	Ati-	atisidDi
16147	sidDi	An-yathā-	anyaTAsidDi
16147	sidDi	Mahā-	mahAsidDi
16147	sidDi	Yajña-	yajYasidDi
16147	sidDi	Rasa-	rasasidDi
16147	sidDi	Vi-ghāla-	viGAlasidDi
16147	sidDi	Sādhya-	sADyasidDi
16147	sidDi	Sāmasiddhi	sAmasidDi
16148	siD	A-	asiD
16148	siD	Anyathā-	anyaTAsiD
16148	siD	Rasa-	rasasiD
16148	siD	A-vi-hita-	avihitasiD
16148	siD	Saṃkalpa-	saMkalpasiD
16148	siD	Suvarṇa-	suvarRasiD
16159	sinDu	Dyu-	dyusinDu
16159	sinDu	Soma-	somasinDu
16180	sIman	Niḥsīman	niHsIman
16186	sIrin	Ardha-	arDasIrin
16189	su	Giri-	girisu
16189	su	Jahnu-	jahnusu
16189	su	Jīva-	jIvasu
16189	su	Dāra-	dArasu
16189	su	Dāsī-	dAsIsu
16189	su	Dharma-	Darmasu
16189	su	Bhū-	BUsu
16189	su	Bhṛgu-	Bfgusu
16189	su	Rādhā-	rADAsu
16189	su	Śaila-	SElasu
16189	su	Sūra-	sUrasu
16189	su	A-	asu
16189	su	Kula-	kulasu
16189	su	Visa-	visasu
16196	suKa	A-	asuKa
16196	suKa	A-nirdeśya-	anirdeSyasuKa
16196	suKa	Antaḥsukha	antaHsuKa
16196	suKa	Grāma-	grAmasuKa
16196	suKa	Nis-	nissuKa
16196	suKa	Yathā-sukha + m	yaTAsuKam
16221	sundara	A-	asundara
16221	sundara	Ati-	atisundara
16221	sundara	Sura-	surasundara
16221	sundara	Sura-loka-	suralokasundara
16225	supti	Sama-	samasupti
16248	sulaBa	A-	asulaBa
16249	suvarcala	Brahmasuvarcalā	brahmasuvarcalA
16280	sUkzma	Su-	susUkzma
16286	sUcaka	Viṣa-	vizasUcaka
16291	sUta	Sa-	sasUta
16294	sUti	Mṛtyu-	mftyusUti
16297	sUtra	Kaṭi-	kawisUtra
16297	sUtra	Kaṇṭha-	kaRWasUtra
16297	sUtra	Kalpa-	kalpasUtra
16297	sUtra	Kāla-	kAlasUtra
16297	sUtra	Dirgha-	dirGasUtra
16297	sUtra	A-dīrgha-	adIrGasUtra
16297	sUtra	Dharma-	DarmasUtra
16297	sUtra	Brahma-sūtra	brahmasUtra
16297	sUtra	Māna-	mAnasUtra
16297	sUtra	Mūla-	mUlasUtra
16297	sUtra	Yajña-	yajYasUtra
16297	sUtra	Śārīraka-	SArIrakasUtra
16297	sUtra	Sāvitrī-	sAvitrIsUtra
16297	sUtra	Hasta-	hastasUtra
16298	sUtrakAra	Taurya-trika-	tOryatrikasUtrakAra
16309	sUdana	Krauñca-	krOYcasUdana
16309	sUdana	Bala-	balasUdana
16309	sUdana	Madhu-	maDusUdana
16331	sUrmi	Tapta-sūrmi	taptasUrmi
16332	sUrya	Prati-sūrya + m	pratisUryam
16337	sf	Pancavinduprasṛta	pancavinduprasfta
16339	sfkkan	Viṣa-	vizasfkkan
16341	sfj	A-	asfj
16341	sfj	A-	asfj
16358	seka	Amṛta-	amftaseka
16363	secana	Agni-	agnisecana
16365	setu	Dharma-	Darmasetu
16365	setu	A-pāṣaṇḍa-dharma-setu	apAzaRqaDarmasetu
16365	setu	Nala-	nalasetu
16367	senA	Citra-senā	citrasenA
16367	senA	Deva-	devasenA
16367	senA	Mahā-	mahAsenA
16367	senA	Yajña-	yajYasenA
16367	senA	Rūpa-sena	rUpasena
16367	senA	Vīra-sena	vIrasena
16367	senA	Śūra-sena	SUrasena
16372	sev	A-	asev
16372	sev	Su-	susev
16372	sev	A-	asev
16372	sev	Dus-	dussev
16373	sevaka	Kula-	kulasevaka
16375	sevana	Kāma-	kAmasevana
16375	sevana	Kṛṣi-	kfzisevana
16375	sevana	Tunna-	tunnasevana
16376	sevA	A-	asevA
16376	sevA	Vāra-	vArasevA
16376	sevA	Strī-	strIsevA
16376	sevA	Hina-	hinasevA
16378	sevin	Dviṭsevin	dviwsevin
16391	sEnya	Sa-	sasEnya
16397	so	Dus-	dusso
16402	sopAka	Pāṇḍu-	pARqusopAka
16404	sopAna	Sukhārohaṇa-	suKArohaRasopAna
16406	soma	Nṛ-	nfsoma
16428	sOganDya	Tri-	trisOganDya
16447	sOparRa	Ati-	atisOparRa
16479	sOvIra	Sindhu-	sinDusOvIra
16481	sOzWava	A-	asOzWava
16481	sOzWava	Sa-	sasOzWava
16483	sOhitya	Ati-	atisOhitya
16484	sOhfda	Dṛḍha-sauhṛda	dfQasOhfda
16484	sOhfda	Vigata-sneha-sauhṛda	vigatasnehasOhfda
16492	skanDa	Kāla-	kAlaskanDa
16492	skanDa	Mahā-pṛṣṭha-gala-	mahApfzWagalaskanDa
16492	skanDa	Rājaskandha	rAjaskanDa
16492	skanDa	Viṣāṇa-ud-nāmita-	vizARodnAmitaskanDa
16492	skanDa	Viṣāṇa-ud-likhita-	vizARodliKitaskanDa
16492	skanDa	Vṛṣa-	vfzaskanDa
16492	skanDa	Skandha-	skanDaskanDa
16503	sKal	A-	asKal
16507	stan	Sa-vidyut-	savidyutstan
16508	stana	Gala-	galastana
16508	stana	Tri-	tristana
16508	stana	Prasnuta-	prasnutastana
16508	stana	Saṃhata-	saMhatastana
16518	stamba	Kuśa-	kuSastamba
16518	stamba	Brahmastamba	brahmastamba
16518	stamba	Śara-	Sarastamba
16522	stamB	A-	astamB
16522	stamB	A-	astamB
16523	stamBa	Niḥstambha	niHstamBa
16523	stamBa	Netra-	netrastamBa
16523	stamBa	Sa-vāṣpa-stambha + m	savAzpastamBam
16523	stamBa	Smara-	smarastamBa
16528	stara	Sa-	sastara
16531	stavaka	Kusuma-	kusumastavaka
16532	stavakita	Abhinava-kusuma-stavaka + ita	aBinavakusumastavaketa
16532	stavakita	Nāri-dṛś-nīraja-	nAridfSnIrajastavakita
16540	stu	A-	astu
16540	stu	Yathā-prastuta + m	yaTAprastutam
16543	stuti	Nis-	nisstuti
16550	stf	Su-vistīrṇa	suvistIrRa
16560	steya	A-	asteya
16564	stoka	A-	astoka
16567	stotra	Anyathā-	anyaTAstotra
16570	stoma	Vrātya-	vrAtyastoma
16573	strI	Amara-	amarastrI
16573	strI	Kula-	kulastrI
16573	strI	Su-kula-	sukulastrI
16573	strI	Paṇa-	paRastrI
16573	strI	Su-	sustrI
16573	strI	Sura-	surastrI
16579	strERa	Bhūyiṣṭha-dvija-bāla-vṛddha-vikala-straiṇa	BUyizWadvijabAlavfdDavikalastrERa
16589	sTapati	Puṣkara-	puzkarasTapati
16592	sTala	Adri-kṛta-	adrikftasTala
16592	sTala	Kuśa-	kuSasTala
16592	sTala	Kḷpta-harmya-sthala	kxptaharmyasTala
16592	sTala	Gaṇḍa-	gaRqasTala
16592	sTala	Jaghana-sthalī	jaGanasTalI
16592	sTala	Prasava-	prasavasTala
16592	sTala	Maru-	marusTala
16592	sTala	Mahā-	mahAsTala
16592	sTala	Vakṣas-	vakzassTala
16600	sTA	Evam-	evamsTA
16600	sTA	Taṭa-	tawasTA
16600	sTA	Dus-	dussTA
16600	sTA	Su-	susTA
16600	sTA	A-su-	asusTA
16605	sTAna	A-sthāna	asTAna
16605	sTAna	An-ucita-	anucitasTAna
16605	sTAna	Asmad-	asmadsTAna
16605	sTAna	Uccais-	uccEssTAna
16605	sTAna	Eka-	ekasTAna
16605	sTAna	Karmasthāna	karmasTAna
16605	sTAna	Kopa-	kopasTAna
16605	sTAna	Jana-	janasTAna
16605	sTAna	Janmasthāna	janmasTAna
16605	sTAna	Tadīya-	tadIyasTAna
16605	sTAna	Dhana-	DanasTAna
16605	sTAna	Dharma-adhikaraṇa-	DarmADikaraRasTAna
16605	sTAna	Prasava-	prasavasTAna
16605	sTAna	Badhya-	baDyasTAna
16605	sTAna	Bandhana-	banDanasTAna
16605	sTAna	Bhakṣa-	BakzasTAna
16605	sTAna	Yathā-sthāna + m	yaTAsTAnam
16605	sTAna	Vibhīṣikā-	viBIzikAsTAna
16605	sTAna	Viśvāsa-	viSvAsasTAna
16605	sTAna	Vīra-	vIrasTAna
16605	sTAna	Vyañjana-sthāne	vyaYjanasTAne
16605	sTAna	Śulka-	SulkasTAna
16605	sTAna	Saṃketa-	saMketasTAna
16605	sTAna	Sura-	surasTAna
16605	sTAna	Siddhi-	sidDisTAna
16605	sTAna	Hṛdaya-	hfdayasTAna
16606	sTAnaka	Patākā-	patAkAsTAnaka
16610	sTAnIya	Avataṃsa-	avataMsasTAnIya
16610	sTAnIya	Kaṇṭha-	kaRWasTAnIya
16611	sTApaka	Sthiti-	sTitisTApaka
16615	sTAyin	A-	asTAyin
16615	sTAyin	Puras-	purassTAyin
16615	sTAyin	Vana-	vanasTAyin
16625	sTiti	A-bhinna-	aBinnasTiti
16625	sTiti	Pṛthak-	pfTaksTiti
16625	sTiti	Maṭha-	maWasTiti
16625	sTiti	Rājya-	rAjyasTiti
16625	sTiti	Su-	susTiti
16627	sTira	A-sthira	asTira
16629	sTiratva	A-	asTiratva
16631	sTURA	Veśmasthūṇā	veSmasTURA
16635	sTUla	Ati-	atisTUla
16635	sTUla	Muktā-	muktAsTUla
16639	sTErya	A-	asTErya
16649	snA	Mṛta-	mftasnA
16649	snA	Su-	susnA
16650	snAtaka	Vidyā-, Vidyā-vrata-	vidyA, vidyAvratasnAtaka
16651	snAna	Tris-	trissnAna
16651	snAna	Dus-	dussnAna
16651	snAna	Mṛta-	mftasnAna
16655	snAyin	Nitya-	nityasnAyin
16668	sneha	Nis-	nissneha
16668	sneha	Mastaka-	mastakasneha
16668	sneha	Vi-gata-	vigatasneha
16668	sneha	Sa-sneha	sasneha
16672	snehavant	A-	asnehavant
16678	spanda	A-	aspanda
16678	spanda	Sparśa-	sparSaspanda
16679	spandana	Garbha-a-	garBAspandana
16683	sparDa	Vi-spardhā	visparDA
16686	sparSa	Dus-	dussparSa
16686	sparSa	Sama-	samasparSa
16689	sparSana	A-	asparSana
16696	spazwa	A-	aspazwa
16696	spazwa	Vi-	vispazwa
16699	spfS	Śvaspṛṣṭa	Svaspfzwa
16700	spfS	Diva-	divaspfS
16700	spfS	Praṇaya-	praRayaspfS
16701	spfSa	Dus-	dusspfSa
16701	spfSa	Nabhas-	naBasspfSa
16708	spfhA	A-gata-	agataspfhA
16708	spfhA	Nis-, Vi-gata-	nis, vigataspfhA
16726	sPic	Bṛhatsphic	bfhatsPic
16726	sPic	Lamba-	lambasPic
16732	sPuwa	Ati-pari-	atiparisPuwa
16751	sPuliNga	Vi-	visPuliNga
16758	sPowa	Muktā-	muktAsPowa
16764	smara	jāti-	jAtismara
16764	smara	Dus-	dussmara
16765	smaraRa	Jāti-	jAtismaraRa
16770	smi	Śuci-	Sucismi
16770	smi	Sa-	sasmi
16770	smi	Su-	susmi
16770	smi	Su-	susmi
16782	syandin	Sudhā-	suDAsyandin
16801	srava	Giri-	girisrava
16807	srAva	Garbha-	garBasrAva
16807	srAva	Nāsā-	nAsAsrAva
16807	srAva	Lālā-	lAlAsrAva
16812	sru	Tri-	trisru
16821	srota	Śuṣka-	Suzkasrota
16822	srotas	Ud-	udsrotas
16822	srotas	Garga-	gargasrotas
16822	srotas	Tiryaksrotas	tiryaksrotas
16822	srotas	Trī-	trIsrotas
16822	srotas	Mūla-	mUlasrotas
16826	sva	Deva-	devasva
16826	sva	Nis-	nissva
16826	sva	Para-	parasva
16826	sva	Yathā-sva + m	yaTAsvam
16826	sva	Sarva-	sarvasva
16842	svAd	Nis-	nissvAd
16842	svAd	A-mṛta-	amftasvAd
16849	svana	Kara-	karasvana
16849	svana	Dus-	dussvana
16849	svana	Mañju-	maYjusvana
16849	svana	Mahā-	mahAsvana
16849	svana	Mahā-megha-	mahAmeGasvana
16852	svap	Divā-	divAsvap
16853	svapana	Divā-	divAsvapana
16855	svapna	Jāgratsvapna	jAgratsvapna
16855	svapna	Divā-	divAsvapna
16855	svapna	Dus-	dussvapna
16855	svapna	Su-	susvapna
16866	svara	A-	asvara
16866	svara	Tāra-	tArasvara
16866	svara	Bhinna-	Binnasvara
16866	svara	Mahā-	mahAsvara
16866	svara	Vi-	visvara
16866	svara	Su-	susvara
16870	svarga	Bhū-	BUsvarga
16875	svargya	A-	asvargya
16877	svarRa	Kūṭa-	kUwasvarRa
16888	svasf	Yama-	yamasvasf
16892	svastika	Padma-	padmasvastika
16895	svasTa	A-	asvasTa
16903	svAda	Vi-	visvAda
16906	svAdu	Nis-	nissvAdu
16912	svApa	Divā-	divAsvApa
16917	svAmin	A-	asvAmin
16917	svAmin	Ku-	kusvAmin
16917	svAmin	Go-	gosvAmin
16917	svAmin	Jagat-	jagatsvAmin
16917	svAmin	Jaya-	jayasvAmin
16917	svAmin	Raṇa-	raRasvAmin
16917	svAmin	Śiva-	SivasvAmin
16938	sveda	Sa-	sasveda
16947	haMsa	Para-	parahaMsa
16947	haMsa	Rājahaṃsa	rAjahaMsa
16967	hatya	Go-	gohatya
16967	hatya	Brahmahatyā	brahmahatyA
16967	hatya	Bhrūṇa-	BrURahatya
16967	hatya	Vīra-	vIrahatya
16967	hatya	Strī-	strIhatya
16970	han	A-	ahan
16970	han	Manohata	manohata
16980	hantf	Dharma-	Darmahantf
16980	hantf	Vighna-	viGnahantf
16985	haya	Hari-	harihaya
16988	hara	Aṃśa-	aMSahara
16988	hara	Mūla-	mUlahara
16988	hara	Riktha-	rikTahara
16988	hara	Sarva-pāpa-	sarvapApahara
16988	hara	Smara-	smarahara
16990	haraRa	Kāla-	kAlaharaRa
16990	haraRa	Go-	goharaRa
16990	haraRa	Strī-	strIharaRa
16991	hari	Nara-	narahari
17012	hartf	Bhaya-	Bayahartf
17012	hartf	Śalya-	Salyahartf
17015	harmya	Maṇi-	maRiharmya
17019	harza	Upātta-	upAttaharza
17019	harza	Danta-	dantaharza
17019	harza	Romaharṣa	romaharza
17019	harza	Sa-harṣa + m	saharzam
17019	harza	Sanna-	sannaharza
17021	harzaRa	Romaharṣaṇa	romaharzaRa
17021	harzaRa	Lomaharṣaṇa	lomaharzaRa
17021	harzaRa	A-loman-	alomanharzaRa
17052	hasta	A-	ahasta
17052	hasta	Agra-	agrahasta
17052	hasta	Apa-	apahasta
17052	hasta	Kapota-	kapotahasta
17052	hasta	Kṛta-	kftahasta
17052	hasta	Keśa-	keSahasta
17052	hasta	Khaḍga-	Kaqgahasta
17052	hasta	Gala-	galahasta
17052	hasta	Jāla-	jAlahasta
17052	hasta	Daṇḍa-	daRqahasta
17052	hasta	Dhanus-vyagra-	Danurvyagrahasta
17052	hasta	Pāśa-	pASahasta
17052	hasta	Mukta-	muktahasta
17052	hasta	A-mukta-	amuktahasta
17052	hasta	Laghu-	laGuhasta
17052	hasta	Vi-	vihasta
17052	hasta	Śūla-	SUlahasta
17052	hasta	Śūla-mudgara-	SUlamudgarahasta
17052	hasta	Sthūla-	sTUlahasta
17052	hasta	Srasta-	srastahasta
17052	hasta	Sva-	svahasta
17055	hastin	Gandha-	ganDahastin
17055	hastin	Jala-	jalahastin
17058	hastya	Su-	suhastya
17062	hA	Pāda-hīnāt	pAdahInAt
17062	hA	Phala-	PalahA
17068	hAni	Tejas-	tejashAni
17068	hAni	Vīrya-	vIryahAni
17068	hAni	Svatva-	svatvahAni
17071	hAyana	Eka-	ekahAyana
17071	hAyana	Tri-hāyaṇa	trihAyaRa
17071	hAyana	Ṣaṣṭi-	zazwihAyana
17073	hAra	Jala-	jalahAra
17073	hAra	Preta-	pretahAra
17073	hAra	Sarva-sva-	sarvasvahAra
17074	hAraka	Maṇḍa-	maRqahAraka
17083	hArin	Rihtha-	rihTahArin
17083	hArin	Roga-	rogahArin
17083	hArin	Strī-	strIhArin
17086	hArda	Sa-	sahArda
17093	hAsa	Antar-	antarhAsa
17093	hAsa	Mahā-	mahAhAsa
17093	hAsa	Puṣpa-	puzpahAsa
17093	hAsa	Maṃsa-	maMsahAsa
17093	hAsa	Sa-	sahAsa
17106	hiMsaka	A-	ahiMsaka
17108	hiMsA	A-	ahiMsA
17113	hiMsra	A-	ahiMsra
17113	hiMsra	Hiṃsra-a-	hiMsrAhiMsra
17144	hiraRya	Go-	gohiraRya
17159	hu	A-huta	ahuta
17163	huqa	Sa-huḍa	sahuqa
17182	hUti	Deva-	devahUti
17182	hUti	Deva-hūtī	devahUtI
17182	hUti	Su-puru-	supuruhUti
17182	hUti	Pūrva-	pUrvahUti
17185	hf	A-hārya	ahArya
17190	hfd	Dus-	durhfd
17190	hfd	Su-	suhfd
17190	hfd	A-su-	asuhfd
17190	hfd	Kim-su-	kimsuhfd
17190	hfd	Makhāsu-	maKAsuhfd
17190	hfd	Madhu-su-	maDusuhfd
17191	hfdaya	A-karṇa-	akarRahfdaya
17191	hfdaya	Ayas-	ayashfdaya
17191	hfdaya	Bhīru-	BIruhfdaya
17191	hfdaya	Riktī-kṛta-	riktIkftahfdaya
17191	hfdaya	Śūnya-	SUnyahfdaya
17191	hfdaya	Sa-	sahfdaya
17191	hfdaya	Su-	suhfdaya
17191	hfdaya	Hariṇa-	hariRahfdaya
17202	hfzIka	Dus-	durhfzIka
17213	heti	Śvāsa-	SvAsaheti
17216	hetu	Nis-	nirhetu
17217	hetuka	Bhaya-	Bayahetuka
17217	hetuka	Sa-	sahetuka
17218	hetutA	Nimitta-hetu + tva	nimittahetutva
17234	helA	Eka-	ekahelA
17234	helA	Sa-	sahelA
17242	hEtuka	Kāma-	kAmahEtuka
17260	hotra	Agni-	agnihotra
17260	hotra	Vīti-	vItihotra
17260	hotra	Śāli-	SAlihotra
17262	homa	Japa-	japahoma
17262	homa	Darvī̆	darvĬ
17262	homa	Huta-	hutahoma
17278	hrada	Gaṅgā-, Tīrtha-mahā-, Rāma-	gaNgA, tIrTamahA, rAmahrada
17278	hrada	Śata-	Satahrada
17291	hrIkA	Nis-	nirhrIkA
17311	hvAna	Ku-	kuhvAna
17313	hve	Puru-	puruhve
