OrigL	AssignedL
3.XYZ	3.002
3.XYZ	3.004
3.XYZ	3.006
3.XYZ	3.008
3.XYZ	3.010
3.XYZ	3.012
4.XYZ	4.002
4.XYZ	4.004
4.XYZ	4.006
4.XYZ	4.008
4.XYZ	4.010
4.XYZ	4.012
4.XYZ	4.014
4.XYZ	4.016
4.XYZ	4.018
4.XYZ	4.020
4.XYZ	4.022
5.XYZ	5.002
5.XYZ	5.004
5.XYZ	5.006
5.XYZ	5.008
5.XYZ	5.010
22.XYZ	22.002
26.XYZ	26.002
26.XYZ	26.004
26.XYZ	26.006
26.XYZ	26.008
26.XYZ	26.010
26.XYZ	26.012
26.XYZ	26.014
26.XYZ	26.016
26.XYZ	26.018
26.XYZ	26.020
26.XYZ	26.022
26.XYZ	26.024
26.XYZ	26.026
26.XYZ	26.028
27.XYZ	27.002
28.XYZ	28.002
30.XYZ	30.002
30.XYZ	30.004
30.XYZ	30.006
30.XYZ	30.008
30.XYZ	30.010
30.XYZ	30.012
32.XYZ	32.002
41.XYZ	41.002
42.XYZ	42.002
43.XYZ	43.002
43.XYZ	43.004
43.XYZ	43.006
43.XYZ	43.008
43.XYZ	43.010
43.XYZ	43.012
43.XYZ	43.014
43.XYZ	43.016
43.XYZ	43.018
43.XYZ	43.020
43.XYZ	43.022
43.XYZ	43.024
43.XYZ	43.026
43.XYZ	43.028
57.XYZ	57.002
57.XYZ	57.004
57.XYZ	57.006
57.XYZ	57.008
57.XYZ	57.010
57.XYZ	57.012
57.XYZ	57.014
57.XYZ	57.016
57.XYZ	57.018
58.XYZ	58.002
60.XYZ	60.002
62.XYZ	62.002
63.XYZ	63.002
70.XYZ	70.002
72.XYZ	72.002
76.XYZ	76.002
76.XYZ	76.004
76.XYZ	76.006
76.XYZ	76.008
76.XYZ	76.010
76.XYZ	76.012
78.XYZ	78.002
78.XYZ	78.004
78.XYZ	78.006
78.XYZ	78.008
78.XYZ	78.010
78.XYZ	78.012
78.XYZ	78.014
80.XYZ	80.002
80.XYZ	80.004
80.XYZ	80.006
84.XYZ	84.002
84.XYZ	84.004
84.XYZ	84.006
84.XYZ	84.008
84.XYZ	84.010
84.XYZ	84.012
84.XYZ	84.014
84.XYZ	84.016
84.XYZ	84.018
84.XYZ	84.020
84.XYZ	84.022
84.XYZ	84.024
84.XYZ	84.026
84.XYZ	84.028
84.XYZ	84.030
84.XYZ	84.032
84.XYZ	84.034
84.XYZ	84.036
84.XYZ	84.038
84.XYZ	84.040
84.XYZ	84.042
84.XYZ	84.044
84.XYZ	84.046
89.XYZ	89.002
89.XYZ	89.004
92.XYZ	92.002
93.XYZ	93.002
94.XYZ	94.002
94.XYZ	94.004
98.XYZ	98.002
98.XYZ	98.004
99.XYZ	99.002
100.XYZ	100.002
101.XYZ	101.002
105.XYZ	105.002
107.XYZ	107.002
114.XYZ	114.002
115.XYZ	115.002
115.XYZ	115.004
115.XYZ	115.006
116.XYZ	116.002
119.XYZ	119.002
126.XYZ	126.002
127.XYZ	127.002
138.XYZ	138.002
139.XYZ	139.002
139.XYZ	139.004
140.XYZ	140.002
140.XYZ	140.004
140.XYZ	140.006
140.XYZ	140.008
140.XYZ	140.010
144.XYZ	144.002
150.XYZ	150.002
153.XYZ	153.002
159.XYZ	159.002
163.XYZ	163.002
163.XYZ	163.004
165.XYZ	165.002
172.XYZ	172.002
176.XYZ	176.002
200.XYZ	200.002
200.XYZ	200.004
214.XYZ	214.002
214.XYZ	214.004
214.XYZ	214.006
214.XYZ	214.008
214.XYZ	214.010
214.XYZ	214.012
214.XYZ	214.014
214.XYZ	214.016
227.XYZ	227.002
234.XYZ	234.002
234.XYZ	234.004
239.XYZ	239.002
239.XYZ	239.004
239.XYZ	239.006
249.XYZ	249.002
250.XYZ	250.002
250.XYZ	250.004
254.XYZ	254.002
254.XYZ	254.004
254.XYZ	254.006
254.XYZ	254.008
254.XYZ	254.010
254.XYZ	254.012
254.XYZ	254.014
255.XYZ	255.002
255.XYZ	255.004
255.XYZ	255.006
256.XYZ	256.002
256.XYZ	256.004
256.XYZ	256.006
256.XYZ	256.008
256.XYZ	256.010
258.XYZ	258.002
260.XYZ	260.002
261.XYZ	261.002
269.XYZ	269.002
269.XYZ	269.004
269.XYZ	269.006
269.XYZ	269.008
269.XYZ	269.010
269.XYZ	269.012
269.XYZ	269.014
269.XYZ	269.016
269.XYZ	269.018
269.XYZ	269.020
269.XYZ	269.022
270.XYZ	270.002
270.XYZ	270.004
270.XYZ	270.006
270.XYZ	270.008
270.XYZ	270.010
284.XYZ	284.002
284.XYZ	284.004
284.XYZ	284.006
284.XYZ	284.008
284.XYZ	284.010
289.XYZ	289.002
289.XYZ	289.004
292.XYZ	292.002
292.XYZ	292.004
292.XYZ	292.006
292.XYZ	292.008
292.XYZ	292.010
292.XYZ	292.012
294.XYZ	294.002
302.XYZ	302.002
302.XYZ	302.004
302.XYZ	302.006
309.XYZ	309.002
322.XYZ	322.002
336.XYZ	336.002
336.XYZ	336.004
336.XYZ	336.006
356.XYZ	356.002
356.XYZ	356.004
361.XYZ	361.002
366.XYZ	366.002
373.XYZ	373.002
375.XYZ	375.002
375.XYZ	375.004
378.XYZ	378.002
378.XYZ	378.004
378.XYZ	378.006
378.XYZ	378.008
378.XYZ	378.010
388.XYZ	388.002
392.XYZ	392.002
393.XYZ	393.002
403.XYZ	403.002
405.XYZ	405.002
412.XYZ	412.002
425.XYZ	425.002
437.XYZ	437.002
447.XYZ	447.002
447.XYZ	447.004
451.XYZ	451.002
466.XYZ	466.002
466.XYZ	466.004
469.XYZ	469.002
473.XYZ	473.002
496.XYZ	496.002
500.XYZ	500.002
518.XYZ	518.002
518.XYZ	518.004
518.XYZ	518.006
518.XYZ	518.008
518.XYZ	518.010
518.XYZ	518.012
518.XYZ	518.014
518.XYZ	518.016
518.XYZ	518.018
518.XYZ	518.020
518.XYZ	518.022
518.XYZ	518.024
518.XYZ	518.026
518.XYZ	518.028
518.XYZ	518.030
518.XYZ	518.032
518.XYZ	518.034
521.XYZ	521.002
521.XYZ	521.004
521.XYZ	521.006
521.XYZ	521.008
527.XYZ	527.002
527.XYZ	527.004
527.XYZ	527.006
532.XYZ	532.002
544.XYZ	544.002
544.XYZ	544.004
544.XYZ	544.006
551.XYZ	551.002
551.XYZ	551.004
556.XYZ	556.002
563.XYZ	563.002
563.XYZ	563.004
563.XYZ	563.006
563.XYZ	563.008
563.XYZ	563.010
563.XYZ	563.012
568.XYZ	568.002
570.XYZ	570.002
583.XYZ	583.002
583.XYZ	583.004
583.XYZ	583.006
598.XYZ	598.002
627.XYZ	627.002
627.XYZ	627.004
627.XYZ	627.006
629.XYZ	629.002
630.XYZ	630.002
650.XYZ	650.002
657.XYZ	657.002
657.XYZ	657.004
675.XYZ	675.002
686.XYZ	686.002
694.XYZ	694.002
698.XYZ	698.002
698.XYZ	698.004
698.XYZ	698.006
702.XYZ	702.002
705.XYZ	705.002
705.XYZ	705.004
707.XYZ	707.002
707.XYZ	707.004
707.XYZ	707.006
713.XYZ	713.002
718.XYZ	718.002
720.XYZ	720.002
721.XYZ	721.002
721.XYZ	721.004
722.XYZ	722.002
727.XYZ	727.002
730.XYZ	730.002
730.XYZ	730.004
730.XYZ	730.006
734.XYZ	734.002
741.XYZ	741.002
750.XYZ	750.002
751.XYZ	751.002
752.XYZ	752.002
767.XYZ	767.002
770.XYZ	770.002
788.XYZ	788.002
788.XYZ	788.004
792.XYZ	792.002
792.XYZ	792.004
805.XYZ	805.002
808.XYZ	808.002
808.XYZ	808.004
808.XYZ	808.006
813.XYZ	813.002
836.XYZ	836.002
840.XYZ	840.002
841.XYZ	841.002
849.XYZ	849.002
853.XYZ	853.002
854.XYZ	854.002
858.XYZ	858.002
865.XYZ	865.002
865.XYZ	865.004
876.XYZ	876.002
878.XYZ	878.002
904.XYZ	904.002
904.XYZ	904.004
911.XYZ	911.002
911.XYZ	911.004
911.XYZ	911.006
921.XYZ	921.002
928.XYZ	928.002
928.XYZ	928.004
932.XYZ	932.002
932.XYZ	932.004
932.XYZ	932.006
937.XYZ	937.002
937.XYZ	937.004
939.XYZ	939.002
941.XYZ	941.002
941.XYZ	941.004
941.XYZ	941.006
942.XYZ	942.002
952.XYZ	952.002
952.XYZ	952.004
952.XYZ	952.006
952.XYZ	952.008
952.XYZ	952.010
954.XYZ	954.002
970.XYZ	970.002
970.XYZ	970.004
980.XYZ	980.002
1000.XYZ	1000.002
1000.XYZ	1000.004
1000.XYZ	1000.006
1000.XYZ	1000.008
1001.XYZ	1001.002
1001.XYZ	1001.004
1004.XYZ	1004.002
1004.XYZ	1004.004
1006.XYZ	1006.002
1011.XYZ	1011.002
1014.XYZ	1014.002
1014.XYZ	1014.004
1014.XYZ	1014.006
1014.XYZ	1014.008
1020.XYZ	1020.002
1020.XYZ	1020.004
1020.XYZ	1020.006
1023.XYZ	1023.002
1023.XYZ	1023.004
1023.XYZ	1023.006
1023.XYZ	1023.008
1023.XYZ	1023.010
1023.XYZ	1023.012
1023.XYZ	1023.014
1023.XYZ	1023.016
1023.XYZ	1023.018
1023.XYZ	1023.020
1023.XYZ	1023.022
1023.XYZ	1023.024
1023.XYZ	1023.026
1023.XYZ	1023.028
1023.XYZ	1023.030
1023.XYZ	1023.032
1023.XYZ	1023.034
1023.XYZ	1023.036
1023.XYZ	1023.038
1023.XYZ	1023.040
1023.XYZ	1023.042
1032.XYZ	1032.002
1034.XYZ	1034.002
1035.XYZ	1035.002
1035.XYZ	1035.004
1035.XYZ	1035.006
1035.XYZ	1035.008
1035.XYZ	1035.010
1035.XYZ	1035.012
1035.XYZ	1035.014
1035.XYZ	1035.016
1039.XYZ	1039.002
1042.XYZ	1042.002
1047.XYZ	1047.002
1050.XYZ	1050.002
1064.XYZ	1064.002
1064.XYZ	1064.004
1064.XYZ	1064.006
1064.XYZ	1064.008
1064.XYZ	1064.010
1064.XYZ	1064.012
1064.XYZ	1064.014
1069.XYZ	1069.002
1081.XYZ	1081.002
1095.XYZ	1095.002
1095.XYZ	1095.004
1095.XYZ	1095.006
1106.XYZ	1106.002
1106.XYZ	1106.004
1112.XYZ	1112.002
1112.XYZ	1112.004
1118.XYZ	1118.002
1118.XYZ	1118.004
1127.XYZ	1127.002
1127.XYZ	1127.004
1131.XYZ	1131.002
1132.XYZ	1132.002
1140.XYZ	1140.002
1142.XYZ	1142.002
1142.XYZ	1142.004
1143.XYZ	1143.002
1145.XYZ	1145.002
1145.XYZ	1145.004
1161.XYZ	1161.002
1163.XYZ	1163.002
1168.XYZ	1168.002
1178.XYZ	1178.002
1183.XYZ	1183.002
1186.XYZ	1186.002
1186.XYZ	1186.004
1186.XYZ	1186.006
1186.XYZ	1186.008
1186.XYZ	1186.010
1187.XYZ	1187.002
1187.XYZ	1187.004
1188.XYZ	1188.002
1193.XYZ	1193.002
1193.XYZ	1193.004
1199.XYZ	1199.002
1199.XYZ	1199.004
1199.XYZ	1199.006
1199.XYZ	1199.008
1202.XYZ	1202.002
1207.XYZ	1207.002
1207.XYZ	1207.004
1208.XYZ	1208.002
1218.XYZ	1218.002
1218.XYZ	1218.004
1218.XYZ	1218.006
1219.XYZ	1219.002
1221.XYZ	1221.002
1224.XYZ	1224.002
1231.XYZ	1231.002
1232.XYZ	1232.002
1232.XYZ	1232.004
1239.XYZ	1239.002
1239.XYZ	1239.004
1239.XYZ	1239.006
1239.XYZ	1239.008
1239.XYZ	1239.010
1239.XYZ	1239.012
1239.XYZ	1239.014
1239.XYZ	1239.016
1239.XYZ	1239.018
1244.XYZ	1244.002
1244.XYZ	1244.004
1249.XYZ	1249.002
1250.XYZ	1250.002
1250.XYZ	1250.004
1250.XYZ	1250.006
1250.XYZ	1250.008
1255.XYZ	1255.002
1257.XYZ	1257.002
1260.XYZ	1260.002
1260.XYZ	1260.004
1260.XYZ	1260.006
1260.XYZ	1260.008
1260.XYZ	1260.010
1260.XYZ	1260.012
1260.XYZ	1260.014
1260.XYZ	1260.016
1273.XYZ	1273.002
1273.XYZ	1273.004
1276.XYZ	1276.002
1286.XYZ	1286.002
1287.XYZ	1287.002
1287.XYZ	1287.004
1290.XYZ	1290.002
1290.XYZ	1290.004
1295.XYZ	1295.002
1295.XYZ	1295.004
1296.XYZ	1296.002
1298.XYZ	1298.002
1299.XYZ	1299.002
1300.XYZ	1300.002
1300.XYZ	1300.004
1302.XYZ	1302.002
1306.XYZ	1306.002
1306.XYZ	1306.004
1306.XYZ	1306.006
1306.XYZ	1306.008
1306.XYZ	1306.010
1322.XYZ	1322.002
1323.XYZ	1323.002
1323.XYZ	1323.004
1331.XYZ	1331.002
1341.XYZ	1341.002
1342.XYZ	1342.002
1342.XYZ	1342.004
1342.XYZ	1342.006
1347.XYZ	1347.002
1351.XYZ	1351.002
1352.XYZ	1352.002
1352.XYZ	1352.004
1352.XYZ	1352.006
1352.XYZ	1352.008
1356.XYZ	1356.002
1360.XYZ	1360.002
1360.XYZ	1360.004
1360.XYZ	1360.006
1364.XYZ	1364.002
1366.XYZ	1366.002
1366.XYZ	1366.004
1369.XYZ	1369.002
1369.XYZ	1369.004
1372.XYZ	1372.002
1375.XYZ	1375.002
1376.XYZ	1376.002
1378.XYZ	1378.002
1378.XYZ	1378.004
1380.XYZ	1380.002
1383.XYZ	1383.002
1383.XYZ	1383.004
1383.XYZ	1383.006
1390.XYZ	1390.002
1394.XYZ	1394.002
1394.XYZ	1394.004
1394.XYZ	1394.006
1394.XYZ	1394.008
1394.XYZ	1394.010
1394.XYZ	1394.012
1394.XYZ	1394.014
1394.XYZ	1394.016
1394.XYZ	1394.018
1395.XYZ	1395.002
1399.XYZ	1399.002
1399.XYZ	1399.004
1399.XYZ	1399.006
1399.XYZ	1399.008
1402.XYZ	1402.002
1402.XYZ	1402.004
1402.XYZ	1402.006
1402.XYZ	1402.008
1402.XYZ	1402.010
1402.XYZ	1402.012
1402.XYZ	1402.014
1402.XYZ	1402.016
1402.XYZ	1402.018
1402.XYZ	1402.020
1402.XYZ	1402.022
1402.XYZ	1402.024
1402.XYZ	1402.026
1407.XYZ	1407.002
1410.XYZ	1410.002
1410.XYZ	1410.004
1410.XYZ	1410.006
1420.XYZ	1420.002
1420.XYZ	1420.004
1420.XYZ	1420.006
1420.XYZ	1420.008
1420.XYZ	1420.010
1422.XYZ	1422.002
1423.XYZ	1423.002
1423.XYZ	1423.004
1436.XYZ	1436.002
1436.XYZ	1436.004
1438.XYZ	1438.002
1440.XYZ	1440.002
1443.XYZ	1443.002
1449.XYZ	1449.002
1452.XYZ	1452.002
1455.XYZ	1455.002
1455.XYZ	1455.004
1457.XYZ	1457.002
1457.XYZ	1457.004
1457.XYZ	1457.006
1458.XYZ	1458.002
1463.XYZ	1463.002
1469.XYZ	1469.002
1469.XYZ	1469.004
1469.XYZ	1469.006
1470.XYZ	1470.002
1471.XYZ	1471.002
1471.XYZ	1471.004
1471.XYZ	1471.006
1471.XYZ	1471.008
1471.XYZ	1471.010
1471.XYZ	1471.012
1471.XYZ	1471.014
1471.XYZ	1471.016
1471.XYZ	1471.018
1471.XYZ	1471.020
1471.XYZ	1471.022
1471.XYZ	1471.024
1471.XYZ	1471.026
1471.XYZ	1471.028
1471.XYZ	1471.030
1471.XYZ	1471.032
1471.XYZ	1471.034
1471.XYZ	1471.036
1471.XYZ	1471.038
1471.XYZ	1471.040
1471.XYZ	1471.042
1471.XYZ	1471.044
1471.XYZ	1471.046
1471.XYZ	1471.048
1478.XYZ	1478.002
1481.XYZ	1481.002
1488.XYZ	1488.002
1488.XYZ	1488.004
1488.XYZ	1488.006
1490.XYZ	1490.002
1491.XYZ	1491.002
1491.XYZ	1491.004
1491.XYZ	1491.006
1491.XYZ	1491.008
1496.XYZ	1496.002
1497.XYZ	1497.002
1497.XYZ	1497.004
1501.XYZ	1501.002
1506.XYZ	1506.002
1510.XYZ	1510.002
1513.XYZ	1513.002
1514.XYZ	1514.002
1514.XYZ	1514.004
1516.XYZ	1516.002
1525.XYZ	1525.002
1528.XYZ	1528.002
1528.XYZ	1528.004
1528.XYZ	1528.006
1528.XYZ	1528.008
1528.XYZ	1528.010
1528.XYZ	1528.012
1531.XYZ	1531.002
1531.XYZ	1531.004
1560.XYZ	1560.002
1562.XYZ	1562.002
1564.XYZ	1564.002
1566.XYZ	1566.002
1568.XYZ	1568.002
1568.XYZ	1568.004
1573.XYZ	1573.002
1573.XYZ	1573.004
1578.XYZ	1578.002
1583.XYZ	1583.002
1583.XYZ	1583.004
1583.XYZ	1583.006
1584.XYZ	1584.002
1585.XYZ	1585.002
1586.XYZ	1586.002
1589.XYZ	1589.002
1589.XYZ	1589.004
1596.XYZ	1596.002
1597.XYZ	1597.002
1599.XYZ	1599.002
1603.XYZ	1603.002
1603.XYZ	1603.004
1603.XYZ	1603.006
1612.XYZ	1612.002
1612.XYZ	1612.004
1618.XYZ	1618.002
1620.XYZ	1620.002
1622.XYZ	1622.002
1625.XYZ	1625.002
1633.XYZ	1633.002
1637.XYZ	1637.002
1637.XYZ	1637.004
1637.XYZ	1637.006
1637.XYZ	1637.008
1637.XYZ	1637.010
1637.XYZ	1637.012
1637.XYZ	1637.014
1637.XYZ	1637.016
1637.XYZ	1637.018
1644.XYZ	1644.002
1645.XYZ	1645.002
1645.XYZ	1645.004
1645.XYZ	1645.006
1645.XYZ	1645.008
1645.XYZ	1645.010
1645.XYZ	1645.012
1657.XYZ	1657.002
1657.XYZ	1657.004
1657.XYZ	1657.006
1667.XYZ	1667.002
1674.XYZ	1674.002
1674.XYZ	1674.004
1678.XYZ	1678.002
1679.XYZ	1679.002
1679.XYZ	1679.004
1679.XYZ	1679.006
1679.XYZ	1679.008
1679.XYZ	1679.010
1679.XYZ	1679.012
1681.XYZ	1681.002
1681.XYZ	1681.004
1681.XYZ	1681.006
1684.XYZ	1684.002
1686.XYZ	1686.002
1687.XYZ	1687.002
1689.XYZ	1689.002
1690.XYZ	1690.002
1693.XYZ	1693.002
1695.XYZ	1695.002
1700.XYZ	1700.002
1700.XYZ	1700.004
1700.XYZ	1700.006
1700.XYZ	1700.008
1700.XYZ	1700.010
1701.XYZ	1701.002
1703.XYZ	1703.002
1705.XYZ	1705.002
1705.XYZ	1705.004
1705.XYZ	1705.006
1705.XYZ	1705.008
1705.XYZ	1705.010
1705.XYZ	1705.012
1710.XYZ	1710.002
1713.XYZ	1713.002
1719.XYZ	1719.002
1719.XYZ	1719.004
1719.XYZ	1719.006
1719.XYZ	1719.008
1728.XYZ	1728.002
1728.XYZ	1728.004
1729.XYZ	1729.002
1729.XYZ	1729.004
1729.XYZ	1729.006
1729.XYZ	1729.008
1729.XYZ	1729.010
1729.XYZ	1729.012
1729.XYZ	1729.014
1729.XYZ	1729.016
1729.XYZ	1729.018
1735.XYZ	1735.002
1737.XYZ	1737.002
1737.XYZ	1737.004
1738.XYZ	1738.002
1739.XYZ	1739.002
1741.XYZ	1741.002
1743.XYZ	1743.002
1743.XYZ	1743.004
1749.XYZ	1749.002
1756.XYZ	1756.002
1756.XYZ	1756.004
1758.XYZ	1758.002
1758.XYZ	1758.004
1760.XYZ	1760.002
1760.XYZ	1760.004
1760.XYZ	1760.006
1760.XYZ	1760.008
1760.XYZ	1760.010
1760.XYZ	1760.012
1760.XYZ	1760.014
1760.XYZ	1760.016
1760.XYZ	1760.018
1760.XYZ	1760.020
1760.XYZ	1760.022
1761.XYZ	1761.002
1761.XYZ	1761.004
1761.XYZ	1761.006
1761.XYZ	1761.008
1761.XYZ	1761.010
1764.XYZ	1764.002
1764.XYZ	1764.004
1764.XYZ	1764.006
1765.XYZ	1765.002
1770.XYZ	1770.002
1771.XYZ	1771.002
1771.XYZ	1771.004
1774.XYZ	1774.002
1774.XYZ	1774.004
1774.XYZ	1774.006
1775.XYZ	1775.002
1776.XYZ	1776.002
1776.XYZ	1776.004
1776.XYZ	1776.006
1776.XYZ	1776.008
1776.XYZ	1776.010
1780.XYZ	1780.002
1789.XYZ	1789.002
1790.XYZ	1790.002
1792.XYZ	1792.002
1792.XYZ	1792.004
1792.XYZ	1792.006
1792.XYZ	1792.008
1792.XYZ	1792.010
1792.XYZ	1792.012
1792.XYZ	1792.014
1792.XYZ	1792.016
1792.XYZ	1792.018
1792.XYZ	1792.020
1793.XYZ	1793.002
1793.XYZ	1793.004
1793.XYZ	1793.006
1795.XYZ	1795.002
1795.XYZ	1795.004
1795.XYZ	1795.006
1799.XYZ	1799.002
1800.XYZ	1800.002
1810.XYZ	1810.002
1810.XYZ	1810.004
1817.XYZ	1817.002
1817.XYZ	1817.004
1817.XYZ	1817.006
1817.XYZ	1817.008
1817.XYZ	1817.010
1817.XYZ	1817.012
1817.XYZ	1817.014
1817.XYZ	1817.016
1823.XYZ	1823.002
1826.XYZ	1826.002
1827.XYZ	1827.002
1827.XYZ	1827.004
1827.XYZ	1827.006
1827.XYZ	1827.008
1827.XYZ	1827.010
1827.XYZ	1827.012
1827.XYZ	1827.014
1827.XYZ	1827.016
1832.XYZ	1832.002
1836.XYZ	1836.002
1838.XYZ	1838.002
1838.XYZ	1838.004
1840.XYZ	1840.002
1840.XYZ	1840.004
1841.XYZ	1841.002
1845.XYZ	1845.002
1847.XYZ	1847.002
1847.XYZ	1847.004
1847.XYZ	1847.006
1847.XYZ	1847.008
1849.XYZ	1849.002
1852.XYZ	1852.002
1852.XYZ	1852.004
1852.XYZ	1852.006
1852.XYZ	1852.008
1852.XYZ	1852.010
1852.XYZ	1852.012
1852.XYZ	1852.014
1868.XYZ	1868.002
1868.XYZ	1868.004
1872.XYZ	1872.002
1872.XYZ	1872.004
1872.XYZ	1872.006
1872.XYZ	1872.008
1872.XYZ	1872.010
1872.XYZ	1872.012
1874.XYZ	1874.002
1874.XYZ	1874.004
1877.XYZ	1877.002
1877.XYZ	1877.004
1877.XYZ	1877.006
1889.XYZ	1889.002
1890.XYZ	1890.002
1890.XYZ	1890.004
1890.XYZ	1890.006
1891.XYZ	1891.002
1896.XYZ	1896.002
1899.XYZ	1899.002
1905.XYZ	1905.002
1905.XYZ	1905.004
1912.XYZ	1912.002
1918.XYZ	1918.002
1919.XYZ	1919.002
1928.XYZ	1928.002
1931.XYZ	1931.002
1931.XYZ	1931.004
1931.XYZ	1931.006
1931.XYZ	1931.008
1931.XYZ	1931.010
1931.XYZ	1931.012
1931.XYZ	1931.014
1931.XYZ	1931.016
1931.XYZ	1931.018
1931.XYZ	1931.020
1931.XYZ	1931.022
1931.XYZ	1931.024
1931.XYZ	1931.026
1931.XYZ	1931.028
1931.XYZ	1931.030
1931.XYZ	1931.032
1931.XYZ	1931.034
1931.XYZ	1931.036
1931.XYZ	1931.038
1932.XYZ	1932.002
1933.XYZ	1933.002
1938.XYZ	1938.002
1938.XYZ	1938.004
1938.XYZ	1938.006
1938.XYZ	1938.008
1938.XYZ	1938.010
1938.XYZ	1938.012
1938.XYZ	1938.014
1938.XYZ	1938.016
1938.XYZ	1938.018
1938.XYZ	1938.020
1938.XYZ	1938.022
1938.XYZ	1938.024
1938.XYZ	1938.026
1938.XYZ	1938.028
1938.XYZ	1938.030
1938.XYZ	1938.032
1938.XYZ	1938.034
1938.XYZ	1938.036
1938.XYZ	1938.038
1938.XYZ	1938.040
1938.XYZ	1938.042
1938.XYZ	1938.044
1938.XYZ	1938.046
1938.XYZ	1938.048
1938.XYZ	1938.050
1938.XYZ	1938.052
1938.XYZ	1938.054
1938.XYZ	1938.056
1938.XYZ	1938.058
1938.XYZ	1938.060
1938.XYZ	1938.062
1944.XYZ	1944.002
1944.XYZ	1944.004
1948.XYZ	1948.002
1948.XYZ	1948.004
1948.XYZ	1948.006
1956.XYZ	1956.002
1957.XYZ	1957.002
1957.XYZ	1957.004
1957.XYZ	1957.006
1957.XYZ	1957.008
1959.XYZ	1959.002
1962.XYZ	1962.002
1962.XYZ	1962.004
1962.XYZ	1962.006
1978.XYZ	1978.002
1984.XYZ	1984.002
1984.XYZ	1984.004
1985.XYZ	1985.002
1988.XYZ	1988.002
1997.XYZ	1997.002
1998.XYZ	1998.002
2006.XYZ	2006.002
2007.XYZ	2007.002
2007.XYZ	2007.004
2009.XYZ	2009.002
2009.XYZ	2009.004
2010.XYZ	2010.002
2010.XYZ	2010.004
2012.XYZ	2012.002
2012.XYZ	2012.004
2030.XYZ	2030.002
2030.XYZ	2030.004
2030.XYZ	2030.006
2030.XYZ	2030.008
2030.XYZ	2030.010
2030.XYZ	2030.012
2030.XYZ	2030.014
2030.XYZ	2030.016
2030.XYZ	2030.018
2033.XYZ	2033.002
2033.XYZ	2033.004
2033.XYZ	2033.006
2033.XYZ	2033.008
2033.XYZ	2033.010
2033.XYZ	2033.012
2033.XYZ	2033.014
2033.XYZ	2033.016
2033.XYZ	2033.018
2033.XYZ	2033.020
2033.XYZ	2033.022
2033.XYZ	2033.024
2033.XYZ	2033.026
2047.XYZ	2047.002
2047.XYZ	2047.004
2054.XYZ	2054.002
2057.XYZ	2057.002
2062.XYZ	2062.002
2067.XYZ	2067.002
2069.XYZ	2069.002
2077.XYZ	2077.002
2080.XYZ	2080.002
2083.XYZ	2083.002
2083.XYZ	2083.004
2083.XYZ	2083.006
2083.XYZ	2083.008
2083.XYZ	2083.010
2083.XYZ	2083.012
2086.XYZ	2086.002
2086.XYZ	2086.004
2086.XYZ	2086.006
2087.XYZ	2087.002
2088.XYZ	2088.002
2089.XYZ	2089.002
2093.XYZ	2093.002
2093.XYZ	2093.004
2093.XYZ	2093.006
2093.XYZ	2093.008
2093.XYZ	2093.010
2093.XYZ	2093.012
2093.XYZ	2093.014
2098.XYZ	2098.002
2098.XYZ	2098.004
2098.XYZ	2098.006
2102.XYZ	2102.002
2102.XYZ	2102.004
2102.XYZ	2102.006
2102.XYZ	2102.008
2102.XYZ	2102.010
2102.XYZ	2102.012
2105.XYZ	2105.002
2105.XYZ	2105.004
2105.XYZ	2105.006
2105.XYZ	2105.008
2105.XYZ	2105.010
2105.XYZ	2105.012
2105.XYZ	2105.014
2105.XYZ	2105.016
2105.XYZ	2105.018
2107.XYZ	2107.002
2108.XYZ	2108.002
2108.XYZ	2108.004
2108.XYZ	2108.006
2108.XYZ	2108.008
2113.XYZ	2113.002
2134.XYZ	2134.002
2138.XYZ	2138.002
2138.XYZ	2138.004
2138.XYZ	2138.006
2143.XYZ	2143.002
2146.XYZ	2146.002
2146.XYZ	2146.004
2146.XYZ	2146.006
2152.XYZ	2152.002
2152.XYZ	2152.004
2152.XYZ	2152.006
2152.XYZ	2152.008
2152.XYZ	2152.010
2152.XYZ	2152.012
2160.XYZ	2160.002
2162.XYZ	2162.002
2162.XYZ	2162.004
2162.XYZ	2162.006
2162.XYZ	2162.008
2164.XYZ	2164.002
2166.XYZ	2166.002
2166.XYZ	2166.004
2166.XYZ	2166.006
2168.XYZ	2168.002
2171.XYZ	2171.002
2171.XYZ	2171.004
2171.XYZ	2171.006
2175.XYZ	2175.002
2178.XYZ	2178.002
2178.XYZ	2178.004
2178.XYZ	2178.006
2186.XYZ	2186.002
2189.XYZ	2189.002
2193.XYZ	2193.002
2199.XYZ	2199.002
2199.XYZ	2199.004
2211.XYZ	2211.002
2211.XYZ	2211.004
2214.XYZ	2214.002
2215.XYZ	2215.002
2216.XYZ	2216.002
2221.XYZ	2221.002
2229.XYZ	2229.002
2243.XYZ	2243.002
2243.XYZ	2243.004
2254.XYZ	2254.002
2254.XYZ	2254.004
2254.XYZ	2254.006
2255.XYZ	2255.002
2263.XYZ	2263.002
2263.XYZ	2263.004
2263.XYZ	2263.006
2269.XYZ	2269.002
2273.XYZ	2273.002
2276.XYZ	2276.002
2276.XYZ	2276.004
2288.XYZ	2288.002
2298.XYZ	2298.002
2298.XYZ	2298.004
2298.XYZ	2298.006
2306.XYZ	2306.002
2306.XYZ	2306.004
2306.XYZ	2306.006
2306.XYZ	2306.008
2311.XYZ	2311.002
2319.XYZ	2319.002
2325.XYZ	2325.002
2325.XYZ	2325.004
2327.XYZ	2327.002
2334.XYZ	2334.002
2336.XYZ	2336.002
2339.XYZ	2339.002
2361.XYZ	2361.002
2364.XYZ	2364.002
2369.XYZ	2369.002
2369.XYZ	2369.004
2372.XYZ	2372.002
2373.XYZ	2373.002
2380.XYZ	2380.002
2390.XYZ	2390.002
2392.XYZ	2392.002
2392.XYZ	2392.004
2392.XYZ	2392.006
2400.XYZ	2400.002
2425.XYZ	2425.002
2425.XYZ	2425.004
2425.XYZ	2425.006
2428.XYZ	2428.002
2441.XYZ	2441.002
2445.XYZ	2445.002
2445.XYZ	2445.004
2451.XYZ	2451.002
2457.XYZ	2457.002
2465.XYZ	2465.002
2467.XYZ	2467.002
2467.XYZ	2467.004
2473.XYZ	2473.002
2474.XYZ	2474.002
2474.XYZ	2474.004
2474.XYZ	2474.006
2490.XYZ	2490.002
2498.XYZ	2498.002
2498.XYZ	2498.004
2505.XYZ	2505.002
2506.XYZ	2506.002
2517.XYZ	2517.002
2517.XYZ	2517.004
2518.XYZ	2518.002
2524.XYZ	2524.002
2524.XYZ	2524.004
2531.XYZ	2531.002
2535.XYZ	2535.002
2540.XYZ	2540.002
2540.XYZ	2540.004
2540.XYZ	2540.006
2546.XYZ	2546.002
2558.XYZ	2558.002
2558.XYZ	2558.004
2558.XYZ	2558.006
2558.XYZ	2558.008
2598.XYZ	2598.002
2634.XYZ	2634.002
2644.XYZ	2644.002
2644.XYZ	2644.004
2654.XYZ	2654.002
2680.XYZ	2680.002
2687.XYZ	2687.002
2687.XYZ	2687.004
2687.XYZ	2687.006
2687.XYZ	2687.008
2687.XYZ	2687.010
2687.XYZ	2687.012
2687.XYZ	2687.014
2687.XYZ	2687.016
2687.XYZ	2687.018
2687.XYZ	2687.020
2687.XYZ	2687.022
2689.XYZ	2689.002
2689.XYZ	2689.004
2693.XYZ	2693.002
2693.XYZ	2693.004
2698.XYZ	2698.002
2698.XYZ	2698.004
2698.XYZ	2698.006
2698.XYZ	2698.008
2698.XYZ	2698.010
2698.XYZ	2698.012
2702.XYZ	2702.002
2714.XYZ	2714.002
2714.XYZ	2714.004
2749.XYZ	2749.002
2760.XYZ	2760.002
2761.XYZ	2761.002
2772.XYZ	2772.002
2772.XYZ	2772.004
2775.XYZ	2775.002
2775.XYZ	2775.004
2786.XYZ	2786.002
2789.XYZ	2789.002
2795.XYZ	2795.002
2795.XYZ	2795.004
2795.XYZ	2795.006
2802.XYZ	2802.002
2802.XYZ	2802.004
2802.XYZ	2802.006
2802.XYZ	2802.008
2802.XYZ	2802.010
2813.XYZ	2813.002
2824.XYZ	2824.002
2832.XYZ	2832.002
2832.XYZ	2832.004
2832.XYZ	2832.006
2832.XYZ	2832.008
2832.XYZ	2832.010
2860.XYZ	2860.002
2861.XYZ	2861.002
2861.XYZ	2861.004
2861.XYZ	2861.006
2889.XYZ	2889.002
2889.XYZ	2889.004
2895.XYZ	2895.002
2900.XYZ	2900.002
2900.XYZ	2900.004
2904.XYZ	2904.002
2904.XYZ	2904.004
2904.XYZ	2904.006
2929.XYZ	2929.002
2936.XYZ	2936.002
2936.XYZ	2936.004
2936.XYZ	2936.006
2936.XYZ	2936.008
2936.XYZ	2936.010
2936.XYZ	2936.012
2940.XYZ	2940.002
2940.XYZ	2940.004
2940.XYZ	2940.006
2940.XYZ	2940.008
2944.XYZ	2944.002
2944.XYZ	2944.004
2945.XYZ	2945.002
2945.XYZ	2945.004
2945.XYZ	2945.006
2947.XYZ	2947.002
2950.XYZ	2950.002
2950.XYZ	2950.004
2950.XYZ	2950.006
2950.XYZ	2950.008
2950.XYZ	2950.010
2950.XYZ	2950.012
2950.XYZ	2950.014
2950.XYZ	2950.016
2950.XYZ	2950.018
2950.XYZ	2950.020
2950.XYZ	2950.022
2950.XYZ	2950.024
2957.XYZ	2957.002
2959.XYZ	2959.002
2959.XYZ	2959.004
2959.XYZ	2959.006
2959.XYZ	2959.008
2959.XYZ	2959.010
2959.XYZ	2959.012
2959.XYZ	2959.014
2959.XYZ	2959.016
2961.XYZ	2961.002
2961.XYZ	2961.004
2961.XYZ	2961.006
2980.XYZ	2980.002
2980.XYZ	2980.004
2980.XYZ	2980.006
2982.XYZ	2982.002
2982.XYZ	2982.004
2982.XYZ	2982.006
2985.XYZ	2985.002
2985.XYZ	2985.004
2985.XYZ	2985.006
2989.XYZ	2989.002
3005.XYZ	3005.002
3005.XYZ	3005.004
3005.XYZ	3005.006
3005.XYZ	3005.008
3005.XYZ	3005.010
3005.XYZ	3005.012
3005.XYZ	3005.014
3005.XYZ	3005.016
3005.XYZ	3005.018
3005.XYZ	3005.020
3005.XYZ	3005.022
3005.XYZ	3005.024
3005.XYZ	3005.026
3008.XYZ	3008.002
3014.XYZ	3014.002
3025.XYZ	3025.002
3025.XYZ	3025.004
3025.XYZ	3025.006
3025.XYZ	3025.008
3025.XYZ	3025.010
3025.XYZ	3025.012
3025.XYZ	3025.014
3032.XYZ	3032.002
3032.XYZ	3032.004
3035.XYZ	3035.002
3043.XYZ	3043.002
3045.XYZ	3045.002
3045.XYZ	3045.004
3049.XYZ	3049.002
3049.XYZ	3049.004
3049.XYZ	3049.006
3049.XYZ	3049.008
3049.XYZ	3049.010
3049.XYZ	3049.012
3049.XYZ	3049.014
3049.XYZ	3049.016
3049.XYZ	3049.018
3049.XYZ	3049.020
3049.XYZ	3049.022
3049.XYZ	3049.024
3049.XYZ	3049.026
3049.XYZ	3049.028
3049.XYZ	3049.030
3049.XYZ	3049.032
3049.XYZ	3049.034
3049.XYZ	3049.036
3049.XYZ	3049.038
3049.XYZ	3049.040
3049.XYZ	3049.042
3049.XYZ	3049.044
3049.XYZ	3049.046
3049.XYZ	3049.048
3049.XYZ	3049.050
3049.XYZ	3049.052
3049.XYZ	3049.054
3049.XYZ	3049.056
3049.XYZ	3049.058
3049.XYZ	3049.060
3049.XYZ	3049.062
3049.XYZ	3049.064
3069.XYZ	3069.002
3069.XYZ	3069.004
3070.XYZ	3070.002
3072.XYZ	3072.002
3074.XYZ	3074.002
3083.XYZ	3083.002
3083.XYZ	3083.004
3083.XYZ	3083.006
3086.XYZ	3086.002
3086.XYZ	3086.004
3102.XYZ	3102.002
3103.XYZ	3103.002
3109.XYZ	3109.002
3111.XYZ	3111.002
3111.XYZ	3111.004
3111.XYZ	3111.006
3111.XYZ	3111.008
3111.XYZ	3111.010
3114.XYZ	3114.002
3127.XYZ	3127.002
3127.XYZ	3127.004
3127.XYZ	3127.006
3135.XYZ	3135.002
3136.XYZ	3136.002
3142.XYZ	3142.002
3148.XYZ	3148.002
3153.XYZ	3153.002
3155.XYZ	3155.002
3159.XYZ	3159.002
3164.XYZ	3164.002
3188.XYZ	3188.002
3193.XYZ	3193.002
3193.XYZ	3193.004
3193.XYZ	3193.006
3194.XYZ	3194.002
3194.XYZ	3194.004
3202.XYZ	3202.002
3202.XYZ	3202.004
3209.XYZ	3209.002
3225.XYZ	3225.002
3225.XYZ	3225.004
3225.XYZ	3225.006
3225.XYZ	3225.008
3225.XYZ	3225.010
3225.XYZ	3225.012
3225.XYZ	3225.014
3225.XYZ	3225.016
3225.XYZ	3225.018
3225.XYZ	3225.020
3225.XYZ	3225.022
3229.XYZ	3229.002
3236.XYZ	3236.002
3255.XYZ	3255.002
3255.XYZ	3255.004
3255.XYZ	3255.006
3256.XYZ	3256.002
3260.XYZ	3260.002
3260.XYZ	3260.004
3260.XYZ	3260.006
3260.XYZ	3260.008
3260.XYZ	3260.010
3263.XYZ	3263.002
3263.XYZ	3263.004
3263.XYZ	3263.006
3263.XYZ	3263.008
3269.XYZ	3269.002
3269.XYZ	3269.004
3269.XYZ	3269.006
3269.XYZ	3269.008
3269.XYZ	3269.010
3269.XYZ	3269.012
3303.XYZ	3303.002
3306.XYZ	3306.002
3306.XYZ	3306.004
3306.XYZ	3306.006
3306.XYZ	3306.008
3306.XYZ	3306.010
3306.XYZ	3306.012
3306.XYZ	3306.014
3306.XYZ	3306.016
3306.XYZ	3306.018
3306.XYZ	3306.020
3306.XYZ	3306.022
3306.XYZ	3306.024
3306.XYZ	3306.026
3323.XYZ	3323.002
3323.XYZ	3323.004
3323.XYZ	3323.006
3323.XYZ	3323.008
3323.XYZ	3323.010
3323.XYZ	3323.012
3323.XYZ	3323.014
3323.XYZ	3323.016
3323.XYZ	3323.018
3323.XYZ	3323.020
3323.XYZ	3323.022
3323.XYZ	3323.024
3323.XYZ	3323.026
3323.XYZ	3323.028
3323.XYZ	3323.030
3323.XYZ	3323.032
3323.XYZ	3323.034
3323.XYZ	3323.036
3324.XYZ	3324.002
3324.XYZ	3324.004
3325.XYZ	3325.002
3342.XYZ	3342.002
3342.XYZ	3342.004
3342.XYZ	3342.006
3342.XYZ	3342.008
3342.XYZ	3342.010
3342.XYZ	3342.012
3348.XYZ	3348.002
3359.XYZ	3359.002
3376.XYZ	3376.002
3376.XYZ	3376.004
3408.XYZ	3408.002
3409.XYZ	3409.002
3415.XYZ	3415.002
3416.XYZ	3416.002
3425.XYZ	3425.002
3425.XYZ	3425.004
3433.XYZ	3433.002
3439.XYZ	3439.002
3439.XYZ	3439.004
3439.XYZ	3439.006
3439.XYZ	3439.008
3444.XYZ	3444.002
3447.XYZ	3447.002
3447.XYZ	3447.004
3451.XYZ	3451.002
3451.XYZ	3451.004
3451.XYZ	3451.006
3465.XYZ	3465.002
3465.XYZ	3465.004
3465.XYZ	3465.006
3476.XYZ	3476.002
3489.XYZ	3489.002
3489.XYZ	3489.004
3489.XYZ	3489.006
3492.XYZ	3492.002
3494.XYZ	3494.002
3497.XYZ	3497.002
3499.XYZ	3499.002
3499.XYZ	3499.004
3502.XYZ	3502.002
3515.XYZ	3515.002
3516.XYZ	3516.002
3519.XYZ	3519.002
3519.XYZ	3519.004
3527.XYZ	3527.002
3556.XYZ	3556.002
3556.XYZ	3556.004
3556.XYZ	3556.006
3568.XYZ	3568.002
3568.XYZ	3568.004
3568.XYZ	3568.006
3568.XYZ	3568.008
3568.XYZ	3568.010
3568.XYZ	3568.012
3568.XYZ	3568.014
3568.XYZ	3568.016
3588.XYZ	3588.002
3588.XYZ	3588.004
3588.XYZ	3588.006
3588.XYZ	3588.008
3588.XYZ	3588.010
3588.XYZ	3588.012
3588.XYZ	3588.014
3588.XYZ	3588.016
3588.XYZ	3588.018
3588.XYZ	3588.020
3588.XYZ	3588.022
3588.XYZ	3588.024
3590.XYZ	3590.002
3604.XYZ	3604.002
3611.XYZ	3611.002
3612.XYZ	3612.002
3612.XYZ	3612.004
3623.XYZ	3623.002
3623.XYZ	3623.004
3623.XYZ	3623.006
3623.XYZ	3623.008
3623.XYZ	3623.010
3623.XYZ	3623.012
3639.XYZ	3639.002
3647.XYZ	3647.002
3654.XYZ	3654.002
3654.XYZ	3654.004
3658.XYZ	3658.002
3658.XYZ	3658.004
3658.XYZ	3658.006
3658.XYZ	3658.008
3658.XYZ	3658.010
3658.XYZ	3658.012
3658.XYZ	3658.014
3658.XYZ	3658.016
3658.XYZ	3658.018
3658.XYZ	3658.020
3658.XYZ	3658.022
3664.XYZ	3664.002
3668.XYZ	3668.002
3668.XYZ	3668.004
3679.XYZ	3679.002
3679.XYZ	3679.004
3685.XYZ	3685.002
3685.XYZ	3685.004
3685.XYZ	3685.006
3685.XYZ	3685.008
3685.XYZ	3685.010
3685.XYZ	3685.012
3685.XYZ	3685.014
3685.XYZ	3685.016
3693.XYZ	3693.002
3693.XYZ	3693.004
3693.XYZ	3693.006
3693.XYZ	3693.008
3693.XYZ	3693.010
3693.XYZ	3693.012
3693.XYZ	3693.014
3693.XYZ	3693.016
3693.XYZ	3693.018
3700.XYZ	3700.002
3700.XYZ	3700.004
3709.XYZ	3709.002
3709.XYZ	3709.004
3709.XYZ	3709.006
3710.XYZ	3710.002
3710.XYZ	3710.004
3716.XYZ	3716.002
3716.XYZ	3716.004
3716.XYZ	3716.006
3716.XYZ	3716.008
3716.XYZ	3716.010
3716.XYZ	3716.012
3716.XYZ	3716.014
3716.XYZ	3716.016
3719.XYZ	3719.002
3726.XYZ	3726.002
3728.XYZ	3728.002
3738.XYZ	3738.002
3738.XYZ	3738.004
3742.XYZ	3742.002
3742.XYZ	3742.004
3747.XYZ	3747.002
3759.XYZ	3759.002
3760.XYZ	3760.002
3767.XYZ	3767.002
3767.XYZ	3767.004
3768.XYZ	3768.002
3768.XYZ	3768.004
3768.XYZ	3768.006
3768.XYZ	3768.008
3768.XYZ	3768.010
3770.XYZ	3770.002
3776.XYZ	3776.002
3776.XYZ	3776.004
3780.XYZ	3780.002
3780.XYZ	3780.004
3780.XYZ	3780.006
3780.XYZ	3780.008
3780.XYZ	3780.010
3780.XYZ	3780.012
3780.XYZ	3780.014
3780.XYZ	3780.016
3780.XYZ	3780.018
3781.XYZ	3781.002
3781.XYZ	3781.004
3783.XYZ	3783.002
3784.XYZ	3784.002
3789.XYZ	3789.002
3789.XYZ	3789.004
3811.XYZ	3811.002
3827.XYZ	3827.002
3831.XYZ	3831.002
3831.XYZ	3831.004
3831.XYZ	3831.006
3831.XYZ	3831.008
3831.XYZ	3831.010
3831.XYZ	3831.012
3832.XYZ	3832.002
3845.XYZ	3845.002
3845.XYZ	3845.004
3845.XYZ	3845.006
3845.XYZ	3845.008
3845.XYZ	3845.010
3845.XYZ	3845.012
3845.XYZ	3845.014
3866.XYZ	3866.002
3866.XYZ	3866.004
3902.XYZ	3902.002
3911.XYZ	3911.002
3911.XYZ	3911.004
3920.XYZ	3920.002
3920.XYZ	3920.004
3920.XYZ	3920.006
3920.XYZ	3920.008
3920.XYZ	3920.010
3921.XYZ	3921.002
3921.XYZ	3921.004
3921.XYZ	3921.006
3921.XYZ	3921.008
3921.XYZ	3921.010
3921.XYZ	3921.012
3933.XYZ	3933.002
3934.XYZ	3934.002
3937.XYZ	3937.002
3937.XYZ	3937.004
3937.XYZ	3937.006
3937.XYZ	3937.008
3937.XYZ	3937.010
3937.XYZ	3937.012
3937.XYZ	3937.014
3937.XYZ	3937.016
3937.XYZ	3937.018
3937.XYZ	3937.020
3937.XYZ	3937.022
3937.XYZ	3937.024
3937.XYZ	3937.026
3937.XYZ	3937.028
3937.XYZ	3937.030
3937.XYZ	3937.032
3938.XYZ	3938.002
3941.XYZ	3941.002
3945.XYZ	3945.002
3945.XYZ	3945.004
3945.XYZ	3945.006
3956.XYZ	3956.002
3956.XYZ	3956.004
3961.XYZ	3961.002
3961.XYZ	3961.004
3962.XYZ	3962.002
3962.XYZ	3962.004
3974.XYZ	3974.002
3979.XYZ	3979.002
3981.XYZ	3981.002
3982.XYZ	3982.002
3987.XYZ	3987.002
3987.XYZ	3987.004
3999.XYZ	3999.002
3999.XYZ	3999.004
3999.XYZ	3999.006
4000.XYZ	4000.002
4000.XYZ	4000.004
4000.XYZ	4000.006
4000.XYZ	4000.008
4000.XYZ	4000.010
4000.XYZ	4000.012
4010.XYZ	4010.002
4012.XYZ	4012.002
4025.XYZ	4025.002
4025.XYZ	4025.004
4025.XYZ	4025.006
4025.XYZ	4025.008
4025.XYZ	4025.010
4025.XYZ	4025.012
4031.XYZ	4031.002
4031.XYZ	4031.004
4031.XYZ	4031.006
4031.XYZ	4031.008
4037.XYZ	4037.002
4048.XYZ	4048.002
4053.XYZ	4053.002
4083.XYZ	4083.002
4084.XYZ	4084.002
4101.XYZ	4101.002
4101.XYZ	4101.004
4101.XYZ	4101.006
4101.XYZ	4101.008
4101.XYZ	4101.010
4101.XYZ	4101.012
4107.XYZ	4107.002
4108.XYZ	4108.002
4108.XYZ	4108.004
4108.XYZ	4108.006
4108.XYZ	4108.008
4108.XYZ	4108.010
4108.XYZ	4108.012
4112.XYZ	4112.002
4144.XYZ	4144.002
4168.XYZ	4168.002
4168.XYZ	4168.004
4173.XYZ	4173.002
4173.XYZ	4173.004
4173.XYZ	4173.006
4173.XYZ	4173.008
4173.XYZ	4173.010
4181.XYZ	4181.002
4190.XYZ	4190.002
4193.XYZ	4193.002
4224.XYZ	4224.002
4233.XYZ	4233.002
4233.XYZ	4233.004
4240.XYZ	4240.002
4251.XYZ	4251.002
4261.XYZ	4261.002
4272.XYZ	4272.002
4272.XYZ	4272.004
4274.XYZ	4274.002
4274.XYZ	4274.004
4274.XYZ	4274.006
4274.XYZ	4274.008
4274.XYZ	4274.010
4274.XYZ	4274.012
4286.XYZ	4286.002
4286.XYZ	4286.004
4286.XYZ	4286.006
4286.XYZ	4286.008
4294.XYZ	4294.002
4298.XYZ	4298.002
4299.XYZ	4299.002
4303.XYZ	4303.002
4303.XYZ	4303.004
4303.XYZ	4303.006
4303.XYZ	4303.008
4303.XYZ	4303.010
4303.XYZ	4303.012
4303.XYZ	4303.014
4303.XYZ	4303.016
4303.XYZ	4303.018
4303.XYZ	4303.020
4303.XYZ	4303.022
4303.XYZ	4303.024
4305.XYZ	4305.002
4307.XYZ	4307.002
4309.XYZ	4309.002
4309.XYZ	4309.004
4312.XYZ	4312.002
4312.XYZ	4312.004
4312.XYZ	4312.006
4312.XYZ	4312.008
4312.XYZ	4312.010
4312.XYZ	4312.012
4312.XYZ	4312.014
4316.XYZ	4316.002
4316.XYZ	4316.004
4321.XYZ	4321.002
4322.XYZ	4322.002
4326.XYZ	4326.002
4326.XYZ	4326.004
4326.XYZ	4326.006
4326.XYZ	4326.008
4326.XYZ	4326.010
4326.XYZ	4326.012
4326.XYZ	4326.014
4326.XYZ	4326.016
4326.XYZ	4326.018
4326.XYZ	4326.020
4327.XYZ	4327.002
4327.XYZ	4327.004
4327.XYZ	4327.006
4327.XYZ	4327.008
4328.XYZ	4328.002
4328.XYZ	4328.004
4328.XYZ	4328.006
4328.XYZ	4328.008
4328.XYZ	4328.010
4333.XYZ	4333.002
4340.XYZ	4340.002
4352.XYZ	4352.002
4352.XYZ	4352.004
4352.XYZ	4352.006
4352.XYZ	4352.008
4352.XYZ	4352.010
4352.XYZ	4352.012
4352.XYZ	4352.014
4352.XYZ	4352.016
4352.XYZ	4352.018
4352.XYZ	4352.020
4352.XYZ	4352.022
4352.XYZ	4352.024
4352.XYZ	4352.026
4359.XYZ	4359.002
4359.XYZ	4359.004
4361.XYZ	4361.002
4362.XYZ	4362.002
4383.XYZ	4383.002
4403.XYZ	4403.002
4403.XYZ	4403.004
4410.XYZ	4410.002
4410.XYZ	4410.004
4416.XYZ	4416.002
4421.XYZ	4421.002
4421.XYZ	4421.004
4421.XYZ	4421.006
4421.XYZ	4421.008
4447.XYZ	4447.002
4452.XYZ	4452.002
4452.XYZ	4452.004
4452.XYZ	4452.006
4452.XYZ	4452.008
4452.XYZ	4452.010
4452.XYZ	4452.012
4452.XYZ	4452.014
4452.XYZ	4452.016
4468.XYZ	4468.002
4475.XYZ	4475.002
4478.XYZ	4478.002
4479.XYZ	4479.002
4479.XYZ	4479.004
4479.XYZ	4479.006
4479.XYZ	4479.008
4479.XYZ	4479.010
4479.XYZ	4479.012
4479.XYZ	4479.014
4479.XYZ	4479.016
4479.XYZ	4479.018
4479.XYZ	4479.020
4479.XYZ	4479.022
4487.XYZ	4487.002
4489.XYZ	4489.002
4498.XYZ	4498.002
4498.XYZ	4498.004
4498.XYZ	4498.006
4498.XYZ	4498.008
4501.XYZ	4501.002
4501.XYZ	4501.004
4504.XYZ	4504.002
4504.XYZ	4504.004
4504.XYZ	4504.006
4504.XYZ	4504.008
4504.XYZ	4504.010
4517.XYZ	4517.002
4518.XYZ	4518.002
4518.XYZ	4518.004
4518.XYZ	4518.006
4519.XYZ	4519.002
4519.XYZ	4519.004
4537.XYZ	4537.002
4546.XYZ	4546.002
4546.XYZ	4546.004
4546.XYZ	4546.006
4546.XYZ	4546.008
4546.XYZ	4546.010
4546.XYZ	4546.012
4546.XYZ	4546.014
4546.XYZ	4546.016
4546.XYZ	4546.018
4546.XYZ	4546.020
4546.XYZ	4546.022
4546.XYZ	4546.024
4546.XYZ	4546.026
4546.XYZ	4546.028
4546.XYZ	4546.030
4546.XYZ	4546.032
4546.XYZ	4546.034
4546.XYZ	4546.036
4546.XYZ	4546.038
4546.XYZ	4546.040
4546.XYZ	4546.042
4546.XYZ	4546.044
4567.XYZ	4567.002
4569.XYZ	4569.002
4569.XYZ	4569.004
4570.XYZ	4570.002
4570.XYZ	4570.004
4575.XYZ	4575.002
4575.XYZ	4575.004
4579.XYZ	4579.002
4586.XYZ	4586.002
4594.XYZ	4594.002
4602.XYZ	4602.002
4605.XYZ	4605.002
4609.XYZ	4609.002
4613.XYZ	4613.002
4620.XYZ	4620.002
4625.XYZ	4625.002
4625.XYZ	4625.004
4626.XYZ	4626.002
4626.XYZ	4626.004
4636.XYZ	4636.002
4636.XYZ	4636.004
4636.XYZ	4636.006
4636.XYZ	4636.008
4636.XYZ	4636.010
4636.XYZ	4636.012
4636.XYZ	4636.014
4636.XYZ	4636.016
4636.XYZ	4636.018
4636.XYZ	4636.020
4636.XYZ	4636.022
4636.XYZ	4636.024
4636.XYZ	4636.026
4636.XYZ	4636.028
4637.XYZ	4637.002
4637.XYZ	4637.004
4637.XYZ	4637.006
4637.XYZ	4637.008
4637.XYZ	4637.010
4642.XYZ	4642.002
4644.XYZ	4644.002
4644.XYZ	4644.004
4644.XYZ	4644.006
4644.XYZ	4644.008
4644.XYZ	4644.010
4653.XYZ	4653.002
4656.XYZ	4656.002
4657.XYZ	4657.002
4659.XYZ	4659.002
4659.XYZ	4659.004
4659.XYZ	4659.006
4659.XYZ	4659.008
4659.XYZ	4659.010
4659.XYZ	4659.012
4661.XYZ	4661.002
4661.XYZ	4661.004
4662.XYZ	4662.002
4662.XYZ	4662.004
4662.XYZ	4662.006
4662.XYZ	4662.008
4663.XYZ	4663.002
4663.XYZ	4663.004
4663.XYZ	4663.006
4663.XYZ	4663.008
4663.XYZ	4663.010
4663.XYZ	4663.012
4663.XYZ	4663.014
4663.XYZ	4663.016
4663.XYZ	4663.018
4663.XYZ	4663.020
4663.XYZ	4663.022
4684.XYZ	4684.002
4685.XYZ	4685.002
4697.XYZ	4697.002
4697.XYZ	4697.004
4712.XYZ	4712.002
4712.XYZ	4712.004
4712.XYZ	4712.006
4713.XYZ	4713.002
4715.XYZ	4715.002
4715.XYZ	4715.004
4715.XYZ	4715.006
4715.XYZ	4715.008
4715.XYZ	4715.010
4717.XYZ	4717.002
4732.XYZ	4732.002
4732.XYZ	4732.004
4738.XYZ	4738.002
4738.XYZ	4738.004
4742.XYZ	4742.002
4754.XYZ	4754.002
4756.XYZ	4756.002
4756.XYZ	4756.004
4756.XYZ	4756.006
4756.XYZ	4756.008
4756.XYZ	4756.010
4756.XYZ	4756.012
4762.XYZ	4762.002
4774.XYZ	4774.002
4774.XYZ	4774.004
4774.XYZ	4774.006
4774.XYZ	4774.008
4774.XYZ	4774.010
4774.XYZ	4774.012
4774.XYZ	4774.014
4774.XYZ	4774.016
4777.XYZ	4777.002
4777.XYZ	4777.004
4777.XYZ	4777.006
4787.XYZ	4787.002
4792.XYZ	4792.002
4792.XYZ	4792.004
4792.XYZ	4792.006
4792.XYZ	4792.008
4792.XYZ	4792.010
4792.XYZ	4792.012
4792.XYZ	4792.014
4792.XYZ	4792.016
4792.XYZ	4792.018
4792.XYZ	4792.020
4792.XYZ	4792.022
4798.XYZ	4798.002
4802.XYZ	4802.002
4809.XYZ	4809.002
4849.XYZ	4849.002
4854.XYZ	4854.002
4854.XYZ	4854.004
4856.XYZ	4856.002
4856.XYZ	4856.004
4856.XYZ	4856.006
4856.XYZ	4856.008
4872.XYZ	4872.002
4877.XYZ	4877.002
4879.XYZ	4879.002
4879.XYZ	4879.004
4880.XYZ	4880.002
4880.XYZ	4880.004
4880.XYZ	4880.006
4880.XYZ	4880.008
4880.XYZ	4880.010
4880.XYZ	4880.012
4880.XYZ	4880.014
4880.XYZ	4880.016
4880.XYZ	4880.018
4880.XYZ	4880.020
4880.XYZ	4880.022
4880.XYZ	4880.024
4880.XYZ	4880.026
4880.XYZ	4880.028
4880.XYZ	4880.030
4881.XYZ	4881.002
4889.XYZ	4889.002
4896.XYZ	4896.002
4899.XYZ	4899.002
4899.XYZ	4899.004
4899.XYZ	4899.006
4900.XYZ	4900.002
4905.XYZ	4905.002
4905.XYZ	4905.004
4905.XYZ	4905.006
4905.XYZ	4905.008
4905.XYZ	4905.010
4905.XYZ	4905.012
4905.XYZ	4905.014
4905.XYZ	4905.016
4905.XYZ	4905.018
4907.XYZ	4907.002
4908.XYZ	4908.002
4909.XYZ	4909.002
4912.XYZ	4912.002
4912.XYZ	4912.004
4912.XYZ	4912.006
4912.XYZ	4912.008
4915.XYZ	4915.002
4928.XYZ	4928.002
4941.XYZ	4941.002
4941.XYZ	4941.004
4942.XYZ	4942.002
4942.XYZ	4942.004
4942.XYZ	4942.006
4942.XYZ	4942.008
4942.XYZ	4942.010
4944.XYZ	4944.002
4944.XYZ	4944.004
4950.XYZ	4950.002
4950.XYZ	4950.004
4955.XYZ	4955.002
4955.XYZ	4955.004
4957.XYZ	4957.002
4957.XYZ	4957.004
4957.XYZ	4957.006
4957.XYZ	4957.008
4957.XYZ	4957.010
4957.XYZ	4957.012
4957.XYZ	4957.014
4957.XYZ	4957.016
4957.XYZ	4957.018
4957.XYZ	4957.020
4957.XYZ	4957.022
4957.XYZ	4957.024
4957.XYZ	4957.026
4957.XYZ	4957.028
4958.XYZ	4958.002
4966.XYZ	4966.002
4966.XYZ	4966.004
4969.XYZ	4969.002
4987.XYZ	4987.002
4987.XYZ	4987.004
4987.XYZ	4987.006
4987.XYZ	4987.008
4988.XYZ	4988.002
4989.XYZ	4989.002
4991.XYZ	4991.002
4991.XYZ	4991.004
5004.XYZ	5004.002
5004.XYZ	5004.004
5004.XYZ	5004.006
5005.XYZ	5005.002
5005.XYZ	5005.004
5005.XYZ	5005.006
5005.XYZ	5005.008
5007.XYZ	5007.002
5007.XYZ	5007.004
5010.XYZ	5010.002
5010.XYZ	5010.004
5010.XYZ	5010.006
5010.XYZ	5010.008
5030.XYZ	5030.002
5074.XYZ	5074.002
5074.XYZ	5074.004
5074.XYZ	5074.006
5074.XYZ	5074.008
5074.XYZ	5074.010
5081.XYZ	5081.002
5081.XYZ	5081.004
5092.XYZ	5092.002
5092.XYZ	5092.004
5092.XYZ	5092.006
5092.XYZ	5092.008
5095.XYZ	5095.002
5095.XYZ	5095.004
5095.XYZ	5095.006
5095.XYZ	5095.008
5095.XYZ	5095.010
5095.XYZ	5095.012
5095.XYZ	5095.014
5101.XYZ	5101.002
5101.XYZ	5101.004
5103.XYZ	5103.002
5104.XYZ	5104.002
5104.XYZ	5104.004
5104.XYZ	5104.006
5110.XYZ	5110.002
5128.XYZ	5128.002
5128.XYZ	5128.004
5138.XYZ	5138.002
5142.XYZ	5142.002
5147.XYZ	5147.002
5150.XYZ	5150.002
5150.XYZ	5150.004
5150.XYZ	5150.006
5150.XYZ	5150.008
5150.XYZ	5150.010
5150.XYZ	5150.012
5150.XYZ	5150.014
5154.XYZ	5154.002
5158.XYZ	5158.002
5158.XYZ	5158.004
5158.XYZ	5158.006
5160.XYZ	5160.002
5177.XYZ	5177.002
5186.XYZ	5186.002
5186.XYZ	5186.004
5186.XYZ	5186.006
5190.XYZ	5190.002
5193.XYZ	5193.002
5193.XYZ	5193.004
5208.XYZ	5208.002
5208.XYZ	5208.004
5208.XYZ	5208.006
5217.XYZ	5217.002
5217.XYZ	5217.004
5231.XYZ	5231.002
5231.XYZ	5231.004
5236.XYZ	5236.002
5236.XYZ	5236.004
5244.XYZ	5244.002
5248.XYZ	5248.002
5250.XYZ	5250.002
5250.XYZ	5250.004
5250.XYZ	5250.006
5250.XYZ	5250.008
5250.XYZ	5250.010
5250.XYZ	5250.012
5250.XYZ	5250.014
5250.XYZ	5250.016
5251.XYZ	5251.002
5251.XYZ	5251.004
5251.XYZ	5251.006
5251.XYZ	5251.008
5251.XYZ	5251.010
5251.XYZ	5251.012
5251.XYZ	5251.014
5251.XYZ	5251.016
5251.XYZ	5251.018
5251.XYZ	5251.020
5251.XYZ	5251.022
5251.XYZ	5251.024
5251.XYZ	5251.026
5251.XYZ	5251.028
5251.XYZ	5251.030
5251.XYZ	5251.032
5251.XYZ	5251.034
5251.XYZ	5251.036
5251.XYZ	5251.038
5252.XYZ	5252.002
5254.XYZ	5254.002
5255.XYZ	5255.002
5263.XYZ	5263.002
5263.XYZ	5263.004
5265.XYZ	5265.002
5265.XYZ	5265.004
5265.XYZ	5265.006
5265.XYZ	5265.008
5265.XYZ	5265.010
5265.XYZ	5265.012
5265.XYZ	5265.014
5265.XYZ	5265.016
5265.XYZ	5265.018
5265.XYZ	5265.020
5265.XYZ	5265.022
5265.XYZ	5265.024
5265.XYZ	5265.026
5265.XYZ	5265.028
5265.XYZ	5265.030
5279.XYZ	5279.002
5280.XYZ	5280.002
5287.XYZ	5287.002
5287.XYZ	5287.004
5287.XYZ	5287.006
5287.XYZ	5287.008
5287.XYZ	5287.010
5297.XYZ	5297.002
5297.XYZ	5297.004
5311.XYZ	5311.002
5311.XYZ	5311.004
5311.XYZ	5311.006
5311.XYZ	5311.008
5311.XYZ	5311.010
5325.XYZ	5325.002
5336.XYZ	5336.002
5336.XYZ	5336.004
5336.XYZ	5336.006
5338.XYZ	5338.002
5350.XYZ	5350.002
5358.XYZ	5358.002
5358.XYZ	5358.004
5358.XYZ	5358.006
5358.XYZ	5358.008
5358.XYZ	5358.010
5358.XYZ	5358.012
5358.XYZ	5358.014
5358.XYZ	5358.016
5363.XYZ	5363.002
5363.XYZ	5363.004
5363.XYZ	5363.006
5363.XYZ	5363.008
5363.XYZ	5363.010
5368.XYZ	5368.002
5372.XYZ	5372.002
5372.XYZ	5372.004
5372.XYZ	5372.006
5372.XYZ	5372.008
5373.XYZ	5373.002
5400.XYZ	5400.002
5400.XYZ	5400.004
5400.XYZ	5400.006
5400.XYZ	5400.008
5412.XYZ	5412.002
5429.XYZ	5429.002
5434.XYZ	5434.002
5434.XYZ	5434.004
5438.XYZ	5438.002
5438.XYZ	5438.004
5438.XYZ	5438.006
5438.XYZ	5438.008
5438.XYZ	5438.010
5446.XYZ	5446.002
5446.XYZ	5446.004
5446.XYZ	5446.006
5447.XYZ	5447.002
5451.XYZ	5451.002
5451.XYZ	5451.004
5451.XYZ	5451.006
5451.XYZ	5451.008
5458.XYZ	5458.002
5458.XYZ	5458.004
5458.XYZ	5458.006
5458.XYZ	5458.008
5458.XYZ	5458.010
5458.XYZ	5458.012
5458.XYZ	5458.014
5461.XYZ	5461.002
5474.XYZ	5474.002
5483.XYZ	5483.002
5497.XYZ	5497.002
5497.XYZ	5497.004
5497.XYZ	5497.006
5501.XYZ	5501.002
5503.XYZ	5503.002
5503.XYZ	5503.004
5503.XYZ	5503.006
5506.XYZ	5506.002
5506.XYZ	5506.004
5506.XYZ	5506.006
5518.XYZ	5518.002
5525.XYZ	5525.002
5525.XYZ	5525.004
5538.XYZ	5538.002
5538.XYZ	5538.004
5546.XYZ	5546.002
5546.XYZ	5546.004
5546.XYZ	5546.006
5546.XYZ	5546.008
5546.XYZ	5546.010
5546.XYZ	5546.012
5552.XYZ	5552.002
5552.XYZ	5552.004
5637.XYZ	5637.002
5637.XYZ	5637.004
5637.XYZ	5637.006
5640.XYZ	5640.002
5648.XYZ	5648.002
5657.XYZ	5657.002
5657.XYZ	5657.004
5657.XYZ	5657.006
5663.XYZ	5663.002
5663.XYZ	5663.004
5663.XYZ	5663.006
5663.XYZ	5663.008
5663.XYZ	5663.010
5678.XYZ	5678.002
5678.XYZ	5678.004
5678.XYZ	5678.006
5679.XYZ	5679.002
5679.XYZ	5679.004
5679.XYZ	5679.006
5679.XYZ	5679.008
5682.XYZ	5682.002
5689.XYZ	5689.002
5689.XYZ	5689.004
5689.XYZ	5689.006
5689.XYZ	5689.008
5689.XYZ	5689.010
5689.XYZ	5689.012
5693.XYZ	5693.002
5693.XYZ	5693.004
5693.XYZ	5693.006
5693.XYZ	5693.008
5693.XYZ	5693.010
5693.XYZ	5693.012
5693.XYZ	5693.014
5693.XYZ	5693.016
5703.XYZ	5703.002
5705.XYZ	5705.002
5712.XYZ	5712.002
5715.XYZ	5715.002
5715.XYZ	5715.004
5715.XYZ	5715.006
5715.XYZ	5715.008
5715.XYZ	5715.010
5719.XYZ	5719.002
5728.XYZ	5728.002
5734.XYZ	5734.002
5745.XYZ	5745.002
5745.XYZ	5745.004
5748.XYZ	5748.002
5750.XYZ	5750.002
5751.XYZ	5751.002
5751.XYZ	5751.004
5763.XYZ	5763.002
5763.XYZ	5763.004
5763.XYZ	5763.006
5763.XYZ	5763.008
5767.XYZ	5767.002
5768.XYZ	5768.002
5772.XYZ	5772.002
5777.XYZ	5777.002
5777.XYZ	5777.004
5777.XYZ	5777.006
5784.XYZ	5784.002
5784.XYZ	5784.004
5784.XYZ	5784.006
5784.XYZ	5784.008
5784.XYZ	5784.010
5784.XYZ	5784.012
5784.XYZ	5784.014
5784.XYZ	5784.016
5784.XYZ	5784.018
5784.XYZ	5784.020
5784.XYZ	5784.022
5784.XYZ	5784.024
5784.XYZ	5784.026
5784.XYZ	5784.028
5784.XYZ	5784.030
5786.XYZ	5786.002
5788.XYZ	5788.002
5791.XYZ	5791.002
5811.XYZ	5811.002
5813.XYZ	5813.002
5816.XYZ	5816.002
5820.XYZ	5820.002
5820.XYZ	5820.004
5825.XYZ	5825.002
5826.XYZ	5826.002
5835.XYZ	5835.002
5850.XYZ	5850.002
5850.XYZ	5850.004
5850.XYZ	5850.006
5850.XYZ	5850.008
5850.XYZ	5850.010
5850.XYZ	5850.012
5858.XYZ	5858.002
5861.XYZ	5861.002
5874.XYZ	5874.002
5880.XYZ	5880.002
5881.XYZ	5881.002
5887.XYZ	5887.002
5921.XYZ	5921.002
5927.XYZ	5927.002
5927.XYZ	5927.004
5927.XYZ	5927.006
5952.XYZ	5952.002
5952.XYZ	5952.004
5982.XYZ	5982.002
5982.XYZ	5982.004
5983.XYZ	5983.002
5983.XYZ	5983.004
5989.XYZ	5989.002
5989.XYZ	5989.004
5989.XYZ	5989.006
5999.XYZ	5999.002
6009.XYZ	6009.002
6033.XYZ	6033.002
6037.XYZ	6037.002
6037.XYZ	6037.004
6038.XYZ	6038.002
6040.XYZ	6040.002
6040.XYZ	6040.004
6040.XYZ	6040.006
6040.XYZ	6040.008
6040.XYZ	6040.010
6043.XYZ	6043.002
6045.XYZ	6045.002
6046.XYZ	6046.002
6046.XYZ	6046.004
6046.XYZ	6046.006
6046.XYZ	6046.008
6046.XYZ	6046.010
6046.XYZ	6046.012
6046.XYZ	6046.014
6046.XYZ	6046.016
6053.XYZ	6053.002
6053.XYZ	6053.004
6067.XYZ	6067.002
6067.XYZ	6067.004
6082.XYZ	6082.002
6082.XYZ	6082.004
6088.XYZ	6088.002
6088.XYZ	6088.004
6091.XYZ	6091.002
6100.XYZ	6100.002
6102.XYZ	6102.002
6102.XYZ	6102.004
6102.XYZ	6102.006
6102.XYZ	6102.008
6105.XYZ	6105.002
6114.XYZ	6114.002
6118.XYZ	6118.002
6123.XYZ	6123.002
6126.XYZ	6126.002
6131.XYZ	6131.002
6131.XYZ	6131.004
6133.XYZ	6133.002
6133.XYZ	6133.004
6133.XYZ	6133.006
6134.XYZ	6134.002
6135.XYZ	6135.002
6136.XYZ	6136.002
6138.XYZ	6138.002
6140.XYZ	6140.002
6140.XYZ	6140.004
6140.XYZ	6140.006
6141.XYZ	6141.002
6141.XYZ	6141.004
6171.XYZ	6171.002
6215.XYZ	6215.002
6215.XYZ	6215.004
6234.XYZ	6234.002
6234.XYZ	6234.004
6235.XYZ	6235.002
6237.XYZ	6237.002
6238.XYZ	6238.002
6238.XYZ	6238.004
6238.XYZ	6238.006
6238.XYZ	6238.008
6241.XYZ	6241.002
6247.XYZ	6247.002
6247.XYZ	6247.004
6247.XYZ	6247.006
6247.XYZ	6247.008
6247.XYZ	6247.010
6247.XYZ	6247.012
6257.XYZ	6257.002
6258.XYZ	6258.002
6258.XYZ	6258.004
6258.XYZ	6258.006
6258.XYZ	6258.008
6258.XYZ	6258.010
6258.XYZ	6258.012
6258.XYZ	6258.014
6258.XYZ	6258.016
6258.XYZ	6258.018
6258.XYZ	6258.020
6258.XYZ	6258.022
6259.XYZ	6259.002
6264.XYZ	6264.002
6277.XYZ	6277.002
6277.XYZ	6277.004
6277.XYZ	6277.006
6277.XYZ	6277.008
6277.XYZ	6277.010
6277.XYZ	6277.012
6278.XYZ	6278.002
6291.XYZ	6291.002
6292.XYZ	6292.002
6293.XYZ	6293.002
6293.XYZ	6293.004
6295.XYZ	6295.002
6299.XYZ	6299.002
6302.XYZ	6302.002
6302.XYZ	6302.004
6306.XYZ	6306.002
6306.XYZ	6306.004
6307.XYZ	6307.002
6307.XYZ	6307.004
6307.XYZ	6307.006
6307.XYZ	6307.008
6311.XYZ	6311.002
6319.XYZ	6319.002
6320.XYZ	6320.002
6320.XYZ	6320.004
6320.XYZ	6320.006
6320.XYZ	6320.008
6327.XYZ	6327.002
6327.XYZ	6327.004
6327.XYZ	6327.006
6328.XYZ	6328.002
6330.XYZ	6330.002
6330.XYZ	6330.004
6330.XYZ	6330.006
6330.XYZ	6330.008
6330.XYZ	6330.010
6330.XYZ	6330.012
6330.XYZ	6330.014
6330.XYZ	6330.016
6330.XYZ	6330.018
6330.XYZ	6330.020
6330.XYZ	6330.022
6330.XYZ	6330.024
6330.XYZ	6330.026
6333.XYZ	6333.002
6333.XYZ	6333.004
6333.XYZ	6333.006
6333.XYZ	6333.008
6333.XYZ	6333.010
6333.XYZ	6333.012
6333.XYZ	6333.014
6333.XYZ	6333.016
6334.XYZ	6334.002
6336.XYZ	6336.002
6342.XYZ	6342.002
6347.XYZ	6347.002
6348.XYZ	6348.002
6348.XYZ	6348.004
6363.XYZ	6363.002
6363.XYZ	6363.004
6364.XYZ	6364.002
6366.XYZ	6366.002
6380.XYZ	6380.002
6386.XYZ	6386.002
6386.XYZ	6386.004
6386.XYZ	6386.006
6386.XYZ	6386.008
6386.XYZ	6386.010
6386.XYZ	6386.012
6386.XYZ	6386.014
6386.XYZ	6386.016
6396.XYZ	6396.002
6403.XYZ	6403.002
6404.XYZ	6404.002
6404.XYZ	6404.004
6404.XYZ	6404.006
6406.XYZ	6406.002
6410.XYZ	6410.002
6410.XYZ	6410.004
6411.XYZ	6411.002
6411.XYZ	6411.004
6411.XYZ	6411.006
6411.XYZ	6411.008
6411.XYZ	6411.010
6412.XYZ	6412.002
6413.XYZ	6413.002
6420.XYZ	6420.002
6421.XYZ	6421.002
6444.XYZ	6444.002
6444.XYZ	6444.004
6444.XYZ	6444.006
6444.XYZ	6444.008
6444.XYZ	6444.010
6451.XYZ	6451.002
6460.XYZ	6460.002
6461.XYZ	6461.002
6465.XYZ	6465.002
6466.XYZ	6466.002
6466.XYZ	6466.004
6466.XYZ	6466.006
6466.XYZ	6466.008
6466.XYZ	6466.010
6471.XYZ	6471.002
6471.XYZ	6471.004
6476.XYZ	6476.002
6476.XYZ	6476.004
6494.XYZ	6494.002
6495.XYZ	6495.002
6503.XYZ	6503.002
6503.XYZ	6503.004
6503.XYZ	6503.006
6506.XYZ	6506.002
6507.XYZ	6507.002
6512.XYZ	6512.002
6512.XYZ	6512.004
6513.XYZ	6513.002
6514.XYZ	6514.002
6516.XYZ	6516.002
6519.XYZ	6519.002
6523.XYZ	6523.002
6525.XYZ	6525.002
6529.XYZ	6529.002
6529.XYZ	6529.004
6529.XYZ	6529.006
6529.XYZ	6529.008
6533.XYZ	6533.002
6533.XYZ	6533.004
6541.XYZ	6541.002
6565.XYZ	6565.002
6587.XYZ	6587.002
6602.XYZ	6602.002
6602.XYZ	6602.004
6602.XYZ	6602.006
6618.XYZ	6618.002
6619.XYZ	6619.002
6621.XYZ	6621.002
6625.XYZ	6625.002
6625.XYZ	6625.004
6626.XYZ	6626.002
6630.XYZ	6630.002
6630.XYZ	6630.004
6630.XYZ	6630.006
6630.XYZ	6630.008
6630.XYZ	6630.010
6630.XYZ	6630.012
6632.XYZ	6632.002
6644.XYZ	6644.002
6644.XYZ	6644.004
6663.XYZ	6663.002
6663.XYZ	6663.004
6663.XYZ	6663.006
6663.XYZ	6663.008
6663.XYZ	6663.010
6663.XYZ	6663.012
6671.XYZ	6671.002
6671.XYZ	6671.004
6671.XYZ	6671.006
6678.XYZ	6678.002
6678.XYZ	6678.004
6678.XYZ	6678.006
6678.XYZ	6678.008
6678.XYZ	6678.010
6678.XYZ	6678.012
6678.XYZ	6678.014
6678.XYZ	6678.016
6678.XYZ	6678.018
6678.XYZ	6678.020
6678.XYZ	6678.022
6678.XYZ	6678.024
6678.XYZ	6678.026
6678.XYZ	6678.028
6678.XYZ	6678.030
6678.XYZ	6678.032
6678.XYZ	6678.034
6678.XYZ	6678.036
6678.XYZ	6678.038
6678.XYZ	6678.040
6678.XYZ	6678.042
6680.XYZ	6680.002
6680.XYZ	6680.004
6680.XYZ	6680.006
6680.XYZ	6680.008
6680.XYZ	6680.010
6680.XYZ	6680.012
6680.XYZ	6680.014
6680.XYZ	6680.016
6680.XYZ	6680.018
6680.XYZ	6680.020
6680.XYZ	6680.022
6680.XYZ	6680.024
6680.XYZ	6680.026
6680.XYZ	6680.028
6682.XYZ	6682.002
6698.XYZ	6698.002
6698.XYZ	6698.004
6698.XYZ	6698.006
6698.XYZ	6698.008
6698.XYZ	6698.010
6698.XYZ	6698.012
6698.XYZ	6698.014
6698.XYZ	6698.016
6698.XYZ	6698.018
6706.XYZ	6706.002
6706.XYZ	6706.004
6706.XYZ	6706.006
6708.XYZ	6708.002
6708.XYZ	6708.004
6714.XYZ	6714.002
6718.XYZ	6718.002
6718.XYZ	6718.004
6721.XYZ	6721.002
6721.XYZ	6721.004
6737.XYZ	6737.002
6737.XYZ	6737.004
6737.XYZ	6737.006
6737.XYZ	6737.008
6737.XYZ	6737.010
6737.XYZ	6737.012
6737.XYZ	6737.014
6741.XYZ	6741.002
6746.XYZ	6746.002
6749.XYZ	6749.002
6786.XYZ	6786.002
6786.XYZ	6786.004
6786.XYZ	6786.006
6786.XYZ	6786.008
6786.XYZ	6786.010
6789.XYZ	6789.002
6794.XYZ	6794.002
6799.XYZ	6799.002
6804.XYZ	6804.002
6810.XYZ	6810.002
6810.XYZ	6810.004
6810.XYZ	6810.006
6810.XYZ	6810.008
6836.XYZ	6836.002
6836.XYZ	6836.004
6836.XYZ	6836.006
6836.XYZ	6836.008
6839.XYZ	6839.002
6845.XYZ	6845.002
6845.XYZ	6845.004
6847.XYZ	6847.002
6847.XYZ	6847.004
6853.XYZ	6853.002
6857.XYZ	6857.002
6867.XYZ	6867.002
6867.XYZ	6867.004
6867.XYZ	6867.006
6867.XYZ	6867.008
6867.XYZ	6867.010
6867.XYZ	6867.012
6867.XYZ	6867.014
6876.XYZ	6876.002
6881.XYZ	6881.002
6887.XYZ	6887.002
6887.XYZ	6887.004
6887.XYZ	6887.006
6893.XYZ	6893.002
6895.XYZ	6895.002
6895.XYZ	6895.004
6895.XYZ	6895.006
6895.XYZ	6895.008
6895.XYZ	6895.010
6909.XYZ	6909.002
6913.XYZ	6913.002
6925.XYZ	6925.002
6925.XYZ	6925.004
6925.XYZ	6925.006
6925.XYZ	6925.008
6925.XYZ	6925.010
6925.XYZ	6925.012
6925.XYZ	6925.014
6925.XYZ	6925.016
6925.XYZ	6925.018
6925.XYZ	6925.020
6925.XYZ	6925.022
6925.XYZ	6925.024
6925.XYZ	6925.026
6936.XYZ	6936.002
6939.XYZ	6939.002
6940.XYZ	6940.002
6940.XYZ	6940.004
6940.XYZ	6940.006
6945.XYZ	6945.002
6946.XYZ	6946.002
6954.XYZ	6954.002
6954.XYZ	6954.004
6954.XYZ	6954.006
6954.XYZ	6954.008
6954.XYZ	6954.010
6954.XYZ	6954.012
6954.XYZ	6954.014
6954.XYZ	6954.016
6954.XYZ	6954.018
6954.XYZ	6954.020
6954.XYZ	6954.022
6954.XYZ	6954.024
6954.XYZ	6954.026
6954.XYZ	6954.028
6954.XYZ	6954.030
6954.XYZ	6954.032
6960.XYZ	6960.002
6960.XYZ	6960.004
6960.XYZ	6960.006
6960.XYZ	6960.008
6960.XYZ	6960.010
6960.XYZ	6960.012
6960.XYZ	6960.014
6960.XYZ	6960.016
6960.XYZ	6960.018
6960.XYZ	6960.020
6960.XYZ	6960.022
6960.XYZ	6960.024
6960.XYZ	6960.026
6960.XYZ	6960.028
6960.XYZ	6960.030
6960.XYZ	6960.032
6960.XYZ	6960.034
6960.XYZ	6960.036
6960.XYZ	6960.038
6960.XYZ	6960.040
6960.XYZ	6960.042
6961.XYZ	6961.002
6962.XYZ	6962.002
6962.XYZ	6962.004
6962.XYZ	6962.006
6962.XYZ	6962.008
6962.XYZ	6962.010
6969.XYZ	6969.002
6969.XYZ	6969.004
6970.XYZ	6970.002
6972.XYZ	6972.002
6973.XYZ	6973.002
6975.XYZ	6975.002
6978.XYZ	6978.002
6978.XYZ	6978.004
6978.XYZ	6978.006
6979.XYZ	6979.002
6980.XYZ	6980.002
6982.XYZ	6982.002
6982.XYZ	6982.004
6982.XYZ	6982.006
6983.XYZ	6983.002
6983.XYZ	6983.004
6983.XYZ	6983.006
6983.XYZ	6983.008
6983.XYZ	6983.010
6983.XYZ	6983.012
6983.XYZ	6983.014
6985.XYZ	6985.002
6986.XYZ	6986.002
6992.XYZ	6992.002
6992.XYZ	6992.004
6998.XYZ	6998.002
6998.XYZ	6998.004
6998.XYZ	6998.006
6998.XYZ	6998.008
6998.XYZ	6998.010
7001.XYZ	7001.002
7001.XYZ	7001.004
7001.XYZ	7001.006
7001.XYZ	7001.008
7001.XYZ	7001.010
7001.XYZ	7001.012
7002.XYZ	7002.002
7005.XYZ	7005.002
7005.XYZ	7005.004
7005.XYZ	7005.006
7005.XYZ	7005.008
7005.XYZ	7005.010
7007.XYZ	7007.002
7007.XYZ	7007.004
7007.XYZ	7007.006
7007.XYZ	7007.008
7007.XYZ	7007.010
7010.XYZ	7010.002
7016.XYZ	7016.002
7016.XYZ	7016.004
7033.XYZ	7033.002
7033.XYZ	7033.004
7033.XYZ	7033.006
7033.XYZ	7033.008
7036.XYZ	7036.002
7040.XYZ	7040.002
7043.XYZ	7043.002
7046.XYZ	7046.002
7048.XYZ	7048.002
7052.XYZ	7052.002
7054.XYZ	7054.002
7056.XYZ	7056.002
7066.XYZ	7066.002
7067.XYZ	7067.002
7074.XYZ	7074.002
7078.XYZ	7078.002
7078.XYZ	7078.004
7082.XYZ	7082.002
7082.XYZ	7082.004
7082.XYZ	7082.006
7085.XYZ	7085.002
7091.XYZ	7091.002
7091.XYZ	7091.004
7091.XYZ	7091.006
7093.XYZ	7093.002
7117.XYZ	7117.002
7126.XYZ	7126.002
7126.XYZ	7126.004
7126.XYZ	7126.006
7126.XYZ	7126.008
7126.XYZ	7126.010
7126.XYZ	7126.012
7126.XYZ	7126.014
7126.XYZ	7126.016
7126.XYZ	7126.018
7126.XYZ	7126.020
7126.XYZ	7126.022
7126.XYZ	7126.024
7126.XYZ	7126.026
7126.XYZ	7126.028
7126.XYZ	7126.030
7126.XYZ	7126.032
7129.XYZ	7129.002
7134.XYZ	7134.002
7155.XYZ	7155.002
7160.XYZ	7160.002
7160.XYZ	7160.004
7160.XYZ	7160.006
7160.XYZ	7160.008
7166.XYZ	7166.002
7166.XYZ	7166.004
7166.XYZ	7166.006
7166.XYZ	7166.008
7166.XYZ	7166.010
7166.XYZ	7166.012
7177.XYZ	7177.002
7187.XYZ	7187.002
7187.XYZ	7187.004
7187.XYZ	7187.006
7187.XYZ	7187.008
7187.XYZ	7187.010
7187.XYZ	7187.012
7187.XYZ	7187.014
7190.XYZ	7190.002
7193.XYZ	7193.002
7193.XYZ	7193.004
7196.XYZ	7196.002
7196.XYZ	7196.004
7196.XYZ	7196.006
7196.XYZ	7196.008
7196.XYZ	7196.010
7196.XYZ	7196.012
7196.XYZ	7196.014
7212.XYZ	7212.002
7215.XYZ	7215.002
7221.XYZ	7221.002
7225.XYZ	7225.002
7225.XYZ	7225.004
7225.XYZ	7225.006
7225.XYZ	7225.008
7226.XYZ	7226.002
7226.XYZ	7226.004
7226.XYZ	7226.006
7226.XYZ	7226.008
7229.XYZ	7229.002
7233.XYZ	7233.002
7248.XYZ	7248.002
7252.XYZ	7252.002
7252.XYZ	7252.004
7252.XYZ	7252.006
7252.XYZ	7252.008
7252.XYZ	7252.010
7252.XYZ	7252.012
7252.XYZ	7252.014
7254.XYZ	7254.002
7255.XYZ	7255.002
7255.XYZ	7255.004
7261.XYZ	7261.002
7271.XYZ	7271.002
7280.XYZ	7280.002
7282.XYZ	7282.002
7285.XYZ	7285.002
7290.XYZ	7290.002
7290.XYZ	7290.004
7292.XYZ	7292.002
7303.XYZ	7303.002
7306.XYZ	7306.002
7306.XYZ	7306.004
7306.XYZ	7306.006
7306.XYZ	7306.008
7306.XYZ	7306.010
7306.XYZ	7306.012
7306.XYZ	7306.014
7306.XYZ	7306.016
7306.XYZ	7306.018
7306.XYZ	7306.020
7306.XYZ	7306.022
7306.XYZ	7306.024
7306.XYZ	7306.026
7306.XYZ	7306.028
7306.XYZ	7306.030
7306.XYZ	7306.032
7306.XYZ	7306.034
7306.XYZ	7306.036
7306.XYZ	7306.038
7306.XYZ	7306.040
7311.XYZ	7311.002
7311.XYZ	7311.004
7311.XYZ	7311.006
7311.XYZ	7311.008
7322.XYZ	7322.002
7322.XYZ	7322.004
7322.XYZ	7322.006
7322.XYZ	7322.008
7322.XYZ	7322.010
7322.XYZ	7322.012
7322.XYZ	7322.014
7325.XYZ	7325.002
7329.XYZ	7329.002
7331.XYZ	7331.002
7331.XYZ	7331.004
7331.XYZ	7331.006
7331.XYZ	7331.008
7331.XYZ	7331.010
7331.XYZ	7331.012
7331.XYZ	7331.014
7331.XYZ	7331.016
7331.XYZ	7331.018
7332.XYZ	7332.002
7332.XYZ	7332.004
7332.XYZ	7332.006
7332.XYZ	7332.008
7332.XYZ	7332.010
7332.XYZ	7332.012
7334.XYZ	7334.002
7334.XYZ	7334.004
7334.XYZ	7334.006
7348.XYZ	7348.002
7348.XYZ	7348.004
7356.XYZ	7356.002
7356.XYZ	7356.004
7356.XYZ	7356.006
7357.XYZ	7357.002
7357.XYZ	7357.004
7358.XYZ	7358.002
7358.XYZ	7358.004
7359.XYZ	7359.002
7363.XYZ	7363.002
7363.XYZ	7363.004
7363.XYZ	7363.006
7363.XYZ	7363.008
7364.XYZ	7364.002
7364.XYZ	7364.004
7364.XYZ	7364.006
7364.XYZ	7364.008
7383.XYZ	7383.002
7392.XYZ	7392.002
7407.XYZ	7407.002
7407.XYZ	7407.004
7408.XYZ	7408.002
7408.XYZ	7408.004
7424.XYZ	7424.002
7424.XYZ	7424.004
7424.XYZ	7424.006
7430.XYZ	7430.002
7441.XYZ	7441.002
7441.XYZ	7441.004
7441.XYZ	7441.006
7442.XYZ	7442.002
7443.XYZ	7443.002
7447.XYZ	7447.002
7458.XYZ	7458.002
7458.XYZ	7458.004
7458.XYZ	7458.006
7458.XYZ	7458.008
7458.XYZ	7458.010
7458.XYZ	7458.012
7458.XYZ	7458.014
7464.XYZ	7464.002
7465.XYZ	7465.002
7465.XYZ	7465.004
7465.XYZ	7465.006
7465.XYZ	7465.008
7465.XYZ	7465.010
7465.XYZ	7465.012
7465.XYZ	7465.014
7468.XYZ	7468.002
7481.XYZ	7481.002
7485.XYZ	7485.002
7491.XYZ	7491.002
7491.XYZ	7491.004
7501.XYZ	7501.002
7501.XYZ	7501.004
7501.XYZ	7501.006
7501.XYZ	7501.008
7501.XYZ	7501.010
7502.XYZ	7502.002
7503.XYZ	7503.002
7504.XYZ	7504.002
7508.XYZ	7508.002
7510.XYZ	7510.002
7517.XYZ	7517.002
7524.XYZ	7524.002
7525.XYZ	7525.002
7532.XYZ	7532.002
7573.XYZ	7573.002
7575.XYZ	7575.002
7587.XYZ	7587.002
7590.XYZ	7590.002
7598.XYZ	7598.002
7620.XYZ	7620.002
7642.XYZ	7642.002
7644.XYZ	7644.002
7644.XYZ	7644.004
7674.XYZ	7674.002
7684.XYZ	7684.002
7688.XYZ	7688.002
7688.XYZ	7688.004
7692.XYZ	7692.002
7695.XYZ	7695.002
7717.XYZ	7717.002
7751.XYZ	7751.002
7759.XYZ	7759.002
7765.XYZ	7765.002
7778.XYZ	7778.002
7778.XYZ	7778.004
7782.XYZ	7782.002
7782.XYZ	7782.004
7784.XYZ	7784.002
7784.XYZ	7784.004
7784.XYZ	7784.006
7784.XYZ	7784.008
7786.XYZ	7786.002
7788.XYZ	7788.002
7797.XYZ	7797.002
7797.XYZ	7797.004
7797.XYZ	7797.006
7797.XYZ	7797.008
7797.XYZ	7797.010
7803.XYZ	7803.002
7825.XYZ	7825.002
7828.XYZ	7828.002
7828.XYZ	7828.004
7829.XYZ	7829.002
7839.XYZ	7839.002
7839.XYZ	7839.004
7839.XYZ	7839.006
7844.XYZ	7844.002
7844.XYZ	7844.004
7906.XYZ	7906.002
7909.XYZ	7909.002
7919.XYZ	7919.002
7919.XYZ	7919.004
7919.XYZ	7919.006
7923.XYZ	7923.002
7923.XYZ	7923.004
7923.XYZ	7923.006
7923.XYZ	7923.008
7923.XYZ	7923.010
7923.XYZ	7923.012
7923.XYZ	7923.014
7923.XYZ	7923.016
7923.XYZ	7923.018
7923.XYZ	7923.020
7923.XYZ	7923.022
7923.XYZ	7923.024
7923.XYZ	7923.026
7931.XYZ	7931.002
7934.XYZ	7934.002
7937.XYZ	7937.002
7942.XYZ	7942.002
7953.XYZ	7953.002
7963.XYZ	7963.002
7976.XYZ	7976.002
7976.XYZ	7976.004
7976.XYZ	7976.006
7976.XYZ	7976.008
7976.XYZ	7976.010
7977.XYZ	7977.002
7977.XYZ	7977.004
7980.XYZ	7980.002
7980.XYZ	7980.004
7985.XYZ	7985.002
7985.XYZ	7985.004
7985.XYZ	7985.006
7985.XYZ	7985.008
7985.XYZ	7985.010
7985.XYZ	7985.012
7985.XYZ	7985.014
7985.XYZ	7985.016
7988.XYZ	7988.002
7988.XYZ	7988.004
7988.XYZ	7988.006
7990.XYZ	7990.002
7994.XYZ	7994.002
7996.XYZ	7996.002
7996.XYZ	7996.004
7996.XYZ	7996.006
7996.XYZ	7996.008
7996.XYZ	7996.010
7996.XYZ	7996.012
7996.XYZ	7996.014
7996.XYZ	7996.016
7996.XYZ	7996.018
7997.XYZ	7997.002
8006.XYZ	8006.002
8006.XYZ	8006.004
8006.XYZ	8006.006
8008.XYZ	8008.002
8008.XYZ	8008.004
8020.XYZ	8020.002
8030.XYZ	8030.002
8032.XYZ	8032.002
8032.XYZ	8032.004
8032.XYZ	8032.006
8032.XYZ	8032.008
8032.XYZ	8032.010
8032.XYZ	8032.012
8032.XYZ	8032.014
8032.XYZ	8032.016
8032.XYZ	8032.018
8032.XYZ	8032.020
8032.XYZ	8032.022
8032.XYZ	8032.024
8032.XYZ	8032.026
8032.XYZ	8032.028
8032.XYZ	8032.030
8032.XYZ	8032.032
8032.XYZ	8032.034
8032.XYZ	8032.036
8032.XYZ	8032.038
8032.XYZ	8032.040
8032.XYZ	8032.042
8032.XYZ	8032.044
8032.XYZ	8032.046
8032.XYZ	8032.048
8032.XYZ	8032.050
8032.XYZ	8032.052
8032.XYZ	8032.054
8032.XYZ	8032.056
8032.XYZ	8032.058
8032.XYZ	8032.060
8032.XYZ	8032.062
8032.XYZ	8032.064
8032.XYZ	8032.066
8032.XYZ	8032.068
8032.XYZ	8032.070
8032.XYZ	8032.072
8032.XYZ	8032.074
8032.XYZ	8032.076
8032.XYZ	8032.078
8032.XYZ	8032.080
8032.XYZ	8032.082
8032.XYZ	8032.084
8032.XYZ	8032.086
8032.XYZ	8032.088
8032.XYZ	8032.090
8032.XYZ	8032.092
8032.XYZ	8032.094
8032.XYZ	8032.096
8032.XYZ	8032.098
8032.XYZ	8032.100
8032.XYZ	8032.102
8032.XYZ	8032.104
8032.XYZ	8032.106
8032.XYZ	8032.108
8032.XYZ	8032.110
8045.XYZ	8045.002
8045.XYZ	8045.004
8045.XYZ	8045.006
8045.XYZ	8045.008
8045.XYZ	8045.010
8048.XYZ	8048.002
8048.XYZ	8048.004
8048.XYZ	8048.006
8048.XYZ	8048.008
8048.XYZ	8048.010
8048.XYZ	8048.012
8048.XYZ	8048.014
8048.XYZ	8048.016
8048.XYZ	8048.018
8048.XYZ	8048.020
8048.XYZ	8048.022
8049.XYZ	8049.002
8049.XYZ	8049.004
8051.XYZ	8051.002
8051.XYZ	8051.004
8056.XYZ	8056.002
8056.XYZ	8056.004
8056.XYZ	8056.006
8057.XYZ	8057.002
8060.XYZ	8060.002
8060.XYZ	8060.004
8060.XYZ	8060.006
8060.XYZ	8060.008
8060.XYZ	8060.010
8060.XYZ	8060.012
8060.XYZ	8060.014
8061.XYZ	8061.002
8061.XYZ	8061.004
8061.XYZ	8061.006
8061.XYZ	8061.008
8061.XYZ	8061.010
8061.XYZ	8061.012
8061.XYZ	8061.014
8061.XYZ	8061.016
8061.XYZ	8061.018
8061.XYZ	8061.020
8061.XYZ	8061.022
8061.XYZ	8061.024
8061.XYZ	8061.026
8063.XYZ	8063.002
8063.XYZ	8063.004
8063.XYZ	8063.006
8063.XYZ	8063.008
8070.XYZ	8070.002
8073.XYZ	8073.002
8074.XYZ	8074.002
8074.XYZ	8074.004
8074.XYZ	8074.006
8074.XYZ	8074.008
8091.XYZ	8091.002
8094.XYZ	8094.002
8094.XYZ	8094.004
8104.XYZ	8104.002
8104.XYZ	8104.004
8104.XYZ	8104.006
8104.XYZ	8104.008
8108.XYZ	8108.002
8122.XYZ	8122.002
8125.XYZ	8125.002
8131.XYZ	8131.002
8169.XYZ	8169.002
8181.XYZ	8181.002
8189.XYZ	8189.002
8193.XYZ	8193.002
8193.XYZ	8193.004
8219.XYZ	8219.002
8219.XYZ	8219.004
8220.XYZ	8220.002
8243.XYZ	8243.002
8243.XYZ	8243.004
8282.XYZ	8282.002
8348.XYZ	8348.002
8363.XYZ	8363.002
8372.XYZ	8372.002
8374.XYZ	8374.002
8394.XYZ	8394.002
8419.XYZ	8419.002
8439.XYZ	8439.002
8449.XYZ	8449.002
8450.XYZ	8450.002
8457.XYZ	8457.002
8457.XYZ	8457.004
8457.XYZ	8457.006
8457.XYZ	8457.008
8457.XYZ	8457.010
8457.XYZ	8457.012
8457.XYZ	8457.014
8457.XYZ	8457.016
8468.XYZ	8468.002
8493.XYZ	8493.002
8494.XYZ	8494.002
8494.XYZ	8494.004
8494.XYZ	8494.006
8494.XYZ	8494.008
8495.XYZ	8495.002
8496.XYZ	8496.002
8501.XYZ	8501.002
8508.XYZ	8508.002
8516.XYZ	8516.002
8516.XYZ	8516.004
8516.XYZ	8516.006
8522.XYZ	8522.002
8525.XYZ	8525.002
8526.XYZ	8526.002
8532.XYZ	8532.002
8532.XYZ	8532.004
8532.XYZ	8532.006
8532.XYZ	8532.008
8532.XYZ	8532.010
8541.XYZ	8541.002
8541.XYZ	8541.004
8546.XYZ	8546.002
8553.XYZ	8553.002
8554.XYZ	8554.002
8554.XYZ	8554.004
8554.XYZ	8554.006
8554.XYZ	8554.008
8554.XYZ	8554.010
8554.XYZ	8554.012
8555.XYZ	8555.002
8563.XYZ	8563.002
8580.XYZ	8580.002
8584.XYZ	8584.002
8585.XYZ	8585.002
8585.XYZ	8585.004
8585.XYZ	8585.006
8585.XYZ	8585.008
8590.XYZ	8590.002
8590.XYZ	8590.004
8590.XYZ	8590.006
8590.XYZ	8590.008
8590.XYZ	8590.010
8590.XYZ	8590.012
8590.XYZ	8590.014
8603.XYZ	8603.002
8603.XYZ	8603.004
8607.XYZ	8607.002
8607.XYZ	8607.004
8610.XYZ	8610.002
8610.XYZ	8610.004
8610.XYZ	8610.006
8610.XYZ	8610.008
8610.XYZ	8610.010
8610.XYZ	8610.012
8610.XYZ	8610.014
8610.XYZ	8610.016
8610.XYZ	8610.018
8610.XYZ	8610.020
8610.XYZ	8610.022
8610.XYZ	8610.024
8610.XYZ	8610.026
8612.XYZ	8612.002
8614.XYZ	8614.002
8614.XYZ	8614.004
8616.XYZ	8616.002
8616.XYZ	8616.004
8616.XYZ	8616.006
8616.XYZ	8616.008
8616.XYZ	8616.010
8616.XYZ	8616.012
8620.XYZ	8620.002
8620.XYZ	8620.004
8620.XYZ	8620.006
8620.XYZ	8620.008
8620.XYZ	8620.010
8620.XYZ	8620.012
8620.XYZ	8620.014
8620.XYZ	8620.016
8620.XYZ	8620.018
8620.XYZ	8620.020
8620.XYZ	8620.022
8620.XYZ	8620.024
8620.XYZ	8620.026
8626.XYZ	8626.002
8631.XYZ	8631.002
8631.XYZ	8631.004
8631.XYZ	8631.006
8631.XYZ	8631.008
8631.XYZ	8631.010
8631.XYZ	8631.012
8631.XYZ	8631.014
8631.XYZ	8631.016
8631.XYZ	8631.018
8631.XYZ	8631.020
8631.XYZ	8631.022
8631.XYZ	8631.024
8631.XYZ	8631.026
8639.XYZ	8639.002
8642.XYZ	8642.002
8644.XYZ	8644.002
8648.XYZ	8648.002
8648.XYZ	8648.004
8653.XYZ	8653.002
8653.XYZ	8653.004
8653.XYZ	8653.006
8653.XYZ	8653.008
8653.XYZ	8653.010
8671.XYZ	8671.002
8671.XYZ	8671.004
8671.XYZ	8671.006
8671.XYZ	8671.008
8673.XYZ	8673.002
8746.XYZ	8746.002
8754.XYZ	8754.002
8755.XYZ	8755.002
8757.XYZ	8757.002
8757.XYZ	8757.004
8757.XYZ	8757.006
8757.XYZ	8757.008
8757.XYZ	8757.010
8757.XYZ	8757.012
8757.XYZ	8757.014
8757.XYZ	8757.016
8757.XYZ	8757.018
8757.XYZ	8757.020
8757.XYZ	8757.022
8757.XYZ	8757.024
8757.XYZ	8757.026
8757.XYZ	8757.028
8757.XYZ	8757.030
8757.XYZ	8757.032
8757.XYZ	8757.034
8757.XYZ	8757.036
8757.XYZ	8757.038
8757.XYZ	8757.040
8757.XYZ	8757.042
8757.XYZ	8757.044
8758.XYZ	8758.002
8758.XYZ	8758.004
8758.XYZ	8758.006
8762.XYZ	8762.002
8766.XYZ	8766.002
8769.XYZ	8769.002
8769.XYZ	8769.004
8769.XYZ	8769.006
8769.XYZ	8769.008
8769.XYZ	8769.010
8769.XYZ	8769.012
8769.XYZ	8769.014
8780.XYZ	8780.002
8785.XYZ	8785.002
8785.XYZ	8785.004
8786.XYZ	8786.002
8800.XYZ	8800.002
8801.XYZ	8801.002
8801.XYZ	8801.004
8812.XYZ	8812.002
8812.XYZ	8812.004
8812.XYZ	8812.006
8813.XYZ	8813.002
8819.XYZ	8819.002
8822.XYZ	8822.002
8822.XYZ	8822.004
8824.XYZ	8824.002
8824.XYZ	8824.004
8824.XYZ	8824.006
8835.XYZ	8835.002
8855.XYZ	8855.002
8863.XYZ	8863.002
8864.XYZ	8864.002
8870.XYZ	8870.002
8875.XYZ	8875.002
8875.XYZ	8875.004
8875.XYZ	8875.006
8875.XYZ	8875.008
8881.XYZ	8881.002
8882.XYZ	8882.002
8883.XYZ	8883.002
8886.XYZ	8886.002
8886.XYZ	8886.004
8887.XYZ	8887.002
8905.XYZ	8905.002
8905.XYZ	8905.004
8905.XYZ	8905.006
8907.XYZ	8907.002
8913.XYZ	8913.002
8913.XYZ	8913.004
8913.XYZ	8913.006
8913.XYZ	8913.008
8919.XYZ	8919.002
8919.XYZ	8919.004
8919.XYZ	8919.006
8919.XYZ	8919.008
8919.XYZ	8919.010
8919.XYZ	8919.012
8919.XYZ	8919.014
8920.XYZ	8920.002
8928.XYZ	8928.002
8929.XYZ	8929.002
8940.XYZ	8940.002
8940.XYZ	8940.004
8940.XYZ	8940.006
8940.XYZ	8940.008
8940.XYZ	8940.010
8940.XYZ	8940.012
8940.XYZ	8940.014
8940.XYZ	8940.016
8940.XYZ	8940.018
8940.XYZ	8940.020
8940.XYZ	8940.022
8940.XYZ	8940.024
8940.XYZ	8940.026
8940.XYZ	8940.028
8940.XYZ	8940.030
8940.XYZ	8940.032
8940.XYZ	8940.034
8940.XYZ	8940.036
8941.XYZ	8941.002
8941.XYZ	8941.004
8941.XYZ	8941.006
8941.XYZ	8941.008
8941.XYZ	8941.010
8945.XYZ	8945.002
8951.XYZ	8951.002
8961.XYZ	8961.002
8963.XYZ	8963.002
8963.XYZ	8963.004
8963.XYZ	8963.006
8963.XYZ	8963.008
8963.XYZ	8963.010
8963.XYZ	8963.012
8963.XYZ	8963.014
8963.XYZ	8963.016
8963.XYZ	8963.018
8963.XYZ	8963.020
8963.XYZ	8963.022
8963.XYZ	8963.024
8963.XYZ	8963.026
8963.XYZ	8963.028
8963.XYZ	8963.030
8963.XYZ	8963.032
8963.XYZ	8963.034
8963.XYZ	8963.036
8963.XYZ	8963.038
8963.XYZ	8963.040
8963.XYZ	8963.042
8963.XYZ	8963.044
8968.XYZ	8968.002
8975.XYZ	8975.002
8980.XYZ	8980.002
8996.XYZ	8996.002
8996.XYZ	8996.004
8996.XYZ	8996.006
8996.XYZ	8996.008
8996.XYZ	8996.010
8996.XYZ	8996.012
8996.XYZ	8996.014
8996.XYZ	8996.016
8996.XYZ	8996.018
8996.XYZ	8996.020
8996.XYZ	8996.022
8996.XYZ	8996.024
8996.XYZ	8996.026
8996.XYZ	8996.028
8996.XYZ	8996.030
8996.XYZ	8996.032
8996.XYZ	8996.034
9007.XYZ	9007.002
9007.XYZ	9007.004
9007.XYZ	9007.006
9018.XYZ	9018.002
9029.XYZ	9029.002
9029.XYZ	9029.004
9029.XYZ	9029.006
9031.XYZ	9031.002
9036.XYZ	9036.002
9042.XYZ	9042.002
9042.XYZ	9042.004
9043.XYZ	9043.002
9043.XYZ	9043.004
9043.XYZ	9043.006
9043.XYZ	9043.008
9043.XYZ	9043.010
9043.XYZ	9043.012
9043.XYZ	9043.014
9043.XYZ	9043.016
9043.XYZ	9043.018
9043.XYZ	9043.020
9043.XYZ	9043.022
9043.XYZ	9043.024
9043.XYZ	9043.026
9043.XYZ	9043.028
9043.XYZ	9043.030
9060.XYZ	9060.002
9060.XYZ	9060.004
9061.XYZ	9061.002
9062.XYZ	9062.002
9064.XYZ	9064.002
9066.XYZ	9066.002
9066.XYZ	9066.004
9066.XYZ	9066.006
9084.XYZ	9084.002
9084.XYZ	9084.004
9084.XYZ	9084.006
9084.XYZ	9084.008
9084.XYZ	9084.010
9084.XYZ	9084.012
9084.XYZ	9084.014
9084.XYZ	9084.016
9084.XYZ	9084.018
9084.XYZ	9084.020
9085.XYZ	9085.002
9086.XYZ	9086.002
9100.XYZ	9100.002
9100.XYZ	9100.004
9100.XYZ	9100.006
9100.XYZ	9100.008
9100.XYZ	9100.010
9100.XYZ	9100.012
9100.XYZ	9100.014
9100.XYZ	9100.016
9100.XYZ	9100.018
9100.XYZ	9100.020
9100.XYZ	9100.022
9100.XYZ	9100.024
9100.XYZ	9100.026
9100.XYZ	9100.028
9100.XYZ	9100.030
9100.XYZ	9100.032
9100.XYZ	9100.034
9100.XYZ	9100.036
9101.XYZ	9101.002
9101.XYZ	9101.004
9101.XYZ	9101.006
9101.XYZ	9101.008
9101.XYZ	9101.010
9115.XYZ	9115.002
9137.XYZ	9137.002
9166.XYZ	9166.002
9166.XYZ	9166.004
9166.XYZ	9166.006
9166.XYZ	9166.008
9166.XYZ	9166.010
9172.XYZ	9172.002
9172.XYZ	9172.004
9172.XYZ	9172.006
9184.XYZ	9184.002
9186.XYZ	9186.002
9187.XYZ	9187.002
9187.XYZ	9187.004
9195.XYZ	9195.002
9233.XYZ	9233.002
9234.XYZ	9234.002
9249.XYZ	9249.002
9250.XYZ	9250.002
9257.XYZ	9257.002
9262.XYZ	9262.002
9262.XYZ	9262.004
9300.XYZ	9300.002
9300.XYZ	9300.004
9300.XYZ	9300.006
9316.XYZ	9316.002
9316.XYZ	9316.004
9316.XYZ	9316.006
9316.XYZ	9316.008
9316.XYZ	9316.010
9332.XYZ	9332.002
9350.XYZ	9350.002
9353.XYZ	9353.002
9358.XYZ	9358.002
9362.XYZ	9362.002
9363.XYZ	9363.002
9371.XYZ	9371.002
9387.XYZ	9387.002
9397.XYZ	9397.002
9415.XYZ	9415.002
9415.XYZ	9415.004
9424.XYZ	9424.002
9424.XYZ	9424.004
9424.XYZ	9424.006
9426.XYZ	9426.002
9432.XYZ	9432.002
9432.XYZ	9432.004
9432.XYZ	9432.006
9432.XYZ	9432.008
9435.XYZ	9435.002
9436.XYZ	9436.002
9440.XYZ	9440.002
9460.XYZ	9460.002
9462.XYZ	9462.002
9467.XYZ	9467.002
9480.XYZ	9480.002
9484.XYZ	9484.002
9484.XYZ	9484.004
9498.XYZ	9498.002
9498.XYZ	9498.004
9513.XYZ	9513.002
9513.XYZ	9513.004
9515.XYZ	9515.002
9542.XYZ	9542.002
9542.XYZ	9542.004
9543.XYZ	9543.002
9557.XYZ	9557.002
9568.XYZ	9568.002
9579.XYZ	9579.002
9586.XYZ	9586.002
9586.XYZ	9586.004
9593.XYZ	9593.002
9593.XYZ	9593.004
9593.XYZ	9593.006
9601.XYZ	9601.002
9616.XYZ	9616.002
9636.XYZ	9636.002
9636.XYZ	9636.004
9636.XYZ	9636.006
9654.XYZ	9654.002
9661.XYZ	9661.002
9663.XYZ	9663.002
9673.XYZ	9673.002
9684.XYZ	9684.002
9708.XYZ	9708.002
9723.XYZ	9723.002
9724.XYZ	9724.002
9730.XYZ	9730.002
9742.XYZ	9742.002
9746.XYZ	9746.002
9746.XYZ	9746.004
9746.XYZ	9746.006
9746.XYZ	9746.008
9746.XYZ	9746.010
9746.XYZ	9746.012
9748.XYZ	9748.002
9759.XYZ	9759.002
9759.XYZ	9759.004
9761.XYZ	9761.002
9765.XYZ	9765.002
9765.XYZ	9765.004
9765.XYZ	9765.006
9771.XYZ	9771.002
9771.XYZ	9771.004
9771.XYZ	9771.006
9771.XYZ	9771.008
9774.XYZ	9774.002
9774.XYZ	9774.004
9774.XYZ	9774.006
9774.XYZ	9774.008
9774.XYZ	9774.010
9774.XYZ	9774.012
9776.XYZ	9776.002
9776.XYZ	9776.004
9779.XYZ	9779.002
9779.XYZ	9779.004
9779.XYZ	9779.006
9779.XYZ	9779.008
9781.XYZ	9781.002
9784.XYZ	9784.002
9784.XYZ	9784.004
9791.XYZ	9791.002
9792.XYZ	9792.002
9792.XYZ	9792.004
9795.XYZ	9795.002
9800.XYZ	9800.002
9802.XYZ	9802.002
9814.XYZ	9814.002
9814.XYZ	9814.004
9824.XYZ	9824.002
9824.XYZ	9824.004
9824.XYZ	9824.006
9827.XYZ	9827.002
9827.XYZ	9827.004
9833.XYZ	9833.002
9834.XYZ	9834.002
9835.XYZ	9835.002
9841.XYZ	9841.002
9843.XYZ	9843.002
9847.XYZ	9847.002
9851.XYZ	9851.002
9861.XYZ	9861.002
9863.XYZ	9863.002
9868.XYZ	9868.002
9878.XYZ	9878.002
9878.XYZ	9878.004
9880.XYZ	9880.002
9885.XYZ	9885.002
9887.XYZ	9887.002
9904.XYZ	9904.002
9905.XYZ	9905.002
9909.XYZ	9909.002
9909.XYZ	9909.004
9911.XYZ	9911.002
9911.XYZ	9911.004
9911.XYZ	9911.006
9911.XYZ	9911.008
9921.XYZ	9921.002
9921.XYZ	9921.004
9921.XYZ	9921.006
9921.XYZ	9921.008
9923.XYZ	9923.002
9924.XYZ	9924.002
9929.XYZ	9929.002
9939.XYZ	9939.002
9939.XYZ	9939.004
9939.XYZ	9939.006
9939.XYZ	9939.008
9940.XYZ	9940.002
9956.XYZ	9956.002
9956.XYZ	9956.004
9966.XYZ	9966.002
9972.XYZ	9972.002
9994.XYZ	9994.002
9994.XYZ	9994.004
9994.XYZ	9994.006
9994.XYZ	9994.008
9994.XYZ	9994.010
9994.XYZ	9994.012
9994.XYZ	9994.014
10000.XYZ	10000.002
10003.XYZ	10003.002
10021.XYZ	10021.002
10024.XYZ	10024.002
10024.XYZ	10024.004
10024.XYZ	10024.006
10032.XYZ	10032.002
10035.XYZ	10035.002
10035.XYZ	10035.004
10035.XYZ	10035.006
10035.XYZ	10035.008
10046.XYZ	10046.002
10046.XYZ	10046.004
10051.XYZ	10051.002
10062.XYZ	10062.002
10063.XYZ	10063.002
10077.XYZ	10077.002
10077.XYZ	10077.004
10077.XYZ	10077.006
10077.XYZ	10077.008
10077.XYZ	10077.010
10077.XYZ	10077.012
10077.XYZ	10077.014
10077.XYZ	10077.016
10077.XYZ	10077.018
10077.XYZ	10077.020
10077.XYZ	10077.022
10077.XYZ	10077.024
10077.XYZ	10077.026
10077.XYZ	10077.028
10077.XYZ	10077.030
10077.XYZ	10077.032
10077.XYZ	10077.034
10077.XYZ	10077.036
10077.XYZ	10077.038
10086.XYZ	10086.002
10087.XYZ	10087.002
10094.XYZ	10094.002
10097.XYZ	10097.002
10103.XYZ	10103.002
10103.XYZ	10103.004
10110.XYZ	10110.002
10133.XYZ	10133.002
10133.XYZ	10133.004
10138.XYZ	10138.002
10143.XYZ	10143.002
10143.XYZ	10143.004
10157.XYZ	10157.002
10162.XYZ	10162.002
10162.XYZ	10162.004
10162.XYZ	10162.006
10162.XYZ	10162.008
10162.XYZ	10162.010
10162.XYZ	10162.012
10162.XYZ	10162.014
10162.XYZ	10162.016
10162.XYZ	10162.018
10162.XYZ	10162.020
10162.XYZ	10162.022
10162.XYZ	10162.024
10162.XYZ	10162.026
10162.XYZ	10162.028
10162.XYZ	10162.030
10162.XYZ	10162.032
10162.XYZ	10162.034
10162.XYZ	10162.036
10163.XYZ	10163.002
10163.XYZ	10163.004
10188.XYZ	10188.002
10204.XYZ	10204.002
10219.XYZ	10219.002
10220.XYZ	10220.002
10220.XYZ	10220.004
10220.XYZ	10220.006
10220.XYZ	10220.008
10220.XYZ	10220.010
10220.XYZ	10220.012
10220.XYZ	10220.014
10220.XYZ	10220.016
10220.XYZ	10220.018
10220.XYZ	10220.020
10220.XYZ	10220.022
10220.XYZ	10220.024
10220.XYZ	10220.026
10220.XYZ	10220.028
10220.XYZ	10220.030
10220.XYZ	10220.032
10220.XYZ	10220.034
10221.XYZ	10221.002
10221.XYZ	10221.004
10222.XYZ	10222.002
10222.XYZ	10222.004
10222.XYZ	10222.006
10222.XYZ	10222.008
10222.XYZ	10222.010
10222.XYZ	10222.012
10225.XYZ	10225.002
10225.XYZ	10225.004
10225.XYZ	10225.006
10225.XYZ	10225.008
10225.XYZ	10225.010
10226.XYZ	10226.002
10228.XYZ	10228.002
10237.XYZ	10237.002
10239.XYZ	10239.002
10243.XYZ	10243.002
10243.XYZ	10243.004
10243.XYZ	10243.006
10243.XYZ	10243.008
10243.XYZ	10243.010
10243.XYZ	10243.012
10243.XYZ	10243.014
10243.XYZ	10243.016
10243.XYZ	10243.018
10243.XYZ	10243.020
10243.XYZ	10243.022
10243.XYZ	10243.024
10243.XYZ	10243.026
10243.XYZ	10243.028
10252.XYZ	10252.002
10252.XYZ	10252.004
10252.XYZ	10252.006
10252.XYZ	10252.008
10263.XYZ	10263.002
10263.XYZ	10263.004
10263.XYZ	10263.006
10282.XYZ	10282.002
10282.XYZ	10282.004
10282.XYZ	10282.006
10282.XYZ	10282.008
10282.XYZ	10282.010
10286.XYZ	10286.002
10286.XYZ	10286.004
10287.XYZ	10287.002
10290.XYZ	10290.002
10292.XYZ	10292.002
10295.XYZ	10295.002
10295.XYZ	10295.004
10301.XYZ	10301.002
10301.XYZ	10301.004
10301.XYZ	10301.006
10301.XYZ	10301.008
10301.XYZ	10301.010
10301.XYZ	10301.012
10310.XYZ	10310.002
10310.XYZ	10310.004
10310.XYZ	10310.006
10310.XYZ	10310.008
10310.XYZ	10310.010
10311.XYZ	10311.002
10320.XYZ	10320.002
10328.XYZ	10328.002
10328.XYZ	10328.004
10328.XYZ	10328.006
10328.XYZ	10328.008
10328.XYZ	10328.010
10328.XYZ	10328.012
10328.XYZ	10328.014
10328.XYZ	10328.016
10328.XYZ	10328.018
10328.XYZ	10328.020
10328.XYZ	10328.022
10328.XYZ	10328.024
10328.XYZ	10328.026
10328.XYZ	10328.028
10328.XYZ	10328.030
10328.XYZ	10328.032
10328.XYZ	10328.034
10332.XYZ	10332.002
10333.XYZ	10333.002
10333.XYZ	10333.004
10351.XYZ	10351.002
10351.XYZ	10351.004
10351.XYZ	10351.006
10351.XYZ	10351.008
10363.XYZ	10363.002
10367.XYZ	10367.002
10367.XYZ	10367.004
10367.XYZ	10367.006
10367.XYZ	10367.008
10377.XYZ	10377.002
10377.XYZ	10377.004
10379.XYZ	10379.002
10384.XYZ	10384.002
10384.XYZ	10384.004
10386.XYZ	10386.002
10386.XYZ	10386.004
10389.XYZ	10389.002
10389.XYZ	10389.004
10390.XYZ	10390.002
10390.XYZ	10390.004
10392.XYZ	10392.002
10394.XYZ	10394.002
10394.XYZ	10394.004
10400.XYZ	10400.002
10404.XYZ	10404.002
10404.XYZ	10404.004
10404.XYZ	10404.006
10404.XYZ	10404.008
10404.XYZ	10404.010
10404.XYZ	10404.012
10404.XYZ	10404.014
10404.XYZ	10404.016
10404.XYZ	10404.018
10404.XYZ	10404.020
10404.XYZ	10404.022
10404.XYZ	10404.024
10404.XYZ	10404.026
10404.XYZ	10404.028
10404.XYZ	10404.030
10405.XYZ	10405.002
10407.XYZ	10407.002
10409.XYZ	10409.002
10409.XYZ	10409.004
10414.XYZ	10414.002
10414.XYZ	10414.004
10414.XYZ	10414.006
10414.XYZ	10414.008
10414.XYZ	10414.010
10414.XYZ	10414.012
10415.XYZ	10415.002
10423.XYZ	10423.002
10427.XYZ	10427.002
10427.XYZ	10427.004
10427.XYZ	10427.006
10427.XYZ	10427.008
10427.XYZ	10427.010
10427.XYZ	10427.012
10427.XYZ	10427.014
10427.XYZ	10427.016
10431.XYZ	10431.002
10431.XYZ	10431.004
10431.XYZ	10431.006
10431.XYZ	10431.008
10431.XYZ	10431.010
10431.XYZ	10431.012
10431.XYZ	10431.014
10431.XYZ	10431.016
10435.XYZ	10435.002
10435.XYZ	10435.004
10435.XYZ	10435.006
10435.XYZ	10435.008
10435.XYZ	10435.010
10450.XYZ	10450.002
10450.XYZ	10450.004
10450.XYZ	10450.006
10450.XYZ	10450.008
10450.XYZ	10450.010
10450.XYZ	10450.012
10459.XYZ	10459.002
10466.XYZ	10466.002
10466.XYZ	10466.004
10466.XYZ	10466.006
10466.XYZ	10466.008
10466.XYZ	10466.010
10466.XYZ	10466.012
10466.XYZ	10466.014
10468.XYZ	10468.002
10468.XYZ	10468.004
10468.XYZ	10468.006
10469.XYZ	10469.002
10469.XYZ	10469.004
10476.XYZ	10476.002
10491.XYZ	10491.002
10491.XYZ	10491.004
10493.XYZ	10493.002
10493.XYZ	10493.004
10493.XYZ	10493.006
10493.XYZ	10493.008
10493.XYZ	10493.010
10493.XYZ	10493.012
10493.XYZ	10493.014
10493.XYZ	10493.016
10493.XYZ	10493.018
10493.XYZ	10493.020
10493.XYZ	10493.022
10493.XYZ	10493.024
10493.XYZ	10493.026
10493.XYZ	10493.028
10493.XYZ	10493.030
10493.XYZ	10493.032
10493.XYZ	10493.034
10496.XYZ	10496.002
10496.XYZ	10496.004
10496.XYZ	10496.006
10496.XYZ	10496.008
10499.XYZ	10499.002
10499.XYZ	10499.004
10499.XYZ	10499.006
10499.XYZ	10499.008
10505.XYZ	10505.002
10509.XYZ	10509.002
10509.XYZ	10509.004
10509.XYZ	10509.006
10509.XYZ	10509.008
10519.XYZ	10519.002
10519.XYZ	10519.004
10519.XYZ	10519.006
10524.XYZ	10524.002
10524.XYZ	10524.004
10524.XYZ	10524.006
10536.XYZ	10536.002
10536.XYZ	10536.004
10542.XYZ	10542.002
10542.XYZ	10542.004
10542.XYZ	10542.006
10542.XYZ	10542.008
10542.XYZ	10542.010
10542.XYZ	10542.012
10542.XYZ	10542.014
10542.XYZ	10542.016
10542.XYZ	10542.018
10542.XYZ	10542.020
10542.XYZ	10542.022
10542.XYZ	10542.024
10542.XYZ	10542.026
10542.XYZ	10542.028
10542.XYZ	10542.030
10542.XYZ	10542.032
10542.XYZ	10542.034
10542.XYZ	10542.036
10542.XYZ	10542.038
10542.XYZ	10542.040
10542.XYZ	10542.042
10542.XYZ	10542.044
10542.XYZ	10542.046
10546.XYZ	10546.002
10546.XYZ	10546.004
10548.XYZ	10548.002
10548.XYZ	10548.004
10548.XYZ	10548.006
10550.XYZ	10550.002
10552.XYZ	10552.002
10552.XYZ	10552.004
10553.XYZ	10553.002
10553.XYZ	10553.004
10553.XYZ	10553.006
10555.XYZ	10555.002
10555.XYZ	10555.004
10556.XYZ	10556.002
10556.XYZ	10556.004
10569.XYZ	10569.002
10569.XYZ	10569.004
10571.XYZ	10571.002
10572.XYZ	10572.002
10572.XYZ	10572.004
10575.XYZ	10575.002
10577.XYZ	10577.002
10578.XYZ	10578.002
10592.XYZ	10592.002
10592.XYZ	10592.004
10592.XYZ	10592.006
10592.XYZ	10592.008
10593.XYZ	10593.002
10594.XYZ	10594.002
10595.XYZ	10595.002
10597.XYZ	10597.002
10597.XYZ	10597.004
10603.XYZ	10603.002
10605.XYZ	10605.002
10608.XYZ	10608.002
10609.XYZ	10609.002
10611.XYZ	10611.002
10611.XYZ	10611.004
10611.XYZ	10611.006
10624.XYZ	10624.002
10630.XYZ	10630.002
10630.XYZ	10630.004
10630.XYZ	10630.006
10630.XYZ	10630.008
10630.XYZ	10630.010
10630.XYZ	10630.012
10630.XYZ	10630.014
10630.XYZ	10630.016
10631.XYZ	10631.002
10631.XYZ	10631.004
10631.XYZ	10631.006
10637.XYZ	10637.002
10637.XYZ	10637.004
10643.XYZ	10643.002
10646.XYZ	10646.002
10646.XYZ	10646.004
10646.XYZ	10646.006
10646.XYZ	10646.008
10646.XYZ	10646.010
10646.XYZ	10646.012
10646.XYZ	10646.014
10646.XYZ	10646.016
10646.XYZ	10646.018
10646.XYZ	10646.020
10646.XYZ	10646.022
10646.XYZ	10646.024
10646.XYZ	10646.026
10646.XYZ	10646.028
10646.XYZ	10646.030
10647.XYZ	10647.002
10647.XYZ	10647.004
10651.XYZ	10651.002
10651.XYZ	10651.004
10660.XYZ	10660.002
10664.XYZ	10664.002
10664.XYZ	10664.004
10664.XYZ	10664.006
10664.XYZ	10664.008
10664.XYZ	10664.010
10677.XYZ	10677.002
10678.XYZ	10678.002
10678.XYZ	10678.004
10678.XYZ	10678.006
10679.XYZ	10679.002
10679.XYZ	10679.004
10679.XYZ	10679.006
10679.XYZ	10679.008
10683.XYZ	10683.002
10685.XYZ	10685.002
10690.XYZ	10690.002
10690.XYZ	10690.004
10690.XYZ	10690.006
10690.XYZ	10690.008
10690.XYZ	10690.010
10690.XYZ	10690.012
10691.XYZ	10691.002
10693.XYZ	10693.002
10694.XYZ	10694.002
10694.XYZ	10694.004
10710.XYZ	10710.002
10710.XYZ	10710.004
10710.XYZ	10710.006
10715.XYZ	10715.002
10717.XYZ	10717.002
10717.XYZ	10717.004
10717.XYZ	10717.006
10717.XYZ	10717.008
10717.XYZ	10717.010
10717.XYZ	10717.012
10719.XYZ	10719.002
10719.XYZ	10719.004
10719.XYZ	10719.006
10726.XYZ	10726.002
10726.XYZ	10726.004
10726.XYZ	10726.006
10729.XYZ	10729.002
10730.XYZ	10730.002
10731.XYZ	10731.002
10736.XYZ	10736.002
10739.XYZ	10739.002
10739.XYZ	10739.004
10739.XYZ	10739.006
10749.XYZ	10749.002
10749.XYZ	10749.004
10749.XYZ	10749.006
10765.XYZ	10765.002
10765.XYZ	10765.004
10765.XYZ	10765.006
10765.XYZ	10765.008
10788.XYZ	10788.002
10788.XYZ	10788.004
10791.XYZ	10791.002
10804.XYZ	10804.002
10804.XYZ	10804.004
10804.XYZ	10804.006
10804.XYZ	10804.008
10804.XYZ	10804.010
10813.XYZ	10813.002
10821.XYZ	10821.002
10821.XYZ	10821.004
10831.XYZ	10831.002
10836.XYZ	10836.002
10836.XYZ	10836.004
10836.XYZ	10836.006
10836.XYZ	10836.008
10836.XYZ	10836.010
10836.XYZ	10836.012
10836.XYZ	10836.014
10836.XYZ	10836.016
10836.XYZ	10836.018
10836.XYZ	10836.020
10836.XYZ	10836.022
10836.XYZ	10836.024
10836.XYZ	10836.026
10836.XYZ	10836.028
10839.XYZ	10839.002
10843.XYZ	10843.002
10844.XYZ	10844.002
10847.XYZ	10847.002
10847.XYZ	10847.004
10847.XYZ	10847.006
10847.XYZ	10847.008
10847.XYZ	10847.010
10850.XYZ	10850.002
10850.XYZ	10850.004
10850.XYZ	10850.006
10850.XYZ	10850.008
10850.XYZ	10850.010
10850.XYZ	10850.012
10850.XYZ	10850.014
10850.XYZ	10850.016
10850.XYZ	10850.018
10853.XYZ	10853.002
10859.XYZ	10859.002
10859.XYZ	10859.004
10859.XYZ	10859.006
10859.XYZ	10859.008
10859.XYZ	10859.010
10859.XYZ	10859.012
10859.XYZ	10859.014
10859.XYZ	10859.016
10859.XYZ	10859.018
10859.XYZ	10859.020
10859.XYZ	10859.022
10859.XYZ	10859.024
10859.XYZ	10859.026
10859.XYZ	10859.028
10859.XYZ	10859.030
10859.XYZ	10859.032
10864.XYZ	10864.002
10864.XYZ	10864.004
10864.XYZ	10864.006
10866.XYZ	10866.002
10871.XYZ	10871.002
10871.XYZ	10871.004
10874.XYZ	10874.002
10876.XYZ	10876.002
10876.XYZ	10876.004
10876.XYZ	10876.006
10876.XYZ	10876.008
10876.XYZ	10876.010
10876.XYZ	10876.012
10876.XYZ	10876.014
10876.XYZ	10876.016
10876.XYZ	10876.018
10876.XYZ	10876.020
10878.XYZ	10878.002
10887.XYZ	10887.002
10893.XYZ	10893.002
10903.XYZ	10903.002
10910.XYZ	10910.002
10910.XYZ	10910.004
10911.XYZ	10911.002
10913.XYZ	10913.002
10914.XYZ	10914.002
10914.XYZ	10914.004
10920.XYZ	10920.002
10920.XYZ	10920.004
10920.XYZ	10920.006
10922.XYZ	10922.002
10922.XYZ	10922.004
10922.XYZ	10922.006
10922.XYZ	10922.008
10922.XYZ	10922.010
10922.XYZ	10922.012
10922.XYZ	10922.014
10922.XYZ	10922.016
10922.XYZ	10922.018
10922.XYZ	10922.020
10922.XYZ	10922.022
10922.XYZ	10922.024
10922.XYZ	10922.026
10922.XYZ	10922.028
10922.XYZ	10922.030
10928.XYZ	10928.002
10931.XYZ	10931.002
10933.XYZ	10933.002
10935.XYZ	10935.002
10936.XYZ	10936.002
10936.XYZ	10936.004
10936.XYZ	10936.006
10936.XYZ	10936.008
10944.XYZ	10944.002
10946.XYZ	10946.002
10949.XYZ	10949.002
10949.XYZ	10949.004
10950.XYZ	10950.002
10950.XYZ	10950.004
10950.XYZ	10950.006
10950.XYZ	10950.008
10950.XYZ	10950.010
10951.XYZ	10951.002
10955.XYZ	10955.002
10957.XYZ	10957.002
10958.XYZ	10958.002
10958.XYZ	10958.004
10958.XYZ	10958.006
10961.XYZ	10961.002
10963.XYZ	10963.002
10967.XYZ	10967.002
10969.XYZ	10969.002
10979.XYZ	10979.002
10982.XYZ	10982.002
10982.XYZ	10982.004
10982.XYZ	10982.006
10984.XYZ	10984.002
10990.XYZ	10990.002
10990.XYZ	10990.004
10990.XYZ	10990.006
10990.XYZ	10990.008
11000.XYZ	11000.002
11000.XYZ	11000.004
11005.XYZ	11005.002
11005.XYZ	11005.004
11027.XYZ	11027.002
11029.XYZ	11029.002
11029.XYZ	11029.004
11034.XYZ	11034.002
11034.XYZ	11034.004
11041.XYZ	11041.002
11041.XYZ	11041.004
11041.XYZ	11041.006
11041.XYZ	11041.008
11041.XYZ	11041.010
11041.XYZ	11041.012
11041.XYZ	11041.014
11044.XYZ	11044.002
11044.XYZ	11044.004
11044.XYZ	11044.006
11045.XYZ	11045.002
11045.XYZ	11045.004
11045.XYZ	11045.006
11047.XYZ	11047.002
11047.XYZ	11047.004
11047.XYZ	11047.006
11047.XYZ	11047.008
11047.XYZ	11047.010
11047.XYZ	11047.012
11047.XYZ	11047.014
11053.XYZ	11053.002
11058.XYZ	11058.002
11058.XYZ	11058.004
11061.XYZ	11061.002
11061.XYZ	11061.004
11065.XYZ	11065.002
11083.XYZ	11083.002
11088.XYZ	11088.002
11090.XYZ	11090.002
11090.XYZ	11090.004
11094.XYZ	11094.002
11094.XYZ	11094.004
11094.XYZ	11094.006
11106.XYZ	11106.002
11106.XYZ	11106.004
11108.XYZ	11108.002
11111.XYZ	11111.002
11119.XYZ	11119.002
11122.XYZ	11122.002
11122.XYZ	11122.004
11122.XYZ	11122.006
11122.XYZ	11122.008
11122.XYZ	11122.010
11122.XYZ	11122.012
11122.XYZ	11122.014
11161.XYZ	11161.002
11161.XYZ	11161.004
11161.XYZ	11161.006
11161.XYZ	11161.008
11161.XYZ	11161.010
11161.XYZ	11161.012
11161.XYZ	11161.014
11162.XYZ	11162.002
11162.XYZ	11162.004
11166.XYZ	11166.002
11166.XYZ	11166.004
11166.XYZ	11166.006
11166.XYZ	11166.008
11166.XYZ	11166.010
11166.XYZ	11166.012
11166.XYZ	11166.014
11166.XYZ	11166.016
11166.XYZ	11166.018
11166.XYZ	11166.020
11166.XYZ	11166.022
11166.XYZ	11166.024
11166.XYZ	11166.026
11166.XYZ	11166.028
11166.XYZ	11166.030
11166.XYZ	11166.032
11166.XYZ	11166.034
11166.XYZ	11166.036
11166.XYZ	11166.038
11166.XYZ	11166.040
11166.XYZ	11166.042
11166.XYZ	11166.044
11166.XYZ	11166.046
11166.XYZ	11166.048
11166.XYZ	11166.050
11166.XYZ	11166.052
11166.XYZ	11166.054
11166.XYZ	11166.056
11166.XYZ	11166.058
11166.XYZ	11166.060
11166.XYZ	11166.062
11166.XYZ	11166.064
11166.XYZ	11166.066
11166.XYZ	11166.068
11166.XYZ	11166.070
11166.XYZ	11166.072
11166.XYZ	11166.074
11166.XYZ	11166.076
11169.XYZ	11169.002
11179.XYZ	11179.002
11184.XYZ	11184.002
11193.XYZ	11193.002
11193.XYZ	11193.004
11193.XYZ	11193.006
11193.XYZ	11193.008
11193.XYZ	11193.010
11193.XYZ	11193.012
11193.XYZ	11193.014
11197.XYZ	11197.002
11197.XYZ	11197.004
11200.XYZ	11200.002
11200.XYZ	11200.004
11200.XYZ	11200.006
11200.XYZ	11200.008
11202.XYZ	11202.002
11202.XYZ	11202.004
11202.XYZ	11202.006
11202.XYZ	11202.008
11202.XYZ	11202.010
11202.XYZ	11202.012
11202.XYZ	11202.014
11202.XYZ	11202.016
11202.XYZ	11202.018
11203.XYZ	11203.002
11203.XYZ	11203.004
11203.XYZ	11203.006
11208.XYZ	11208.002
11216.XYZ	11216.002
11216.XYZ	11216.004
11216.XYZ	11216.006
11216.XYZ	11216.008
11223.XYZ	11223.002
11223.XYZ	11223.004
11226.XYZ	11226.002
11226.XYZ	11226.004
11226.XYZ	11226.006
11226.XYZ	11226.008
11226.XYZ	11226.010
11227.XYZ	11227.002
11233.XYZ	11233.002
11234.XYZ	11234.002
11234.XYZ	11234.004
11234.XYZ	11234.006
11238.XYZ	11238.002
11238.XYZ	11238.004
11238.XYZ	11238.006
11238.XYZ	11238.008
11238.XYZ	11238.010
11238.XYZ	11238.012
11238.XYZ	11238.014
11238.XYZ	11238.016
11238.XYZ	11238.018
11238.XYZ	11238.020
11238.XYZ	11238.022
11247.XYZ	11247.002
11254.XYZ	11254.002
11257.XYZ	11257.002
11257.XYZ	11257.004
11257.XYZ	11257.006
11257.XYZ	11257.008
11257.XYZ	11257.010
11257.XYZ	11257.012
11257.XYZ	11257.014
11257.XYZ	11257.016
11257.XYZ	11257.018
11262.XYZ	11262.002
11264.XYZ	11264.002
11264.XYZ	11264.004
11264.XYZ	11264.006
11264.XYZ	11264.008
11264.XYZ	11264.010
11264.XYZ	11264.012
11264.XYZ	11264.014
11264.XYZ	11264.016
11264.XYZ	11264.018
11264.XYZ	11264.020
11264.XYZ	11264.022
11264.XYZ	11264.024
11264.XYZ	11264.026
11267.XYZ	11267.002
11270.XYZ	11270.002
11274.XYZ	11274.002
11275.XYZ	11275.002
11275.XYZ	11275.004
11275.XYZ	11275.006
11275.XYZ	11275.008
11281.XYZ	11281.002
11281.XYZ	11281.004
11301.XYZ	11301.002
11301.XYZ	11301.004
11301.XYZ	11301.006
11301.XYZ	11301.008
11301.XYZ	11301.010
11301.XYZ	11301.012
11308.XYZ	11308.002
11317.XYZ	11317.002
11324.XYZ	11324.002
11341.XYZ	11341.002
11347.XYZ	11347.002
11351.XYZ	11351.002
11351.XYZ	11351.004
11351.XYZ	11351.006
11351.XYZ	11351.008
11351.XYZ	11351.010
11351.XYZ	11351.012
11351.XYZ	11351.014
11351.XYZ	11351.016
11351.XYZ	11351.018
11351.XYZ	11351.020
11351.XYZ	11351.022
11351.XYZ	11351.024
11351.XYZ	11351.026
11351.XYZ	11351.028
11351.XYZ	11351.030
11351.XYZ	11351.032
11351.XYZ	11351.034
11351.XYZ	11351.036
11351.XYZ	11351.038
11351.XYZ	11351.040
11351.XYZ	11351.042
11351.XYZ	11351.044
11351.XYZ	11351.046
11351.XYZ	11351.048
11351.XYZ	11351.050
11351.XYZ	11351.052
11351.XYZ	11351.054
11351.XYZ	11351.056
11351.XYZ	11351.058
11351.XYZ	11351.060
11351.XYZ	11351.062
11351.XYZ	11351.064
11351.XYZ	11351.066
11351.XYZ	11351.068
11351.XYZ	11351.070
11351.XYZ	11351.072
11351.XYZ	11351.074
11351.XYZ	11351.076
11351.XYZ	11351.078
11351.XYZ	11351.080
11351.XYZ	11351.082
11351.XYZ	11351.084
11351.XYZ	11351.086
11351.XYZ	11351.088
11351.XYZ	11351.090
11351.XYZ	11351.092
11351.XYZ	11351.094
11351.XYZ	11351.096
11351.XYZ	11351.098
11351.XYZ	11351.100
11351.XYZ	11351.102
11351.XYZ	11351.104
11351.XYZ	11351.106
11351.XYZ	11351.108
11351.XYZ	11351.110
11351.XYZ	11351.112
11351.XYZ	11351.114
11351.XYZ	11351.116
11351.XYZ	11351.118
11351.XYZ	11351.120
11351.XYZ	11351.122
11351.XYZ	11351.124
11351.XYZ	11351.126
11355.XYZ	11355.002
11358.XYZ	11358.002
11358.XYZ	11358.004
11363.XYZ	11363.002
11363.XYZ	11363.004
11381.XYZ	11381.002
11386.XYZ	11386.002
11390.XYZ	11390.002
11391.XYZ	11391.002
11391.XYZ	11391.004
11391.XYZ	11391.006
11391.XYZ	11391.008
11391.XYZ	11391.010
11392.XYZ	11392.002
11395.XYZ	11395.002
11406.XYZ	11406.002
11410.XYZ	11410.002
11410.XYZ	11410.004
11410.XYZ	11410.006
11427.XYZ	11427.002
11428.XYZ	11428.002
11431.XYZ	11431.002
11431.XYZ	11431.004
11431.XYZ	11431.006
11431.XYZ	11431.008
11434.XYZ	11434.002
11449.XYZ	11449.002
11451.XYZ	11451.002
11451.XYZ	11451.004
11451.XYZ	11451.006
11451.XYZ	11451.008
11453.XYZ	11453.002
11455.XYZ	11455.002
11455.XYZ	11455.004
11461.XYZ	11461.002
11461.XYZ	11461.004
11461.XYZ	11461.006
11461.XYZ	11461.008
11461.XYZ	11461.010
11461.XYZ	11461.012
11461.XYZ	11461.014
11461.XYZ	11461.016
11461.XYZ	11461.018
11461.XYZ	11461.020
11461.XYZ	11461.022
11462.XYZ	11462.002
11466.XYZ	11466.002
11466.XYZ	11466.004
11474.XYZ	11474.002
11474.XYZ	11474.004
11474.XYZ	11474.006
11474.XYZ	11474.008
11474.XYZ	11474.010
11474.XYZ	11474.012
11474.XYZ	11474.014
11474.XYZ	11474.016
11474.XYZ	11474.018
11474.XYZ	11474.020
11474.XYZ	11474.022
11474.XYZ	11474.024
11487.XYZ	11487.002
11503.XYZ	11503.002
11503.XYZ	11503.004
11505.XYZ	11505.002
11505.XYZ	11505.004
11505.XYZ	11505.006
11505.XYZ	11505.008
11521.XYZ	11521.002
11529.XYZ	11529.002
11535.XYZ	11535.002
11537.XYZ	11537.002
11553.XYZ	11553.002
11553.XYZ	11553.004
11553.XYZ	11553.006
11553.XYZ	11553.008
11553.XYZ	11553.010
11555.XYZ	11555.002
11558.XYZ	11558.002
11564.XYZ	11564.002
11573.XYZ	11573.002
11583.XYZ	11583.002
11594.XYZ	11594.002
11595.XYZ	11595.002
11607.XYZ	11607.002
11610.XYZ	11610.002
11613.XYZ	11613.002
11619.XYZ	11619.002
11627.XYZ	11627.002
11627.XYZ	11627.004
11627.XYZ	11627.006
11654.XYZ	11654.002
11660.XYZ	11660.002
11663.XYZ	11663.002
11667.XYZ	11667.002
11670.XYZ	11670.002
11670.XYZ	11670.004
11670.XYZ	11670.006
11670.XYZ	11670.008
11670.XYZ	11670.010
11670.XYZ	11670.012
11670.XYZ	11670.014
11670.XYZ	11670.016
11670.XYZ	11670.018
11670.XYZ	11670.020
11676.XYZ	11676.002
11678.XYZ	11678.002
11678.XYZ	11678.004
11685.XYZ	11685.002
11685.XYZ	11685.004
11686.XYZ	11686.002
11689.XYZ	11689.002
11705.XYZ	11705.002
11706.XYZ	11706.002
11706.XYZ	11706.004
11707.XYZ	11707.002
11707.XYZ	11707.004
11707.XYZ	11707.006
11707.XYZ	11707.008
11707.XYZ	11707.010
11707.XYZ	11707.012
11707.XYZ	11707.014
11707.XYZ	11707.016
11707.XYZ	11707.018
11707.XYZ	11707.020
11707.XYZ	11707.022
11707.XYZ	11707.024
11707.XYZ	11707.026
11707.XYZ	11707.028
11707.XYZ	11707.030
11707.XYZ	11707.032
11708.XYZ	11708.002
11709.XYZ	11709.002
11709.XYZ	11709.004
11711.XYZ	11711.002
11712.XYZ	11712.002
11726.XYZ	11726.002
11726.XYZ	11726.004
11730.XYZ	11730.002
11739.XYZ	11739.002
11739.XYZ	11739.004
11739.XYZ	11739.006
11739.XYZ	11739.008
11739.XYZ	11739.010
11739.XYZ	11739.012
11741.XYZ	11741.002
11743.XYZ	11743.002
11743.XYZ	11743.004
11743.XYZ	11743.006
11743.XYZ	11743.008
11743.XYZ	11743.010
11743.XYZ	11743.012
11743.XYZ	11743.014
11748.XYZ	11748.002
11750.XYZ	11750.002
11750.XYZ	11750.004
11758.XYZ	11758.002
11758.XYZ	11758.004
11761.XYZ	11761.002
11761.XYZ	11761.004
11761.XYZ	11761.006
11761.XYZ	11761.008
11769.XYZ	11769.002
11769.XYZ	11769.004
11769.XYZ	11769.006
11769.XYZ	11769.008
11769.XYZ	11769.010
11770.XYZ	11770.002
11773.XYZ	11773.002
11776.XYZ	11776.002
11776.XYZ	11776.004
11776.XYZ	11776.006
11776.XYZ	11776.008
11776.XYZ	11776.010
11776.XYZ	11776.012
11776.XYZ	11776.014
11776.XYZ	11776.016
11776.XYZ	11776.018
11776.XYZ	11776.020
11776.XYZ	11776.022
11776.XYZ	11776.024
11776.XYZ	11776.026
11777.XYZ	11777.002
11778.XYZ	11778.002
11778.XYZ	11778.004
11778.XYZ	11778.006
11792.XYZ	11792.002
11802.XYZ	11802.002
11802.XYZ	11802.004
11802.XYZ	11802.006
11805.XYZ	11805.002
11807.XYZ	11807.002
11807.XYZ	11807.004
11807.XYZ	11807.006
11807.XYZ	11807.008
11807.XYZ	11807.010
11807.XYZ	11807.012
11807.XYZ	11807.014
11807.XYZ	11807.016
11810.XYZ	11810.002
11810.XYZ	11810.004
11812.XYZ	11812.002
11812.XYZ	11812.004
11817.XYZ	11817.002
11817.XYZ	11817.004
11817.XYZ	11817.006
11817.XYZ	11817.008
11823.XYZ	11823.002
11823.XYZ	11823.004
11823.XYZ	11823.006
11837.XYZ	11837.002
11837.XYZ	11837.004
11843.XYZ	11843.002
11853.XYZ	11853.002
11853.XYZ	11853.004
11853.XYZ	11853.006
11853.XYZ	11853.008
11853.XYZ	11853.010
11853.XYZ	11853.012
11853.XYZ	11853.014
11853.XYZ	11853.016
11853.XYZ	11853.018
11853.XYZ	11853.020
11853.XYZ	11853.022
11853.XYZ	11853.024
11853.XYZ	11853.026
11853.XYZ	11853.028
11853.XYZ	11853.030
11853.XYZ	11853.032
11853.XYZ	11853.034
11853.XYZ	11853.036
11853.XYZ	11853.038
11853.XYZ	11853.040
11853.XYZ	11853.042
11853.XYZ	11853.044
11859.XYZ	11859.002
11859.XYZ	11859.004
11859.XYZ	11859.006
11860.XYZ	11860.002
11862.XYZ	11862.002
11862.XYZ	11862.004
11862.XYZ	11862.006
11866.XYZ	11866.002
11866.XYZ	11866.004
11867.XYZ	11867.002
11867.XYZ	11867.004
11867.XYZ	11867.006
11867.XYZ	11867.008
11868.XYZ	11868.002
11868.XYZ	11868.004
11868.XYZ	11868.006
11868.XYZ	11868.008
11868.XYZ	11868.010
11868.XYZ	11868.012
11868.XYZ	11868.014
11868.XYZ	11868.016
11868.XYZ	11868.018
11868.XYZ	11868.020
11868.XYZ	11868.022
11868.XYZ	11868.024
11868.XYZ	11868.026
11868.XYZ	11868.028
11868.XYZ	11868.030
11868.XYZ	11868.032
11868.XYZ	11868.034
11868.XYZ	11868.036
11868.XYZ	11868.038
11871.XYZ	11871.002
11871.XYZ	11871.004
11872.XYZ	11872.002
11872.XYZ	11872.004
11877.XYZ	11877.002
11883.XYZ	11883.002
11889.XYZ	11889.002
11889.XYZ	11889.004
11897.XYZ	11897.002
11897.XYZ	11897.004
11897.XYZ	11897.006
11897.XYZ	11897.008
11897.XYZ	11897.010
11897.XYZ	11897.012
11898.XYZ	11898.002
11898.XYZ	11898.004
11898.XYZ	11898.006
11898.XYZ	11898.008
11898.XYZ	11898.010
11903.XYZ	11903.002
11904.XYZ	11904.002
11904.XYZ	11904.004
11912.XYZ	11912.002
11916.XYZ	11916.002
11916.XYZ	11916.004
11916.XYZ	11916.006
11916.XYZ	11916.008
11921.XYZ	11921.002
11921.XYZ	11921.004
11921.XYZ	11921.006
11921.XYZ	11921.008
11921.XYZ	11921.010
11921.XYZ	11921.012
11921.XYZ	11921.014
11922.XYZ	11922.002
11924.XYZ	11924.002
11925.XYZ	11925.002
11930.XYZ	11930.002
11930.XYZ	11930.004
11930.XYZ	11930.006
11930.XYZ	11930.008
11930.XYZ	11930.010
11935.XYZ	11935.002
11935.XYZ	11935.004
11935.XYZ	11935.006
11938.XYZ	11938.002
11938.XYZ	11938.004
11938.XYZ	11938.006
11940.XYZ	11940.002
11940.XYZ	11940.004
11944.XYZ	11944.002
11944.XYZ	11944.004
11950.XYZ	11950.002
11953.XYZ	11953.002
11958.XYZ	11958.002
11958.XYZ	11958.004
11958.XYZ	11958.006
11958.XYZ	11958.008
11958.XYZ	11958.010
11958.XYZ	11958.012
11958.XYZ	11958.014
11958.XYZ	11958.016
11958.XYZ	11958.018
11958.XYZ	11958.020
11958.XYZ	11958.022
11958.XYZ	11958.024
11958.XYZ	11958.026
11958.XYZ	11958.028
11958.XYZ	11958.030
11968.XYZ	11968.002
11972.XYZ	11972.002
11972.XYZ	11972.004
11979.XYZ	11979.002
11979.XYZ	11979.004
11982.XYZ	11982.002
11984.XYZ	11984.002
11984.XYZ	11984.004
11984.XYZ	11984.006
11985.XYZ	11985.002
11985.XYZ	11985.004
11985.XYZ	11985.006
11985.XYZ	11985.008
11986.XYZ	11986.002
11988.XYZ	11988.002
11995.XYZ	11995.002
11997.XYZ	11997.002
11997.XYZ	11997.004
12002.XYZ	12002.002
12002.XYZ	12002.004
12002.XYZ	12002.006
12002.XYZ	12002.008
12002.XYZ	12002.010
12002.XYZ	12002.012
12002.XYZ	12002.014
12002.XYZ	12002.016
12007.XYZ	12007.002
12007.XYZ	12007.004
12007.XYZ	12007.006
12010.XYZ	12010.002
12010.XYZ	12010.004
12010.XYZ	12010.006
12010.XYZ	12010.008
12010.XYZ	12010.010
12010.XYZ	12010.012
12010.XYZ	12010.014
12010.XYZ	12010.016
12010.XYZ	12010.018
12010.XYZ	12010.020
12010.XYZ	12010.022
12010.XYZ	12010.024
12010.XYZ	12010.026
12010.XYZ	12010.028
12010.XYZ	12010.030
12010.XYZ	12010.032
12010.XYZ	12010.034
12010.XYZ	12010.036
12010.XYZ	12010.038
12010.XYZ	12010.040
12010.XYZ	12010.042
12010.XYZ	12010.044
12010.XYZ	12010.046
12014.XYZ	12014.002
12023.XYZ	12023.002
12026.XYZ	12026.002
12026.XYZ	12026.004
12026.XYZ	12026.006
12028.XYZ	12028.002
12030.XYZ	12030.002
12030.XYZ	12030.004
12030.XYZ	12030.006
12030.XYZ	12030.008
12032.XYZ	12032.002
12032.XYZ	12032.004
12032.XYZ	12032.006
12032.XYZ	12032.008
12032.XYZ	12032.010
12032.XYZ	12032.012
12032.XYZ	12032.014
12032.XYZ	12032.016
12032.XYZ	12032.018
12035.XYZ	12035.002
12041.XYZ	12041.002
12041.XYZ	12041.004
12041.XYZ	12041.006
12041.XYZ	12041.008
12041.XYZ	12041.010
12041.XYZ	12041.012
12041.XYZ	12041.014
12041.XYZ	12041.016
12041.XYZ	12041.018
12041.XYZ	12041.020
12041.XYZ	12041.022
12041.XYZ	12041.024
12041.XYZ	12041.026
12041.XYZ	12041.028
12042.XYZ	12042.002
12042.XYZ	12042.004
12042.XYZ	12042.006
12042.XYZ	12042.008
12042.XYZ	12042.010
12042.XYZ	12042.012
12042.XYZ	12042.014
12042.XYZ	12042.016
12042.XYZ	12042.018
12042.XYZ	12042.020
12042.XYZ	12042.022
12042.XYZ	12042.024
12042.XYZ	12042.026
12042.XYZ	12042.028
12042.XYZ	12042.030
12042.XYZ	12042.032
12042.XYZ	12042.034
12042.XYZ	12042.036
12042.XYZ	12042.038
12042.XYZ	12042.040
12042.XYZ	12042.042
12042.XYZ	12042.044
12042.XYZ	12042.046
12042.XYZ	12042.048
12042.XYZ	12042.050
12043.XYZ	12043.002
12043.XYZ	12043.004
12049.XYZ	12049.002
12049.XYZ	12049.004
12049.XYZ	12049.006
12049.XYZ	12049.008
12050.XYZ	12050.002
12059.XYZ	12059.002
12059.XYZ	12059.004
12063.XYZ	12063.002
12063.XYZ	12063.004
12063.XYZ	12063.006
12063.XYZ	12063.008
12063.XYZ	12063.010
12066.XYZ	12066.002
12066.XYZ	12066.004
12068.XYZ	12068.002
12069.XYZ	12069.002
12069.XYZ	12069.004
12069.XYZ	12069.006
12069.XYZ	12069.008
12070.XYZ	12070.002
12073.XYZ	12073.002
12079.XYZ	12079.002
12079.XYZ	12079.004
12084.XYZ	12084.002
12088.XYZ	12088.002
12088.XYZ	12088.004
12088.XYZ	12088.006
12088.XYZ	12088.008
12089.XYZ	12089.002
12093.XYZ	12093.002
12098.XYZ	12098.002
12102.XYZ	12102.002
12107.XYZ	12107.002
12110.XYZ	12110.002
12121.XYZ	12121.002
12140.XYZ	12140.002
12140.XYZ	12140.004
12140.XYZ	12140.006
12140.XYZ	12140.008
12140.XYZ	12140.010
12142.XYZ	12142.002
12142.XYZ	12142.004
12142.XYZ	12142.006
12142.XYZ	12142.008
12142.XYZ	12142.010
12142.XYZ	12142.012
12142.XYZ	12142.014
12142.XYZ	12142.016
12147.XYZ	12147.002
12149.XYZ	12149.002
12149.XYZ	12149.004
12149.XYZ	12149.006
12149.XYZ	12149.008
12158.XYZ	12158.002
12161.XYZ	12161.002
12161.XYZ	12161.004
12173.XYZ	12173.002
12173.XYZ	12173.004
12174.XYZ	12174.002
12174.XYZ	12174.004
12175.XYZ	12175.002
12175.XYZ	12175.004
12175.XYZ	12175.006
12175.XYZ	12175.008
12175.XYZ	12175.010
12180.XYZ	12180.002
12181.XYZ	12181.002
12181.XYZ	12181.004
12181.XYZ	12181.006
12181.XYZ	12181.008
12181.XYZ	12181.010
12181.XYZ	12181.012
12181.XYZ	12181.014
12181.XYZ	12181.016
12181.XYZ	12181.018
12181.XYZ	12181.020
12181.XYZ	12181.022
12181.XYZ	12181.024
12181.XYZ	12181.026
12181.XYZ	12181.028
12181.XYZ	12181.030
12181.XYZ	12181.032
12181.XYZ	12181.034
12181.XYZ	12181.036
12181.XYZ	12181.038
12181.XYZ	12181.040
12181.XYZ	12181.042
12181.XYZ	12181.044
12181.XYZ	12181.046
12181.XYZ	12181.048
12181.XYZ	12181.050
12181.XYZ	12181.052
12182.XYZ	12182.002
12182.XYZ	12182.004
12184.XYZ	12184.002
12184.XYZ	12184.004
12185.XYZ	12185.002
12185.XYZ	12185.004
12185.XYZ	12185.006
12185.XYZ	12185.008
12185.XYZ	12185.010
12185.XYZ	12185.012
12185.XYZ	12185.014
12185.XYZ	12185.016
12185.XYZ	12185.018
12185.XYZ	12185.020
12186.XYZ	12186.002
12194.XYZ	12194.002
12194.XYZ	12194.004
12194.XYZ	12194.006
12199.XYZ	12199.002
12199.XYZ	12199.004
12199.XYZ	12199.006
12199.XYZ	12199.008
12201.XYZ	12201.002
12201.XYZ	12201.004
12201.XYZ	12201.006
12201.XYZ	12201.008
12201.XYZ	12201.010
12201.XYZ	12201.012
12205.XYZ	12205.002
12206.XYZ	12206.002
12222.XYZ	12222.002
12222.XYZ	12222.004
12222.XYZ	12222.006
12222.XYZ	12222.008
12222.XYZ	12222.010
12222.XYZ	12222.012
12222.XYZ	12222.014
12222.XYZ	12222.016
12225.XYZ	12225.002
12225.XYZ	12225.004
12225.XYZ	12225.006
12226.XYZ	12226.002
12227.XYZ	12227.002
12227.XYZ	12227.004
12229.XYZ	12229.002
12233.XYZ	12233.002
12243.XYZ	12243.002
12243.XYZ	12243.004
12243.XYZ	12243.006
12250.XYZ	12250.002
12250.XYZ	12250.004
12265.XYZ	12265.002
12265.XYZ	12265.004
12271.XYZ	12271.002
12276.XYZ	12276.002
12276.XYZ	12276.004
12277.XYZ	12277.002
12277.XYZ	12277.004
12278.XYZ	12278.002
12278.XYZ	12278.004
12278.XYZ	12278.006
12278.XYZ	12278.008
12278.XYZ	12278.010
12278.XYZ	12278.012
12278.XYZ	12278.014
12278.XYZ	12278.016
12278.XYZ	12278.018
12278.XYZ	12278.020
12278.XYZ	12278.022
12278.XYZ	12278.024
12278.XYZ	12278.026
12281.XYZ	12281.002
12283.XYZ	12283.002
12283.XYZ	12283.004
12283.XYZ	12283.006
12283.XYZ	12283.008
12283.XYZ	12283.010
12288.XYZ	12288.002
12288.XYZ	12288.004
12288.XYZ	12288.006
12288.XYZ	12288.008
12296.XYZ	12296.002
12296.XYZ	12296.004
12316.XYZ	12316.002
12316.XYZ	12316.004
12331.XYZ	12331.002
12331.XYZ	12331.004
12331.XYZ	12331.006
12331.XYZ	12331.008
12331.XYZ	12331.010
12331.XYZ	12331.012
12331.XYZ	12331.014
12331.XYZ	12331.016
12331.XYZ	12331.018
12331.XYZ	12331.020
12331.XYZ	12331.022
12331.XYZ	12331.024
12331.XYZ	12331.026
12331.XYZ	12331.028
12332.XYZ	12332.002
12332.XYZ	12332.004
12332.XYZ	12332.006
12341.XYZ	12341.002
12346.XYZ	12346.002
12346.XYZ	12346.004
12346.XYZ	12346.006
12352.XYZ	12352.002
12354.XYZ	12354.002
12354.XYZ	12354.004
12358.XYZ	12358.002
12365.XYZ	12365.002
12369.XYZ	12369.002
12380.XYZ	12380.002
12385.XYZ	12385.002
12388.XYZ	12388.002
12393.XYZ	12393.002
12393.XYZ	12393.004
12400.XYZ	12400.002
12400.XYZ	12400.004
12400.XYZ	12400.006
12407.XYZ	12407.002
12407.XYZ	12407.004
12407.XYZ	12407.006
12407.XYZ	12407.008
12407.XYZ	12407.010
12407.XYZ	12407.012
12411.XYZ	12411.002
12411.XYZ	12411.004
12417.XYZ	12417.002
12424.XYZ	12424.002
12425.XYZ	12425.002
12425.XYZ	12425.004
12430.XYZ	12430.002
12430.XYZ	12430.004
12430.XYZ	12430.006
12430.XYZ	12430.008
12430.XYZ	12430.010
12430.XYZ	12430.012
12430.XYZ	12430.014
12433.XYZ	12433.002
12433.XYZ	12433.004
12433.XYZ	12433.006
12433.XYZ	12433.008
12434.XYZ	12434.002
12444.XYZ	12444.002
12445.XYZ	12445.002
12447.XYZ	12447.002
12451.XYZ	12451.002
12467.XYZ	12467.002
12470.XYZ	12470.002
12470.XYZ	12470.004
12482.XYZ	12482.002
12482.XYZ	12482.004
12482.XYZ	12482.006
12482.XYZ	12482.008
12482.XYZ	12482.010
12482.XYZ	12482.012
12482.XYZ	12482.014
12487.XYZ	12487.002
12487.XYZ	12487.004
12487.XYZ	12487.006
12490.XYZ	12490.002
12495.XYZ	12495.002
12495.XYZ	12495.004
12495.XYZ	12495.006
12495.XYZ	12495.008
12500.XYZ	12500.002
12500.XYZ	12500.004
12500.XYZ	12500.006
12500.XYZ	12500.008
12500.XYZ	12500.010
12500.XYZ	12500.012
12500.XYZ	12500.014
12500.XYZ	12500.016
12500.XYZ	12500.018
12500.XYZ	12500.020
12500.XYZ	12500.022
12500.XYZ	12500.024
12500.XYZ	12500.026
12500.XYZ	12500.028
12500.XYZ	12500.030
12500.XYZ	12500.032
12500.XYZ	12500.034
12507.XYZ	12507.002
12507.XYZ	12507.004
12507.XYZ	12507.006
12507.XYZ	12507.008
12507.XYZ	12507.010
12521.XYZ	12521.002
12521.XYZ	12521.004
12524.XYZ	12524.002
12526.XYZ	12526.002
12528.XYZ	12528.002
12528.XYZ	12528.004
12538.XYZ	12538.002
12538.XYZ	12538.004
12538.XYZ	12538.006
12538.XYZ	12538.008
12538.XYZ	12538.010
12538.XYZ	12538.012
12541.XYZ	12541.002
12543.XYZ	12543.002
12543.XYZ	12543.004
12548.XYZ	12548.002
12548.XYZ	12548.004
12550.XYZ	12550.002
12550.XYZ	12550.004
12550.XYZ	12550.006
12550.XYZ	12550.008
12555.XYZ	12555.002
12555.XYZ	12555.004
12555.XYZ	12555.006
12555.XYZ	12555.008
12555.XYZ	12555.010
12555.XYZ	12555.012
12555.XYZ	12555.014
12558.XYZ	12558.002
12558.XYZ	12558.004
12570.XYZ	12570.002
12570.XYZ	12570.004
12570.XYZ	12570.006
12570.XYZ	12570.008
12570.XYZ	12570.010
12571.XYZ	12571.002
12589.XYZ	12589.002
12589.XYZ	12589.004
12589.XYZ	12589.006
12589.XYZ	12589.008
12589.XYZ	12589.010
12592.XYZ	12592.002
12592.XYZ	12592.004
12592.XYZ	12592.006
12592.XYZ	12592.008
12592.XYZ	12592.010
12592.XYZ	12592.012
12596.XYZ	12596.002
12596.XYZ	12596.004
12596.XYZ	12596.006
12636.XYZ	12636.002
12647.XYZ	12647.002
12650.XYZ	12650.002
12650.XYZ	12650.004
12656.XYZ	12656.002
12656.XYZ	12656.004
12663.XYZ	12663.002
12663.XYZ	12663.004
12663.XYZ	12663.006
12663.XYZ	12663.008
12663.XYZ	12663.010
12668.XYZ	12668.002
12668.XYZ	12668.004
12668.XYZ	12668.006
12668.XYZ	12668.008
12668.XYZ	12668.010
12668.XYZ	12668.012
12673.XYZ	12673.002
12673.XYZ	12673.004
12674.XYZ	12674.002
12674.XYZ	12674.004
12674.XYZ	12674.006
12674.XYZ	12674.008
12674.XYZ	12674.010
12674.XYZ	12674.012
12674.XYZ	12674.014
12674.XYZ	12674.016
12691.XYZ	12691.002
12711.XYZ	12711.002
12719.XYZ	12719.002
12719.XYZ	12719.004
12719.XYZ	12719.006
12728.XYZ	12728.002
12728.XYZ	12728.004
12728.XYZ	12728.006
12728.XYZ	12728.008
12728.XYZ	12728.010
12728.XYZ	12728.012
12728.XYZ	12728.014
12728.XYZ	12728.016
12728.XYZ	12728.018
12728.XYZ	12728.020
12728.XYZ	12728.022
12740.XYZ	12740.002
12743.XYZ	12743.002
12760.XYZ	12760.002
12760.XYZ	12760.004
12760.XYZ	12760.006
12760.XYZ	12760.008
12760.XYZ	12760.010
12760.XYZ	12760.012
12760.XYZ	12760.014
12760.XYZ	12760.016
12767.XYZ	12767.002
12769.XYZ	12769.002
12769.XYZ	12769.004
12769.XYZ	12769.006
12772.XYZ	12772.002
12772.XYZ	12772.004
12772.XYZ	12772.006
12772.XYZ	12772.008
12772.XYZ	12772.010
12772.XYZ	12772.012
12772.XYZ	12772.014
12772.XYZ	12772.016
12772.XYZ	12772.018
12772.XYZ	12772.020
12772.XYZ	12772.022
12772.XYZ	12772.024
12772.XYZ	12772.026
12772.XYZ	12772.028
12772.XYZ	12772.030
12772.XYZ	12772.032
12773.XYZ	12773.002
12777.XYZ	12777.002
12783.XYZ	12783.002
12784.XYZ	12784.002
12784.XYZ	12784.004
12784.XYZ	12784.006
12784.XYZ	12784.008
12784.XYZ	12784.010
12784.XYZ	12784.012
12784.XYZ	12784.014
12784.XYZ	12784.016
12784.XYZ	12784.018
12784.XYZ	12784.020
12784.XYZ	12784.022
12784.XYZ	12784.024
12784.XYZ	12784.026
12788.XYZ	12788.002
12788.XYZ	12788.004
12788.XYZ	12788.006
12788.XYZ	12788.008
12793.XYZ	12793.002
12793.XYZ	12793.004
12793.XYZ	12793.006
12793.XYZ	12793.008
12793.XYZ	12793.010
12793.XYZ	12793.012
12793.XYZ	12793.014
12793.XYZ	12793.016
12793.XYZ	12793.018
12798.XYZ	12798.002
12799.XYZ	12799.002
12799.XYZ	12799.004
12799.XYZ	12799.006
12804.XYZ	12804.002
12804.XYZ	12804.004
12804.XYZ	12804.006
12804.XYZ	12804.008
12804.XYZ	12804.010
12804.XYZ	12804.012
12806.XYZ	12806.002
12811.XYZ	12811.002
12811.XYZ	12811.004
12811.XYZ	12811.006
12811.XYZ	12811.008
12827.XYZ	12827.002
12827.XYZ	12827.004
12827.XYZ	12827.006
12827.XYZ	12827.008
12827.XYZ	12827.010
12833.XYZ	12833.002
12838.XYZ	12838.002
12853.XYZ	12853.002
12853.XYZ	12853.004
12854.XYZ	12854.002
12856.XYZ	12856.002
12856.XYZ	12856.004
12856.XYZ	12856.006
12858.XYZ	12858.002
12858.XYZ	12858.004
12866.XYZ	12866.002
12866.XYZ	12866.004
12866.XYZ	12866.006
12866.XYZ	12866.008
12866.XYZ	12866.010
12866.XYZ	12866.012
12866.XYZ	12866.014
12866.XYZ	12866.016
12866.XYZ	12866.018
12866.XYZ	12866.020
12866.XYZ	12866.022
12866.XYZ	12866.024
12878.XYZ	12878.002
12878.XYZ	12878.004
12887.XYZ	12887.002
12893.XYZ	12893.002
12893.XYZ	12893.004
12893.XYZ	12893.006
12894.XYZ	12894.002
12895.XYZ	12895.002
12899.XYZ	12899.002
12899.XYZ	12899.004
12899.XYZ	12899.006
12899.XYZ	12899.008
12902.XYZ	12902.002
12913.XYZ	12913.002
12914.XYZ	12914.002
12914.XYZ	12914.004
12914.XYZ	12914.006
12918.XYZ	12918.002
12918.XYZ	12918.004
12918.XYZ	12918.006
12923.XYZ	12923.002
12923.XYZ	12923.004
12937.XYZ	12937.002
12940.XYZ	12940.002
12941.XYZ	12941.002
12941.XYZ	12941.004
12954.XYZ	12954.002
12954.XYZ	12954.004
12954.XYZ	12954.006
12954.XYZ	12954.008
12954.XYZ	12954.010
12954.XYZ	12954.012
12954.XYZ	12954.014
12954.XYZ	12954.016
12954.XYZ	12954.018
12963.XYZ	12963.002
12963.XYZ	12963.004
12964.XYZ	12964.002
12965.XYZ	12965.002
12965.XYZ	12965.004
12965.XYZ	12965.006
12966.XYZ	12966.002
12971.XYZ	12971.002
12973.XYZ	12973.002
12973.XYZ	12973.004
12973.XYZ	12973.006
12973.XYZ	12973.008
12973.XYZ	12973.010
12975.XYZ	12975.002
12980.XYZ	12980.002
12980.XYZ	12980.004
12980.XYZ	12980.006
12989.XYZ	12989.002
12989.XYZ	12989.004
12989.XYZ	12989.006
12989.XYZ	12989.008
12989.XYZ	12989.010
12989.XYZ	12989.012
12996.XYZ	12996.002
13005.XYZ	13005.002
13005.XYZ	13005.004
13005.XYZ	13005.006
13005.XYZ	13005.008
13005.XYZ	13005.010
13005.XYZ	13005.012
13005.XYZ	13005.014
13005.XYZ	13005.016
13005.XYZ	13005.018
13005.XYZ	13005.020
13005.XYZ	13005.022
13005.XYZ	13005.024
13005.XYZ	13005.026
13005.XYZ	13005.028
13006.XYZ	13006.002
13011.XYZ	13011.002
13011.XYZ	13011.004
13011.XYZ	13011.006
13011.XYZ	13011.008
13011.XYZ	13011.010
13011.XYZ	13011.012
13011.XYZ	13011.014
13011.XYZ	13011.016
13011.XYZ	13011.018
13011.XYZ	13011.020
13011.XYZ	13011.022
13011.XYZ	13011.024
13011.XYZ	13011.026
13011.XYZ	13011.028
13026.XYZ	13026.002
13032.XYZ	13032.002
13032.XYZ	13032.004
13037.XYZ	13037.002
13038.XYZ	13038.002
13041.XYZ	13041.002
13041.XYZ	13041.004
13041.XYZ	13041.006
13041.XYZ	13041.008
13041.XYZ	13041.010
13041.XYZ	13041.012
13041.XYZ	13041.014
13046.XYZ	13046.002
13046.XYZ	13046.004
13046.XYZ	13046.006
13051.XYZ	13051.002
13051.XYZ	13051.004
13051.XYZ	13051.006
13051.XYZ	13051.008
13056.XYZ	13056.002
13063.XYZ	13063.002
13063.XYZ	13063.004
13063.XYZ	13063.006
13063.XYZ	13063.008
13077.XYZ	13077.002
13077.XYZ	13077.004
13077.XYZ	13077.006
13095.XYZ	13095.002
13095.XYZ	13095.004
13095.XYZ	13095.006
13097.XYZ	13097.002
13098.XYZ	13098.002
13098.XYZ	13098.004
13098.XYZ	13098.006
13098.XYZ	13098.008
13098.XYZ	13098.010
13098.XYZ	13098.012
13098.XYZ	13098.014
13098.XYZ	13098.016
13098.XYZ	13098.018
13098.XYZ	13098.020
13098.XYZ	13098.022
13098.XYZ	13098.024
13098.XYZ	13098.026
13098.XYZ	13098.028
13098.XYZ	13098.030
13099.XYZ	13099.002
13099.XYZ	13099.004
13099.XYZ	13099.006
13099.XYZ	13099.008
13099.XYZ	13099.010
13106.XYZ	13106.002
13106.XYZ	13106.004
13106.XYZ	13106.006
13106.XYZ	13106.008
13106.XYZ	13106.010
13106.XYZ	13106.012
13106.XYZ	13106.014
13106.XYZ	13106.016
13106.XYZ	13106.018
13106.XYZ	13106.020
13106.XYZ	13106.022
13109.XYZ	13109.002
13109.XYZ	13109.004
13109.XYZ	13109.006
13109.XYZ	13109.008
13109.XYZ	13109.010
13109.XYZ	13109.012
13120.XYZ	13120.002
13120.XYZ	13120.004
13126.XYZ	13126.002
13126.XYZ	13126.004
13126.XYZ	13126.006
13126.XYZ	13126.008
13126.XYZ	13126.010
13126.XYZ	13126.012
13126.XYZ	13126.014
13126.XYZ	13126.016
13126.XYZ	13126.018
13126.XYZ	13126.020
13126.XYZ	13126.022
13126.XYZ	13126.024
13126.XYZ	13126.026
13126.XYZ	13126.028
13126.XYZ	13126.030
13127.XYZ	13127.002
13127.XYZ	13127.004
13127.XYZ	13127.006
13127.XYZ	13127.008
13127.XYZ	13127.010
13128.XYZ	13128.002
13128.XYZ	13128.004
13128.XYZ	13128.006
13128.XYZ	13128.008
13128.XYZ	13128.010
13128.XYZ	13128.012
13128.XYZ	13128.014
13128.XYZ	13128.016
13128.XYZ	13128.018
13128.XYZ	13128.020
13128.XYZ	13128.022
13128.XYZ	13128.024
13130.XYZ	13130.002
13131.XYZ	13131.002
13131.XYZ	13131.004
13131.XYZ	13131.006
13131.XYZ	13131.008
13131.XYZ	13131.010
13131.XYZ	13131.012
13134.XYZ	13134.002
13134.XYZ	13134.004
13139.XYZ	13139.002
13140.XYZ	13140.002
13140.XYZ	13140.004
13140.XYZ	13140.006
13140.XYZ	13140.008
13140.XYZ	13140.010
13140.XYZ	13140.012
13140.XYZ	13140.014
13140.XYZ	13140.016
13141.XYZ	13141.002
13143.XYZ	13143.002
13143.XYZ	13143.004
13143.XYZ	13143.006
13143.XYZ	13143.008
13143.XYZ	13143.010
13144.XYZ	13144.002
13144.XYZ	13144.004
13151.XYZ	13151.002
13151.XYZ	13151.004
13162.XYZ	13162.002
13163.XYZ	13163.002
13163.XYZ	13163.004
13163.XYZ	13163.006
13163.XYZ	13163.008
13168.XYZ	13168.002
13168.XYZ	13168.004
13168.XYZ	13168.006
13171.XYZ	13171.002
13175.XYZ	13175.002
13186.XYZ	13186.002
13186.XYZ	13186.004
13186.XYZ	13186.006
13186.XYZ	13186.008
13186.XYZ	13186.010
13189.XYZ	13189.002
13189.XYZ	13189.004
13191.XYZ	13191.002
13191.XYZ	13191.004
13191.XYZ	13191.006
13194.XYZ	13194.002
13194.XYZ	13194.004
13196.XYZ	13196.002
13199.XYZ	13199.002
13199.XYZ	13199.004
13204.XYZ	13204.002
13207.XYZ	13207.002
13209.XYZ	13209.002
13209.XYZ	13209.004
13215.XYZ	13215.002
13218.XYZ	13218.002
13218.XYZ	13218.004
13218.XYZ	13218.006
13223.XYZ	13223.002
13223.XYZ	13223.004
13223.XYZ	13223.006
13229.XYZ	13229.002
13229.XYZ	13229.004
13229.XYZ	13229.006
13229.XYZ	13229.008
13231.XYZ	13231.002
13233.XYZ	13233.002
13236.XYZ	13236.002
13236.XYZ	13236.004
13243.XYZ	13243.002
13243.XYZ	13243.004
13246.XYZ	13246.002
13250.XYZ	13250.002
13252.XYZ	13252.002
13262.XYZ	13262.002
13262.XYZ	13262.004
13268.XYZ	13268.002
13279.XYZ	13279.002
13290.XYZ	13290.002
13290.XYZ	13290.004
13305.XYZ	13305.002
13306.XYZ	13306.002
13306.XYZ	13306.004
13306.XYZ	13306.006
13306.XYZ	13306.008
13306.XYZ	13306.010
13307.XYZ	13307.002
13307.XYZ	13307.004
13307.XYZ	13307.006
13307.XYZ	13307.008
13307.XYZ	13307.010
13307.XYZ	13307.012
13327.XYZ	13327.002
13327.XYZ	13327.004
13327.XYZ	13327.006
13327.XYZ	13327.008
13327.XYZ	13327.010
13327.XYZ	13327.012
13327.XYZ	13327.014
13327.XYZ	13327.016
13327.XYZ	13327.018
13327.XYZ	13327.020
13327.XYZ	13327.022
13327.XYZ	13327.024
13327.XYZ	13327.026
13349.XYZ	13349.002
13350.XYZ	13350.002
13350.XYZ	13350.004
13350.XYZ	13350.006
13350.XYZ	13350.008
13350.XYZ	13350.010
13350.XYZ	13350.012
13350.XYZ	13350.014
13350.XYZ	13350.016
13350.XYZ	13350.018
13350.XYZ	13350.020
13350.XYZ	13350.022
13350.XYZ	13350.024
13350.XYZ	13350.026
13350.XYZ	13350.028
13350.XYZ	13350.030
13350.XYZ	13350.032
13350.XYZ	13350.034
13350.XYZ	13350.036
13350.XYZ	13350.038
13350.XYZ	13350.040
13350.XYZ	13350.042
13350.XYZ	13350.044
13350.XYZ	13350.046
13350.XYZ	13350.048
13350.XYZ	13350.050
13350.XYZ	13350.052
13351.XYZ	13351.002
13352.XYZ	13352.002
13352.XYZ	13352.004
13353.XYZ	13353.002
13354.XYZ	13354.002
13354.XYZ	13354.004
13354.XYZ	13354.006
13354.XYZ	13354.008
13354.XYZ	13354.010
13354.XYZ	13354.012
13354.XYZ	13354.014
13354.XYZ	13354.016
13354.XYZ	13354.018
13354.XYZ	13354.020
13354.XYZ	13354.022
13354.XYZ	13354.024
13354.XYZ	13354.026
13354.XYZ	13354.028
13357.XYZ	13357.002
13371.XYZ	13371.002
13374.XYZ	13374.002
13374.XYZ	13374.004
13374.XYZ	13374.006
13376.XYZ	13376.002
13381.XYZ	13381.002
13384.XYZ	13384.002
13397.XYZ	13397.002
13397.XYZ	13397.004
13400.XYZ	13400.002
13400.XYZ	13400.004
13403.XYZ	13403.002
13403.XYZ	13403.004
13404.XYZ	13404.002
13406.XYZ	13406.002
13419.XYZ	13419.002
13419.XYZ	13419.004
13422.XYZ	13422.002
13422.XYZ	13422.004
13422.XYZ	13422.006
13422.XYZ	13422.008
13428.XYZ	13428.002
13429.XYZ	13429.002
13451.XYZ	13451.002
13458.XYZ	13458.002
13459.XYZ	13459.002
13463.XYZ	13463.002
13473.XYZ	13473.002
13485.XYZ	13485.002
13485.XYZ	13485.004
13485.XYZ	13485.006
13495.XYZ	13495.002
13495.XYZ	13495.004
13516.XYZ	13516.002
13516.XYZ	13516.004
13524.XYZ	13524.002
13524.XYZ	13524.004
13526.XYZ	13526.002
13541.XYZ	13541.002
13547.XYZ	13547.002
13547.XYZ	13547.004
13548.XYZ	13548.002
13549.XYZ	13549.002
13552.XYZ	13552.002
13552.XYZ	13552.004
13552.XYZ	13552.006
13558.XYZ	13558.002
13562.XYZ	13562.002
13566.XYZ	13566.002
13566.XYZ	13566.004
13569.XYZ	13569.002
13569.XYZ	13569.004
13585.XYZ	13585.002
13587.XYZ	13587.002
13589.XYZ	13589.002
13589.XYZ	13589.004
13593.XYZ	13593.002
13593.XYZ	13593.004
13597.XYZ	13597.002
13597.XYZ	13597.004
13597.XYZ	13597.006
13597.XYZ	13597.008
13610.XYZ	13610.002
13613.XYZ	13613.002
13618.XYZ	13618.002
13621.XYZ	13621.002
13621.XYZ	13621.004
13636.XYZ	13636.002
13640.XYZ	13640.002
13640.XYZ	13640.004
13640.XYZ	13640.006
13640.XYZ	13640.008
13640.XYZ	13640.010
13640.XYZ	13640.012
13640.XYZ	13640.014
13641.XYZ	13641.002
13641.XYZ	13641.004
13641.XYZ	13641.006
13642.XYZ	13642.002
13643.XYZ	13643.002
13643.XYZ	13643.004
13646.XYZ	13646.002
13652.XYZ	13652.002
13666.XYZ	13666.002
13668.XYZ	13668.002
13689.XYZ	13689.002
13691.XYZ	13691.002
13697.XYZ	13697.002
13698.XYZ	13698.002
13698.XYZ	13698.004
13698.XYZ	13698.006
13698.XYZ	13698.008
13698.XYZ	13698.010
13698.XYZ	13698.012
13698.XYZ	13698.014
13699.XYZ	13699.002
13705.XYZ	13705.002
13709.XYZ	13709.002
13709.XYZ	13709.004
13709.XYZ	13709.006
13709.XYZ	13709.008
13709.XYZ	13709.010
13709.XYZ	13709.012
13709.XYZ	13709.014
13709.XYZ	13709.016
13709.XYZ	13709.018
13709.XYZ	13709.020
13709.XYZ	13709.022
13709.XYZ	13709.024
13709.XYZ	13709.026
13714.XYZ	13714.002
13714.XYZ	13714.004
13716.XYZ	13716.002
13716.XYZ	13716.004
13725.XYZ	13725.002
13725.XYZ	13725.004
13726.XYZ	13726.002
13730.XYZ	13730.002
13730.XYZ	13730.004
13747.XYZ	13747.002
13754.XYZ	13754.002
13766.XYZ	13766.002
13766.XYZ	13766.004
13766.XYZ	13766.006
13770.XYZ	13770.002
13774.XYZ	13774.002
13779.XYZ	13779.002
13793.XYZ	13793.002
13796.XYZ	13796.002
13804.XYZ	13804.002
13804.XYZ	13804.004
13804.XYZ	13804.006
13815.XYZ	13815.002
13815.XYZ	13815.004
13825.XYZ	13825.002
13825.XYZ	13825.004
13827.XYZ	13827.002
13827.XYZ	13827.004
13827.XYZ	13827.006
13827.XYZ	13827.008
13827.XYZ	13827.010
13827.XYZ	13827.012
13827.XYZ	13827.014
13827.XYZ	13827.016
13827.XYZ	13827.018
13827.XYZ	13827.020
13827.XYZ	13827.022
13833.XYZ	13833.002
13835.XYZ	13835.002
13835.XYZ	13835.004
13840.XYZ	13840.002
13840.XYZ	13840.004
13840.XYZ	13840.006
13840.XYZ	13840.008
13840.XYZ	13840.010
13840.XYZ	13840.012
13848.XYZ	13848.002
13848.XYZ	13848.004
13848.XYZ	13848.006
13848.XYZ	13848.008
13858.XYZ	13858.002
13861.XYZ	13861.002
13861.XYZ	13861.004
13861.XYZ	13861.006
13861.XYZ	13861.008
13861.XYZ	13861.010
13861.XYZ	13861.012
13867.XYZ	13867.002
13867.XYZ	13867.004
13872.XYZ	13872.002
13872.XYZ	13872.004
13876.XYZ	13876.002
13876.XYZ	13876.004
13876.XYZ	13876.006
13876.XYZ	13876.008
13876.XYZ	13876.010
13876.XYZ	13876.012
13877.XYZ	13877.002
13886.XYZ	13886.002
13886.XYZ	13886.004
13886.XYZ	13886.006
13886.XYZ	13886.008
13886.XYZ	13886.010
13886.XYZ	13886.012
13886.XYZ	13886.014
13886.XYZ	13886.016
13886.XYZ	13886.018
13886.XYZ	13886.020
13886.XYZ	13886.022
13886.XYZ	13886.024
13886.XYZ	13886.026
13886.XYZ	13886.028
13886.XYZ	13886.030
13886.XYZ	13886.032
13886.XYZ	13886.034
13886.XYZ	13886.036
13886.XYZ	13886.038
13886.XYZ	13886.040
13893.XYZ	13893.002
13894.XYZ	13894.002
13894.XYZ	13894.004
13894.XYZ	13894.006
13894.XYZ	13894.008
13894.XYZ	13894.010
13894.XYZ	13894.012
13894.XYZ	13894.014
13894.XYZ	13894.016
13894.XYZ	13894.018
13894.XYZ	13894.020
13894.XYZ	13894.022
13894.XYZ	13894.024
13894.XYZ	13894.026
13894.XYZ	13894.028
13894.XYZ	13894.030
13894.XYZ	13894.032
13894.XYZ	13894.034
13894.XYZ	13894.036
13894.XYZ	13894.038
13894.XYZ	13894.040
13894.XYZ	13894.042
13894.XYZ	13894.044
13894.XYZ	13894.046
13894.XYZ	13894.048
13894.XYZ	13894.050
13894.XYZ	13894.052
13894.XYZ	13894.054
13895.XYZ	13895.002
13902.XYZ	13902.002
13902.XYZ	13902.004
13902.XYZ	13902.006
13902.XYZ	13902.008
13904.XYZ	13904.002
13904.XYZ	13904.004
13904.XYZ	13904.006
13906.XYZ	13906.002
13908.XYZ	13908.002
13908.XYZ	13908.004
13908.XYZ	13908.006
13910.XYZ	13910.002
13916.XYZ	13916.002
13918.XYZ	13918.002
13918.XYZ	13918.004
13918.XYZ	13918.006
13921.XYZ	13921.002
13924.XYZ	13924.002
13924.XYZ	13924.004
13930.XYZ	13930.002
13930.XYZ	13930.004
13930.XYZ	13930.006
13940.XYZ	13940.002
13940.XYZ	13940.004
13940.XYZ	13940.006
13940.XYZ	13940.008
13940.XYZ	13940.010
13948.XYZ	13948.002
13949.XYZ	13949.002
13949.XYZ	13949.004
13949.XYZ	13949.006
13950.XYZ	13950.002
13953.XYZ	13953.002
13953.XYZ	13953.004
13953.XYZ	13953.006
13964.XYZ	13964.002
13964.XYZ	13964.004
13964.XYZ	13964.006
13964.XYZ	13964.008
13964.XYZ	13964.010
13964.XYZ	13964.012
13964.XYZ	13964.014
13964.XYZ	13964.016
13964.XYZ	13964.018
13965.XYZ	13965.002
13967.XYZ	13967.002
13967.XYZ	13967.004
13973.XYZ	13973.002
13973.XYZ	13973.004
13973.XYZ	13973.006
13976.XYZ	13976.002
13976.XYZ	13976.004
13976.XYZ	13976.006
13976.XYZ	13976.008
13976.XYZ	13976.010
13980.XYZ	13980.002
13982.XYZ	13982.002
13982.XYZ	13982.004
13982.XYZ	13982.006
13986.XYZ	13986.002
13988.XYZ	13988.002
13991.XYZ	13991.002
13995.XYZ	13995.002
13995.XYZ	13995.004
13995.XYZ	13995.006
13995.XYZ	13995.008
13995.XYZ	13995.010
13999.XYZ	13999.002
13999.XYZ	13999.004
13999.XYZ	13999.006
13999.XYZ	13999.008
13999.XYZ	13999.010
13999.XYZ	13999.012
13999.XYZ	13999.014
13999.XYZ	13999.016
14002.XYZ	14002.002
14003.XYZ	14003.002
14003.XYZ	14003.004
14003.XYZ	14003.006
14003.XYZ	14003.008
14003.XYZ	14003.010
14003.XYZ	14003.012
14007.XYZ	14007.002
14007.XYZ	14007.004
14007.XYZ	14007.006
14008.XYZ	14008.002
14009.XYZ	14009.002
14029.XYZ	14029.002
14032.XYZ	14032.002
14046.XYZ	14046.002
14055.XYZ	14055.002
14064.XYZ	14064.002
14064.XYZ	14064.004
14072.XYZ	14072.002
14072.XYZ	14072.004
14096.XYZ	14096.002
14100.XYZ	14100.002
14104.XYZ	14104.002
14109.XYZ	14109.002
14109.XYZ	14109.004
14114.XYZ	14114.002
14134.XYZ	14134.002
14144.XYZ	14144.002
14151.XYZ	14151.002
14152.XYZ	14152.002
14155.XYZ	14155.002
14161.XYZ	14161.002
14163.XYZ	14163.002
14163.XYZ	14163.004
14163.XYZ	14163.006
14164.XYZ	14164.002
14164.XYZ	14164.004
14177.XYZ	14177.002
14177.XYZ	14177.004
14177.XYZ	14177.006
14177.XYZ	14177.008
14178.XYZ	14178.002
14178.XYZ	14178.004
14189.XYZ	14189.002
14189.XYZ	14189.004
14190.XYZ	14190.002
14193.XYZ	14193.002
14194.XYZ	14194.002
14197.XYZ	14197.002
14197.XYZ	14197.004
14197.XYZ	14197.006
14197.XYZ	14197.008
14201.XYZ	14201.002
14209.XYZ	14209.002
14210.XYZ	14210.002
14215.XYZ	14215.002
14224.XYZ	14224.002
14224.XYZ	14224.004
14224.XYZ	14224.006
14224.XYZ	14224.008
14226.XYZ	14226.002
14226.XYZ	14226.004
14226.XYZ	14226.006
14228.XYZ	14228.002
14228.XYZ	14228.004
14230.XYZ	14230.002
14240.XYZ	14240.002
14241.XYZ	14241.002
14241.XYZ	14241.004
14247.XYZ	14247.002
14247.XYZ	14247.004
14250.XYZ	14250.002
14257.XYZ	14257.002
14261.XYZ	14261.002
14261.XYZ	14261.004
14261.XYZ	14261.006
14261.XYZ	14261.008
14261.XYZ	14261.010
14290.XYZ	14290.002
14304.XYZ	14304.002
14304.XYZ	14304.004
14304.XYZ	14304.006
14304.XYZ	14304.008
14306.XYZ	14306.002
14306.XYZ	14306.004
14310.XYZ	14310.002
14311.XYZ	14311.002
14311.XYZ	14311.004
14316.XYZ	14316.002
14316.XYZ	14316.004
14316.XYZ	14316.006
14316.XYZ	14316.008
14318.XYZ	14318.002
14318.XYZ	14318.004
14318.XYZ	14318.006
14318.XYZ	14318.008
14318.XYZ	14318.010
14318.XYZ	14318.012
14318.XYZ	14318.014
14318.XYZ	14318.016
14318.XYZ	14318.018
14318.XYZ	14318.020
14318.XYZ	14318.022
14318.XYZ	14318.024
14318.XYZ	14318.026
14318.XYZ	14318.028
14318.XYZ	14318.030
14318.XYZ	14318.032
14318.XYZ	14318.034
14318.XYZ	14318.036
14318.XYZ	14318.038
14318.XYZ	14318.040
14318.XYZ	14318.042
14318.XYZ	14318.044
14318.XYZ	14318.046
14318.XYZ	14318.048
14318.XYZ	14318.050
14318.XYZ	14318.052
14318.XYZ	14318.054
14318.XYZ	14318.056
14318.XYZ	14318.058
14322.XYZ	14322.002
14322.XYZ	14322.004
14322.XYZ	14322.006
14322.XYZ	14322.008
14327.XYZ	14327.002
14332.XYZ	14332.002
14344.XYZ	14344.002
14349.XYZ	14349.002
14352.XYZ	14352.002
14354.XYZ	14354.002
14359.XYZ	14359.002
14363.XYZ	14363.002
14368.XYZ	14368.002
14368.XYZ	14368.004
14368.XYZ	14368.006
14368.XYZ	14368.008
14368.XYZ	14368.010
14368.XYZ	14368.012
14373.XYZ	14373.002
14375.XYZ	14375.002
14379.XYZ	14379.002
14381.XYZ	14381.002
14381.XYZ	14381.004
14381.XYZ	14381.006
14381.XYZ	14381.008
14383.XYZ	14383.002
14383.XYZ	14383.004
14383.XYZ	14383.006
14386.XYZ	14386.002
14386.XYZ	14386.004
14386.XYZ	14386.006
14386.XYZ	14386.008
14386.XYZ	14386.010
14399.XYZ	14399.002
14399.XYZ	14399.004
14407.XYZ	14407.002
14407.XYZ	14407.004
14407.XYZ	14407.006
14407.XYZ	14407.008
14407.XYZ	14407.010
14407.XYZ	14407.012
14407.XYZ	14407.014
14407.XYZ	14407.016
14407.XYZ	14407.018
14407.XYZ	14407.020
14407.XYZ	14407.022
14411.XYZ	14411.002
14411.XYZ	14411.004
14411.XYZ	14411.006
14411.XYZ	14411.008
14411.XYZ	14411.010
14411.XYZ	14411.012
14423.XYZ	14423.002
14423.XYZ	14423.004
14423.XYZ	14423.006
14423.XYZ	14423.008
14423.XYZ	14423.010
14423.XYZ	14423.012
14441.XYZ	14441.002
14441.XYZ	14441.004
14441.XYZ	14441.006
14445.XYZ	14445.002
14445.XYZ	14445.004
14445.XYZ	14445.006
14445.XYZ	14445.008
14445.XYZ	14445.010
14456.XYZ	14456.002
14467.XYZ	14467.002
14467.XYZ	14467.004
14467.XYZ	14467.006
14475.XYZ	14475.002
14475.XYZ	14475.004
14475.XYZ	14475.006
14475.XYZ	14475.008
14475.XYZ	14475.010
14475.XYZ	14475.012
14477.XYZ	14477.002
14477.XYZ	14477.004
14477.XYZ	14477.006
14477.XYZ	14477.008
14477.XYZ	14477.010
14477.XYZ	14477.012
14480.XYZ	14480.002
14480.XYZ	14480.004
14480.XYZ	14480.006
14483.XYZ	14483.002
14499.XYZ	14499.002
14503.XYZ	14503.002
14503.XYZ	14503.004
14503.XYZ	14503.006
14503.XYZ	14503.008
14505.XYZ	14505.002
14507.XYZ	14507.002
14507.XYZ	14507.004
14507.XYZ	14507.006
14507.XYZ	14507.008
14527.XYZ	14527.002
14527.XYZ	14527.004
14527.XYZ	14527.006
14529.XYZ	14529.002
14529.XYZ	14529.004
14531.XYZ	14531.002
14531.XYZ	14531.004
14531.XYZ	14531.006
14538.XYZ	14538.002
14541.XYZ	14541.002
14553.XYZ	14553.002
14553.XYZ	14553.004
14553.XYZ	14553.006
14553.XYZ	14553.008
14553.XYZ	14553.010
14560.XYZ	14560.002
14560.XYZ	14560.004
14560.XYZ	14560.006
14560.XYZ	14560.008
14574.XYZ	14574.002
14574.XYZ	14574.004
14578.XYZ	14578.002
14609.XYZ	14609.002
14609.XYZ	14609.004
14609.XYZ	14609.006
14609.XYZ	14609.008
14609.XYZ	14609.010
14611.XYZ	14611.002
14628.XYZ	14628.002
14628.XYZ	14628.004
14628.XYZ	14628.006
14628.XYZ	14628.008
14628.XYZ	14628.010
14628.XYZ	14628.012
14628.XYZ	14628.014
14628.XYZ	14628.016
14628.XYZ	14628.018
14628.XYZ	14628.020
14628.XYZ	14628.022
14628.XYZ	14628.024
14628.XYZ	14628.026
14628.XYZ	14628.028
14628.XYZ	14628.030
14635.XYZ	14635.002
14635.XYZ	14635.004
14635.XYZ	14635.006
14635.XYZ	14635.008
14640.XYZ	14640.002
14643.XYZ	14643.002
14649.XYZ	14649.002
14649.XYZ	14649.004
14651.XYZ	14651.002
14652.XYZ	14652.002
14652.XYZ	14652.004
14652.XYZ	14652.006
14652.XYZ	14652.008
14652.XYZ	14652.010
14652.XYZ	14652.012
14652.XYZ	14652.014
14652.XYZ	14652.016
14656.XYZ	14656.002
14656.XYZ	14656.004
14656.XYZ	14656.006
14656.XYZ	14656.008
14656.XYZ	14656.010
14656.XYZ	14656.012
14656.XYZ	14656.014
14656.XYZ	14656.016
14656.XYZ	14656.018
14667.XYZ	14667.002
14667.XYZ	14667.004
14671.XYZ	14671.002
14671.XYZ	14671.004
14672.XYZ	14672.002
14674.XYZ	14674.002
14674.XYZ	14674.004
14674.XYZ	14674.006
14674.XYZ	14674.008
14674.XYZ	14674.010
14674.XYZ	14674.012
14678.XYZ	14678.002
14692.XYZ	14692.002
14698.XYZ	14698.002
14700.XYZ	14700.002
14700.XYZ	14700.004
14700.XYZ	14700.006
14700.XYZ	14700.008
14700.XYZ	14700.010
14700.XYZ	14700.012
14700.XYZ	14700.014
14700.XYZ	14700.016
14700.XYZ	14700.018
14700.XYZ	14700.020
14700.XYZ	14700.022
14707.XYZ	14707.002
14711.XYZ	14711.002
14711.XYZ	14711.004
14711.XYZ	14711.006
14711.XYZ	14711.008
14711.XYZ	14711.010
14711.XYZ	14711.012
14716.XYZ	14716.002
14719.XYZ	14719.002
14719.XYZ	14719.004
14731.XYZ	14731.002
14738.XYZ	14738.002
14742.XYZ	14742.002
14744.XYZ	14744.002
14744.XYZ	14744.004
14744.XYZ	14744.006
14744.XYZ	14744.008
14745.XYZ	14745.002
14752.XYZ	14752.002
14752.XYZ	14752.004
14752.XYZ	14752.006
14752.XYZ	14752.008
14752.XYZ	14752.010
14752.XYZ	14752.012
14753.XYZ	14753.002
14757.XYZ	14757.002
14757.XYZ	14757.004
14757.XYZ	14757.006
14757.XYZ	14757.008
14757.XYZ	14757.010
14757.XYZ	14757.012
14757.XYZ	14757.014
14757.XYZ	14757.016
14757.XYZ	14757.018
14757.XYZ	14757.020
14757.XYZ	14757.022
14757.XYZ	14757.024
14757.XYZ	14757.026
14757.XYZ	14757.028
14757.XYZ	14757.030
14757.XYZ	14757.032
14757.XYZ	14757.034
14760.XYZ	14760.002
14764.XYZ	14764.002
14767.XYZ	14767.002
14771.XYZ	14771.002
14771.XYZ	14771.004
14776.XYZ	14776.002
14779.XYZ	14779.002
14779.XYZ	14779.004
14790.XYZ	14790.002
14794.XYZ	14794.002
14794.XYZ	14794.004
14794.XYZ	14794.006
14795.XYZ	14795.002
14795.XYZ	14795.004
14806.XYZ	14806.002
14806.XYZ	14806.004
14809.XYZ	14809.002
14814.XYZ	14814.002
14819.XYZ	14819.002
14819.XYZ	14819.004
14819.XYZ	14819.006
14819.XYZ	14819.008
14828.XYZ	14828.002
14831.XYZ	14831.002
14831.XYZ	14831.004
14833.XYZ	14833.002
14839.XYZ	14839.002
14839.XYZ	14839.004
14839.XYZ	14839.006
14839.XYZ	14839.008
14840.XYZ	14840.002
14843.XYZ	14843.002
14843.XYZ	14843.004
14851.XYZ	14851.002
14851.XYZ	14851.004
14851.XYZ	14851.006
14851.XYZ	14851.008
14851.XYZ	14851.010
14854.XYZ	14854.002
14859.XYZ	14859.002
14859.XYZ	14859.004
14859.XYZ	14859.006
14860.XYZ	14860.002
14860.XYZ	14860.004
14860.XYZ	14860.006
14860.XYZ	14860.008
14860.XYZ	14860.010
14860.XYZ	14860.012
14866.XYZ	14866.002
14871.XYZ	14871.002
14882.XYZ	14882.002
14882.XYZ	14882.004
14882.XYZ	14882.006
14882.XYZ	14882.008
14882.XYZ	14882.010
14882.XYZ	14882.012
14882.XYZ	14882.014
14882.XYZ	14882.016
14882.XYZ	14882.018
14882.XYZ	14882.020
14882.XYZ	14882.022
14891.XYZ	14891.002
14891.XYZ	14891.004
14891.XYZ	14891.006
14891.XYZ	14891.008
14891.XYZ	14891.010
14891.XYZ	14891.012
14891.XYZ	14891.014
14892.XYZ	14892.002
14906.XYZ	14906.002
14907.XYZ	14907.002
14907.XYZ	14907.004
14907.XYZ	14907.006
14907.XYZ	14907.008
14907.XYZ	14907.010
14907.XYZ	14907.012
14911.XYZ	14911.002
14915.XYZ	14915.002
14915.XYZ	14915.004
14920.XYZ	14920.002
14922.XYZ	14922.002
14923.XYZ	14923.002
14924.XYZ	14924.002
14924.XYZ	14924.004
14924.XYZ	14924.006
14931.XYZ	14931.002
14931.XYZ	14931.004
14938.XYZ	14938.002
14952.XYZ	14952.002
14953.XYZ	14953.002
14953.XYZ	14953.004
14953.XYZ	14953.006
14977.XYZ	14977.002
14977.XYZ	14977.004
14985.XYZ	14985.002
14985.XYZ	14985.004
14986.XYZ	14986.002
14986.XYZ	14986.004
14986.XYZ	14986.006
14986.XYZ	14986.008
14986.XYZ	14986.010
14986.XYZ	14986.012
14986.XYZ	14986.014
14986.XYZ	14986.016
14992.XYZ	14992.002
14992.XYZ	14992.004
14993.XYZ	14993.002
14994.XYZ	14994.002
14994.XYZ	14994.004
14994.XYZ	14994.006
14994.XYZ	14994.008
14994.XYZ	14994.010
14994.XYZ	14994.012
14994.XYZ	14994.014
14994.XYZ	14994.016
14999.XYZ	14999.002
15006.XYZ	15006.002
15008.XYZ	15008.002
15008.XYZ	15008.004
15014.XYZ	15014.002
15014.XYZ	15014.004
15014.XYZ	15014.006
15019.XYZ	15019.002
15019.XYZ	15019.004
15023.XYZ	15023.002
15023.XYZ	15023.004
15023.XYZ	15023.006
15023.XYZ	15023.008
15029.XYZ	15029.002
15030.XYZ	15030.002
15034.XYZ	15034.002
15034.XYZ	15034.004
15034.XYZ	15034.006
15041.XYZ	15041.002
15041.XYZ	15041.004
15041.XYZ	15041.006
15045.XYZ	15045.002
15045.XYZ	15045.004
15053.XYZ	15053.002
15056.XYZ	15056.002
15059.XYZ	15059.002
15063.XYZ	15063.002
15072.XYZ	15072.002
15083.XYZ	15083.002
15083.XYZ	15083.004
15101.XYZ	15101.002
15102.XYZ	15102.002
15109.XYZ	15109.002
15115.XYZ	15115.002
15119.XYZ	15119.002
15126.XYZ	15126.002
15126.XYZ	15126.004
15126.XYZ	15126.006
15129.XYZ	15129.002
15130.XYZ	15130.002
15130.XYZ	15130.004
15130.XYZ	15130.006
15130.XYZ	15130.008
15130.XYZ	15130.010
15130.XYZ	15130.012
15131.XYZ	15131.002
15131.XYZ	15131.004
15131.XYZ	15131.006
15131.XYZ	15131.008
15134.XYZ	15134.002
15134.XYZ	15134.004
15134.XYZ	15134.006
15134.XYZ	15134.008
15134.XYZ	15134.010
15134.XYZ	15134.012
15135.XYZ	15135.002
15136.XYZ	15136.002
15145.XYZ	15145.002
15145.XYZ	15145.004
15152.XYZ	15152.002
15157.XYZ	15157.002
15173.XYZ	15173.002
15178.XYZ	15178.002
15198.XYZ	15198.002
15215.XYZ	15215.002
15215.XYZ	15215.004
15215.XYZ	15215.006
15215.XYZ	15215.008
15215.XYZ	15215.010
15215.XYZ	15215.012
15222.XYZ	15222.002
15222.XYZ	15222.004
15222.XYZ	15222.006
15222.XYZ	15222.008
15223.XYZ	15223.002
15225.XYZ	15225.002
15235.XYZ	15235.002
15245.XYZ	15245.002
15245.XYZ	15245.004
15245.XYZ	15245.006
15245.XYZ	15245.008
15245.XYZ	15245.010
15245.XYZ	15245.012
15255.XYZ	15255.002
15255.XYZ	15255.004
15255.XYZ	15255.006
15255.XYZ	15255.008
15255.XYZ	15255.010
15260.XYZ	15260.002
15265.XYZ	15265.002
15268.XYZ	15268.002
15268.XYZ	15268.004
15268.XYZ	15268.006
15268.XYZ	15268.008
15269.XYZ	15269.002
15274.XYZ	15274.002
15278.XYZ	15278.002
15279.XYZ	15279.002
15280.XYZ	15280.002
15281.XYZ	15281.002
15300.XYZ	15300.002
15300.XYZ	15300.004
15300.XYZ	15300.006
15300.XYZ	15300.008
15300.XYZ	15300.010
15302.XYZ	15302.002
15312.XYZ	15312.002
15313.XYZ	15313.002
15314.XYZ	15314.002
15314.XYZ	15314.004
15322.XYZ	15322.002
15322.XYZ	15322.004
15322.XYZ	15322.006
15322.XYZ	15322.008
15322.XYZ	15322.010
15322.XYZ	15322.012
15327.XYZ	15327.002
15327.XYZ	15327.004
15327.XYZ	15327.006
15327.XYZ	15327.008
15327.XYZ	15327.010
15327.XYZ	15327.012
15329.XYZ	15329.002
15332.XYZ	15332.002
15338.XYZ	15338.002
15338.XYZ	15338.004
15338.XYZ	15338.006
15338.XYZ	15338.008
15339.XYZ	15339.002
15339.XYZ	15339.004
15344.XYZ	15344.002
15347.XYZ	15347.002
15349.XYZ	15349.002
15353.XYZ	15353.002
15356.XYZ	15356.002
15356.XYZ	15356.004
15369.XYZ	15369.002
15373.XYZ	15373.002
15377.XYZ	15377.002
15377.XYZ	15377.004
15377.XYZ	15377.006
15377.XYZ	15377.008
15377.XYZ	15377.010
15380.XYZ	15380.002
15381.XYZ	15381.002
15392.XYZ	15392.002
15392.XYZ	15392.004
15392.XYZ	15392.006
15392.XYZ	15392.008
15392.XYZ	15392.010
15392.XYZ	15392.012
15392.XYZ	15392.014
15392.XYZ	15392.016
15392.XYZ	15392.018
15394.XYZ	15394.002
15396.XYZ	15396.002
15411.XYZ	15411.002
15411.XYZ	15411.004
15412.XYZ	15412.002
15415.XYZ	15415.002
15415.XYZ	15415.004
15415.XYZ	15415.006
15415.XYZ	15415.008
15416.XYZ	15416.002
15417.XYZ	15417.002
15417.XYZ	15417.004
15417.XYZ	15417.006
15417.XYZ	15417.008
15417.XYZ	15417.010
15417.XYZ	15417.012
15417.XYZ	15417.014
15417.XYZ	15417.016
15417.XYZ	15417.018
15417.XYZ	15417.020
15417.XYZ	15417.022
15422.XYZ	15422.002
15426.XYZ	15426.002
15435.XYZ	15435.002
15435.XYZ	15435.004
15438.XYZ	15438.002
15446.XYZ	15446.002
15446.XYZ	15446.004
15447.XYZ	15447.002
15447.XYZ	15447.004
15447.XYZ	15447.006
15467.XYZ	15467.002
15474.XYZ	15474.002
15476.XYZ	15476.002
15491.XYZ	15491.002
15495.XYZ	15495.002
15495.XYZ	15495.004
15495.XYZ	15495.006
15495.XYZ	15495.008
15496.XYZ	15496.002
15496.XYZ	15496.004
15496.XYZ	15496.006
15498.XYZ	15498.002
15498.XYZ	15498.004
15498.XYZ	15498.006
15498.XYZ	15498.008
15498.XYZ	15498.010
15498.XYZ	15498.012
15498.XYZ	15498.014
15498.XYZ	15498.016
15499.XYZ	15499.002
15499.XYZ	15499.004
15499.XYZ	15499.006
15499.XYZ	15499.008
15503.XYZ	15503.002
15503.XYZ	15503.004
15503.XYZ	15503.006
15503.XYZ	15503.008
15509.XYZ	15509.002
15511.XYZ	15511.002
15511.XYZ	15511.004
15516.XYZ	15516.002
15522.XYZ	15522.002
15522.XYZ	15522.004
15530.XYZ	15530.002
15536.XYZ	15536.002
15538.XYZ	15538.002
15538.XYZ	15538.004
15538.XYZ	15538.006
15538.XYZ	15538.008
15538.XYZ	15538.010
15539.XYZ	15539.002
15539.XYZ	15539.004
15539.XYZ	15539.006
15539.XYZ	15539.008
15542.XYZ	15542.002
15543.XYZ	15543.002
15543.XYZ	15543.004
15543.XYZ	15543.006
15547.XYZ	15547.002
15547.XYZ	15547.004
15551.XYZ	15551.002
15551.XYZ	15551.004
15551.XYZ	15551.006
15561.XYZ	15561.002
15561.XYZ	15561.004
15563.XYZ	15563.002
15568.XYZ	15568.002
15582.XYZ	15582.002
15582.XYZ	15582.004
15582.XYZ	15582.006
15586.XYZ	15586.002
15586.XYZ	15586.004
15594.XYZ	15594.002
15607.XYZ	15607.002
15609.XYZ	15609.002
15609.XYZ	15609.004
15609.XYZ	15609.006
15610.XYZ	15610.002
15610.XYZ	15610.004
15626.XYZ	15626.002
15666.XYZ	15666.002
15672.XYZ	15672.002
15672.XYZ	15672.004
15692.XYZ	15692.002
15695.XYZ	15695.002
15706.XYZ	15706.002
15706.XYZ	15706.004
15706.XYZ	15706.006
15706.XYZ	15706.008
15706.XYZ	15706.010
15708.XYZ	15708.002
15708.XYZ	15708.004
15708.XYZ	15708.006
15721.XYZ	15721.002
15721.XYZ	15721.004
15723.XYZ	15723.002
15727.XYZ	15727.002
15727.XYZ	15727.004
15727.XYZ	15727.006
15735.XYZ	15735.002
15735.XYZ	15735.004
15735.XYZ	15735.006
15762.XYZ	15762.002
15769.XYZ	15769.002
15769.XYZ	15769.004
15769.XYZ	15769.006
15774.XYZ	15774.002
15774.XYZ	15774.004
15774.XYZ	15774.006
15774.XYZ	15774.008
15774.XYZ	15774.010
15774.XYZ	15774.012
15779.XYZ	15779.002
15779.XYZ	15779.004
15779.XYZ	15779.006
15779.XYZ	15779.008
15779.XYZ	15779.010
15779.XYZ	15779.012
15779.XYZ	15779.014
15779.XYZ	15779.016
15779.XYZ	15779.018
15779.XYZ	15779.020
15779.XYZ	15779.022
15779.XYZ	15779.024
15779.XYZ	15779.026
15779.XYZ	15779.028
15781.XYZ	15781.002
15782.XYZ	15782.002
15784.XYZ	15784.002
15787.XYZ	15787.002
15789.XYZ	15789.002
15789.XYZ	15789.004
15789.XYZ	15789.006
15795.XYZ	15795.002
15808.XYZ	15808.002
15808.XYZ	15808.004
15809.XYZ	15809.002
15822.XYZ	15822.002
15822.XYZ	15822.004
15822.XYZ	15822.006
15829.XYZ	15829.002
15829.XYZ	15829.004
15836.XYZ	15836.002
15836.XYZ	15836.004
15841.XYZ	15841.002
15844.XYZ	15844.002
15859.XYZ	15859.002
15881.XYZ	15881.002
15881.XYZ	15881.004
15883.XYZ	15883.002
15883.XYZ	15883.004
15883.XYZ	15883.006
15883.XYZ	15883.008
15888.XYZ	15888.002
15892.XYZ	15892.002
15902.XYZ	15902.002
15902.XYZ	15902.004
15902.XYZ	15902.006
15902.XYZ	15902.008
15902.XYZ	15902.010
15902.XYZ	15902.012
15902.XYZ	15902.014
15918.XYZ	15918.002
15922.XYZ	15922.002
15927.XYZ	15927.002
15930.XYZ	15930.002
15930.XYZ	15930.004
15930.XYZ	15930.006
15930.XYZ	15930.008
15930.XYZ	15930.010
15930.XYZ	15930.012
15933.XYZ	15933.002
15934.XYZ	15934.002
15935.XYZ	15935.002
15936.XYZ	15936.002
15944.XYZ	15944.002
15962.XYZ	15962.002
15966.XYZ	15966.002
15966.XYZ	15966.004
15966.XYZ	15966.006
15980.XYZ	15980.002
15986.XYZ	15986.002
15987.XYZ	15987.002
15989.XYZ	15989.002
15992.XYZ	15992.002
15992.XYZ	15992.004
15992.XYZ	15992.006
15992.XYZ	15992.008
15993.XYZ	15993.002
15993.XYZ	15993.004
15994.XYZ	15994.002
15994.XYZ	15994.004
15994.XYZ	15994.006
15994.XYZ	15994.008
15994.XYZ	15994.010
15994.XYZ	15994.012
15995.XYZ	15995.002
15998.XYZ	15998.002
16002.XYZ	16002.002
16002.XYZ	16002.004
16003.XYZ	16003.002
16009.XYZ	16009.002
16009.XYZ	16009.004
16009.XYZ	16009.006
16011.XYZ	16011.002
16013.XYZ	16013.002
16023.XYZ	16023.002
16038.XYZ	16038.002
16038.XYZ	16038.004
16038.XYZ	16038.006
16040.XYZ	16040.002
16041.XYZ	16041.002
16041.XYZ	16041.004
16041.XYZ	16041.006
16046.XYZ	16046.002
16046.XYZ	16046.004
16046.XYZ	16046.006
16046.XYZ	16046.008
16055.XYZ	16055.002
16060.XYZ	16060.002
16063.XYZ	16063.002
16064.XYZ	16064.002
16067.XYZ	16067.002
16069.XYZ	16069.002
16069.XYZ	16069.004
16069.XYZ	16069.006
16069.XYZ	16069.008
16069.XYZ	16069.010
16069.XYZ	16069.012
16069.XYZ	16069.014
16069.XYZ	16069.016
16069.XYZ	16069.018
16069.XYZ	16069.020
16069.XYZ	16069.022
16069.XYZ	16069.024
16069.XYZ	16069.026
16069.XYZ	16069.028
16069.XYZ	16069.030
16069.XYZ	16069.032
16069.XYZ	16069.034
16069.XYZ	16069.036
16069.XYZ	16069.038
16069.XYZ	16069.040
16069.XYZ	16069.042
16069.XYZ	16069.044
16069.XYZ	16069.046
16069.XYZ	16069.048
16069.XYZ	16069.050
16070.XYZ	16070.002
16074.XYZ	16074.002
16074.XYZ	16074.004
16075.XYZ	16075.002
16075.XYZ	16075.004
16075.XYZ	16075.006
16075.XYZ	16075.008
16076.XYZ	16076.002
16081.XYZ	16081.002
16089.XYZ	16089.002
16089.XYZ	16089.004
16114.XYZ	16114.002
16114.XYZ	16114.004
16114.XYZ	16114.006
16114.XYZ	16114.008
16114.XYZ	16114.010
16114.XYZ	16114.012
16120.XYZ	16120.002
16121.XYZ	16121.002
16121.XYZ	16121.004
16121.XYZ	16121.006
16121.XYZ	16121.008
16123.XYZ	16123.002
16123.XYZ	16123.004
16123.XYZ	16123.006
16138.XYZ	16138.002
16142.XYZ	16142.002
16142.XYZ	16142.004
16146.XYZ	16146.002
16147.XYZ	16147.002
16147.XYZ	16147.004
16147.XYZ	16147.006
16147.XYZ	16147.008
16147.XYZ	16147.010
16147.XYZ	16147.012
16147.XYZ	16147.014
16147.XYZ	16147.016
16147.XYZ	16147.018
16147.XYZ	16147.020
16148.XYZ	16148.002
16148.XYZ	16148.004
16148.XYZ	16148.006
16148.XYZ	16148.008
16148.XYZ	16148.010
16148.XYZ	16148.012
16159.XYZ	16159.002
16159.XYZ	16159.004
16180.XYZ	16180.002
16186.XYZ	16186.002
16189.XYZ	16189.002
16189.XYZ	16189.004
16189.XYZ	16189.006
16189.XYZ	16189.008
16189.XYZ	16189.010
16189.XYZ	16189.012
16189.XYZ	16189.014
16189.XYZ	16189.016
16189.XYZ	16189.018
16189.XYZ	16189.020
16189.XYZ	16189.022
16189.XYZ	16189.024
16189.XYZ	16189.026
16189.XYZ	16189.028
16196.XYZ	16196.002
16196.XYZ	16196.004
16196.XYZ	16196.006
16196.XYZ	16196.008
16196.XYZ	16196.010
16196.XYZ	16196.012
16221.XYZ	16221.002
16221.XYZ	16221.004
16221.XYZ	16221.006
16221.XYZ	16221.008
16225.XYZ	16225.002
16248.XYZ	16248.002
16249.XYZ	16249.002
16280.XYZ	16280.002
16286.XYZ	16286.002
16291.XYZ	16291.002
16294.XYZ	16294.002
16297.XYZ	16297.002
16297.XYZ	16297.004
16297.XYZ	16297.006
16297.XYZ	16297.008
16297.XYZ	16297.010
16297.XYZ	16297.012
16297.XYZ	16297.014
16297.XYZ	16297.016
16297.XYZ	16297.018
16297.XYZ	16297.020
16297.XYZ	16297.022
16297.XYZ	16297.024
16297.XYZ	16297.026
16297.XYZ	16297.028
16298.XYZ	16298.002
16309.XYZ	16309.002
16309.XYZ	16309.004
16309.XYZ	16309.006
16331.XYZ	16331.002
16332.XYZ	16332.002
16337.XYZ	16337.002
16339.XYZ	16339.002
16341.XYZ	16341.002
16341.XYZ	16341.004
16358.XYZ	16358.002
16363.XYZ	16363.002
16365.XYZ	16365.002
16365.XYZ	16365.004
16365.XYZ	16365.006
16367.XYZ	16367.002
16367.XYZ	16367.004
16367.XYZ	16367.006
16367.XYZ	16367.008
16367.XYZ	16367.010
16367.XYZ	16367.012
16367.XYZ	16367.014
16372.XYZ	16372.002
16372.XYZ	16372.004
16372.XYZ	16372.006
16372.XYZ	16372.008
16373.XYZ	16373.002
16375.XYZ	16375.002
16375.XYZ	16375.004
16375.XYZ	16375.006
16376.XYZ	16376.002
16376.XYZ	16376.004
16376.XYZ	16376.006
16376.XYZ	16376.008
16378.XYZ	16378.002
16391.XYZ	16391.002
16397.XYZ	16397.002
16402.XYZ	16402.002
16404.XYZ	16404.002
16406.XYZ	16406.002
16428.XYZ	16428.002
16447.XYZ	16447.002
16479.XYZ	16479.002
16481.XYZ	16481.002
16481.XYZ	16481.004
16483.XYZ	16483.002
16484.XYZ	16484.002
16484.XYZ	16484.004
16492.XYZ	16492.002
16492.XYZ	16492.004
16492.XYZ	16492.006
16492.XYZ	16492.008
16492.XYZ	16492.010
16492.XYZ	16492.012
16492.XYZ	16492.014
16503.XYZ	16503.002
16507.XYZ	16507.002
16508.XYZ	16508.002
16508.XYZ	16508.004
16508.XYZ	16508.006
16508.XYZ	16508.008
16518.XYZ	16518.002
16518.XYZ	16518.004
16518.XYZ	16518.006
16522.XYZ	16522.002
16522.XYZ	16522.004
16523.XYZ	16523.002
16523.XYZ	16523.004
16523.XYZ	16523.006
16523.XYZ	16523.008
16528.XYZ	16528.002
16531.XYZ	16531.002
16532.XYZ	16532.002
16532.XYZ	16532.004
16540.XYZ	16540.002
16540.XYZ	16540.004
16543.XYZ	16543.002
16550.XYZ	16550.002
16560.XYZ	16560.002
16564.XYZ	16564.002
16567.XYZ	16567.002
16570.XYZ	16570.002
16573.XYZ	16573.002
16573.XYZ	16573.004
16573.XYZ	16573.006
16573.XYZ	16573.008
16573.XYZ	16573.010
16573.XYZ	16573.012
16579.XYZ	16579.002
16589.XYZ	16589.002
16592.XYZ	16592.002
16592.XYZ	16592.004
16592.XYZ	16592.006
16592.XYZ	16592.008
16592.XYZ	16592.010
16592.XYZ	16592.012
16592.XYZ	16592.014
16592.XYZ	16592.016
16592.XYZ	16592.018
16600.XYZ	16600.002
16600.XYZ	16600.004
16600.XYZ	16600.006
16600.XYZ	16600.008
16600.XYZ	16600.010
16605.XYZ	16605.002
16605.XYZ	16605.004
16605.XYZ	16605.006
16605.XYZ	16605.008
16605.XYZ	16605.010
16605.XYZ	16605.012
16605.XYZ	16605.014
16605.XYZ	16605.016
16605.XYZ	16605.018
16605.XYZ	16605.020
16605.XYZ	16605.022
16605.XYZ	16605.024
16605.XYZ	16605.026
16605.XYZ	16605.028
16605.XYZ	16605.030
16605.XYZ	16605.032
16605.XYZ	16605.034
16605.XYZ	16605.036
16605.XYZ	16605.038
16605.XYZ	16605.040
16605.XYZ	16605.042
16605.XYZ	16605.044
16605.XYZ	16605.046
16605.XYZ	16605.048
16605.XYZ	16605.050
16605.XYZ	16605.052
16606.XYZ	16606.002
16610.XYZ	16610.002
16610.XYZ	16610.004
16611.XYZ	16611.002
16615.XYZ	16615.002
16615.XYZ	16615.004
16615.XYZ	16615.006
16625.XYZ	16625.002
16625.XYZ	16625.004
16625.XYZ	16625.006
16625.XYZ	16625.008
16625.XYZ	16625.010
16627.XYZ	16627.002
16629.XYZ	16629.002
16631.XYZ	16631.002
16635.XYZ	16635.002
16635.XYZ	16635.004
16639.XYZ	16639.002
16649.XYZ	16649.002
16649.XYZ	16649.004
16650.XYZ	16650.002
16651.XYZ	16651.002
16651.XYZ	16651.004
16651.XYZ	16651.006
16655.XYZ	16655.002
16668.XYZ	16668.002
16668.XYZ	16668.004
16668.XYZ	16668.006
16668.XYZ	16668.008
16672.XYZ	16672.002
16678.XYZ	16678.002
16678.XYZ	16678.004
16679.XYZ	16679.002
16683.XYZ	16683.002
16686.XYZ	16686.002
16686.XYZ	16686.004
16689.XYZ	16689.002
16696.XYZ	16696.002
16696.XYZ	16696.004
16699.XYZ	16699.002
16700.XYZ	16700.002
16700.XYZ	16700.004
16701.XYZ	16701.002
16701.XYZ	16701.004
16708.XYZ	16708.002
16708.XYZ	16708.004
16726.XYZ	16726.002
16726.XYZ	16726.004
16732.XYZ	16732.002
16751.XYZ	16751.002
16758.XYZ	16758.002
16764.XYZ	16764.002
16764.XYZ	16764.004
16765.XYZ	16765.002
16770.XYZ	16770.002
16770.XYZ	16770.004
16770.XYZ	16770.006
16770.XYZ	16770.008
16782.XYZ	16782.002
16801.XYZ	16801.002
16807.XYZ	16807.002
16807.XYZ	16807.004
16807.XYZ	16807.006
16812.XYZ	16812.002
16821.XYZ	16821.002
16822.XYZ	16822.002
16822.XYZ	16822.004
16822.XYZ	16822.006
16822.XYZ	16822.008
16822.XYZ	16822.010
16826.XYZ	16826.002
16826.XYZ	16826.004
16826.XYZ	16826.006
16826.XYZ	16826.008
16826.XYZ	16826.010
16842.XYZ	16842.002
16842.XYZ	16842.004
16849.XYZ	16849.002
16849.XYZ	16849.004
16849.XYZ	16849.006
16849.XYZ	16849.008
16849.XYZ	16849.010
16852.XYZ	16852.002
16853.XYZ	16853.002
16855.XYZ	16855.002
16855.XYZ	16855.004
16855.XYZ	16855.006
16855.XYZ	16855.008
16866.XYZ	16866.002
16866.XYZ	16866.004
16866.XYZ	16866.006
16866.XYZ	16866.008
16866.XYZ	16866.010
16866.XYZ	16866.012
16870.XYZ	16870.002
16875.XYZ	16875.002
16877.XYZ	16877.002
16888.XYZ	16888.002
16892.XYZ	16892.002
16895.XYZ	16895.002
16903.XYZ	16903.002
16906.XYZ	16906.002
16912.XYZ	16912.002
16917.XYZ	16917.002
16917.XYZ	16917.004
16917.XYZ	16917.006
16917.XYZ	16917.008
16917.XYZ	16917.010
16917.XYZ	16917.012
16917.XYZ	16917.014
16938.XYZ	16938.002
16947.XYZ	16947.002
16947.XYZ	16947.004
16967.XYZ	16967.002
16967.XYZ	16967.004
16967.XYZ	16967.006
16967.XYZ	16967.008
16967.XYZ	16967.010
16970.XYZ	16970.002
16970.XYZ	16970.004
16980.XYZ	16980.002
16980.XYZ	16980.004
16985.XYZ	16985.002
16988.XYZ	16988.002
16988.XYZ	16988.004
16988.XYZ	16988.006
16988.XYZ	16988.008
16988.XYZ	16988.010
16990.XYZ	16990.002
16990.XYZ	16990.004
16990.XYZ	16990.006
16991.XYZ	16991.002
17012.XYZ	17012.002
17012.XYZ	17012.004
17015.XYZ	17015.002
17019.XYZ	17019.002
17019.XYZ	17019.004
17019.XYZ	17019.006
17019.XYZ	17019.008
17019.XYZ	17019.010
17021.XYZ	17021.002
17021.XYZ	17021.004
17021.XYZ	17021.006
17052.XYZ	17052.002
17052.XYZ	17052.004
17052.XYZ	17052.006
17052.XYZ	17052.008
17052.XYZ	17052.010
17052.XYZ	17052.012
17052.XYZ	17052.014
17052.XYZ	17052.016
17052.XYZ	17052.018
17052.XYZ	17052.020
17052.XYZ	17052.022
17052.XYZ	17052.024
17052.XYZ	17052.026
17052.XYZ	17052.028
17052.XYZ	17052.030
17052.XYZ	17052.032
17052.XYZ	17052.034
17052.XYZ	17052.036
17052.XYZ	17052.038
17052.XYZ	17052.040
17052.XYZ	17052.042
17055.XYZ	17055.002
17055.XYZ	17055.004
17058.XYZ	17058.002
17062.XYZ	17062.002
17062.XYZ	17062.004
17068.XYZ	17068.002
17068.XYZ	17068.004
17068.XYZ	17068.006
17071.XYZ	17071.002
17071.XYZ	17071.004
17071.XYZ	17071.006
17073.XYZ	17073.002
17073.XYZ	17073.004
17073.XYZ	17073.006
17074.XYZ	17074.002
17083.XYZ	17083.002
17083.XYZ	17083.004
17083.XYZ	17083.006
17086.XYZ	17086.002
17093.XYZ	17093.002
17093.XYZ	17093.004
17093.XYZ	17093.006
17093.XYZ	17093.008
17093.XYZ	17093.010
17106.XYZ	17106.002
17108.XYZ	17108.002
17113.XYZ	17113.002
17113.XYZ	17113.004
17144.XYZ	17144.002
17159.XYZ	17159.002
17163.XYZ	17163.002
17182.XYZ	17182.002
17182.XYZ	17182.004
17182.XYZ	17182.006
17182.XYZ	17182.008
17185.XYZ	17185.002
17190.XYZ	17190.002
17190.XYZ	17190.004
17190.XYZ	17190.006
17190.XYZ	17190.008
17190.XYZ	17190.010
17190.XYZ	17190.012
17191.XYZ	17191.002
17191.XYZ	17191.004
17191.XYZ	17191.006
17191.XYZ	17191.008
17191.XYZ	17191.010
17191.XYZ	17191.012
17191.XYZ	17191.014
17191.XYZ	17191.016
17202.XYZ	17202.002
17213.XYZ	17213.002
17216.XYZ	17216.002
17217.XYZ	17217.002
17217.XYZ	17217.004
17218.XYZ	17218.002
17234.XYZ	17234.002
17234.XYZ	17234.004
17242.XYZ	17242.002
17260.XYZ	17260.002
17260.XYZ	17260.004
17260.XYZ	17260.006
17262.XYZ	17262.002
17262.XYZ	17262.004
17262.XYZ	17262.006
17278.XYZ	17278.002
17278.XYZ	17278.004
17291.XYZ	17291.002
17311.XYZ	17311.002
17313.XYZ	17313.002
