Lnum	basehw	compound	resolution	in_sanhw1
3	aMSa	An-	anaMSa	True
3	aMSa	Eka-	ekAMSa	True
3	aMSa	Caturtha-	caturTAMSa	True
3	aMSa	Tṛtīya-	tftIyAMSa	True
3	aMSa	Tri-	tryaMSa	True
3	aMSa	Dvi-	dvyaMSa	True
4	aMSu	Gharma-	GarmAMSu	True
4	aMSu	Tigma-	tigmAMSu	True
4	aMSu	Tīkṣṇa-	tIkzRAMSu	True
4	aMSu	Daśana-	daSanAMSu	True
4	aMSu	Divya-	divyAMSu	True
4	aMSu	Dīpta-	dIptAMSu	True
4	aMSu	Prāleya-	prAleyAMSu	True
4	aMSu	Sahasra-	sahasrAMSu	True
4	aMSu	Sudhā-	suDAMSu	True
4	aMSu	Haṃsa-	haMsAMSu	True
4	aMSu	Hima-	himAMSu	True
5	aMSuka	Cīna-	cInAMSuka	True
5	aMSuka	Tanu-	tanvaMSuka	False
5	aMSuka	Patākā-	patAkAMSuka	True
5	aMSuka	Sita-	sitAMSuka	True
5	aMSuka	Stana-	stanAMSuka	True
22	akfta	Kṛta-	kftAkfta	True
26	akza	Kamala-patra-	kamala-patrAkza	False
26	akza	Kūṭa-	kUwAkza	True
26	akza	Jāla-	jAlAkza	True
26	akza	Tāmra-	tAmrAkza	True
26	akza	Tāraka-	tArakAkza	True
26	akza	Tryakṣa	tryakza	True
26	akza	Daśākṣa	daSAkza	True
26	akza	Padma-	padmAkza	True
26	akza	Puṇḍarīka-	puRqarIkAkza	True
26	akza	Puṣkara-	puzkarAkza	True
26	akza	Manda-	mandAkza	True
26	akza	Lohita-	lohitAkza	True
26	akza	Sahasra-	sahasrAkza	True
26	akza	Su-	svakza	True
27	akza	Eka-	ekAkza	True
28	akzan	Tryakṣan	tryakzan	True
30	akzara	An-	anakzara	True
30	akzara	Eka-	ekAkzara	True
30	akzara	Ghuṇa-	GuRAkzara	True
30	akzara	Catur-	caturakzara	True
30	akzara	Tryakṣara	tryakzara	True
30	akzara	Ṣaḍakṣara	zaqakzara	True
32	akzi	Agra-	agrAkzi	True
41	agAra	Agnyagāra	agnyagAra	True
42	aguru	Kāla-	kAlAguru	True
43	agni	An-	anagni	True
43	agni	Ākita-	AkitAgni	False
43	agni	An-āhita-	an-AhitAgni	False
43	agni	Kaṭa-	kawAgni	True
43	agni	Kopa-	kopAgni	False
43	agni	Jñāna-	jYAnAgni	True
43	agni	Tṛṇa-	tfRAgni	True
43	agni	Dakṣiṇa-	dakziRAgni	True
43	agni	Dā̆va-	dĂvAgni	False
43	agni	Pañcāgni	paYcAgni	True
43	agni	Rājāgni	rAjAgni	False
43	agni	Viṣa-	vizAgni	True
43	agni	Śoka-	SokAgni	True
43	agni	Huta-	hutAgni	True
57	agra	An-eka-	an-ekAgra	False
57	agra	Kuśa-	kuSAgra	True
57	agra	Daṃṣṭrā-	daMzwrAgra	False
57	agra	Dakṣiṇā-	dakziRAgra	True
57	agra	Druma-	drumAgra	True
57	agra	Nakha-	naKAgra	True
57	agra	Naga-	nagAgra	True
57	agra	Nāsikā-	nAsikAgra	True
57	agra	Maṇḍala-	maRqalAgra	True
58	agraga	Senā-	senAgraga	True
60	agraja	Gada-	gadAgraja	True
62	agratas	Bhairava-	BEravAgratas	True
63	agrasara	Pra-	prAgrasara	True
70	agrya	Dvija-	dvijAgrya	True
72	aGa	An-	anaGa	True
76	aNka	Kṛta-	kftANka	True
76	aNka	Jambāla-	jambAlANka	False
76	aNka	Makara-	makarANka	True
76	aNka	Mṛga-	mfgANka	True
76	aNka	Valgā-	valgANka	True
76	aNka	Svanāmāṅka	svanAmANka	True
78	aNkura	Abhilāṣa-	aBilAzANkura	False
78	aNkura	Kula-	kulANkura	True
78	aNkura	Daṃṣṭrā-	daMzwrANkura	False
78	aNkura	Rada-	radANkura	True
78	aNkura	Viṣa-	vizANkura	True
78	aNkura	Vīja-	vIjANkura	False
78	aNkura	Smara-	smarANkura	False
80	aNkuSa	Ati-	atyaNkuSa	True
80	aNkuSa	An-	anaNkuSa	True
80	aNkuSa	Niraṅkuśa	niraNkuSa	True
84	aNga	An-	anaNga	True
84	aNga	An-a-vadya-	an-a-vadyANga	False
84	aNga	Aṣṭāṅga	azwANga	True
84	aNga	Uttama-	uttamANga	True
84	aNga	Eka-	ekANga	True
84	aNga	Kāla-	kAlANga	True
84	aNga	Kuṣṭha-	kuzWANga	True
84	aNga	Kṛśa-	kfSANga	True
84	aNga	Khaṭvā-	KawvANga	True
84	aNga	Catur-	caturaNga	True
84	aNga	Citra-	citrANga	True
84	aNga	Tanu-	tanvaNga	True
84	aNga	Tanū-ja-	tanU-jANga	False
84	aNga	Niraṅga	niraNga	True
84	aNga	Pañcāṅga	paYcANga	True
84	aNga	Mahā-	mahANga	True
84	aNga	Rakta-	raktANga	True
84	aNga	Ratha-	raTANga	True
84	aNga	Vakra-	vakrANga	True
84	aNga	Vara-	varANga	True
84	aNga	Vi-citra-	vi-citrANga	False
84	aNga	Hīna-	hInANga	True
84	aNga	Hema-	hemANga	True
89	aNgaRa	Raṅga-	raNgANgaRa	True
89	aNgaRa	Harmya-	harmyANgaRa	False
92	aNgada	Citra-	citrANgada	True
93	aNgana	Raṇa-	raRANgana	True
94	aNganA	Kula-	kulANganA	True
94	aNganA	Vara-	varANganA	True
98	aNgAra	Kula-	kulANgAra	True
98	aNgAra	Mṛta-	mftANgAra	True
99	aNgAraka	Sa-	sANgAraka	True
100	aNgin	Catur-	caturaNgin	True
101	aNgiras	Tṛṇa-soma-	tfRa-somANgiras	False
105	aNgula	Pañcāṅgula	paYcANgula	True
107	aNguli	Latā-	latANguli	True
114	aNGri	Śīrṇa-	SIrRANGri	True
115	acala	Kula-	kulAcala	True
115	acala	Tuhina-	tuhinAcala	True
115	acala	Mahā-	mahAcala	True
116	acCa	Su-	svacCa	True
119	aja	Vana-	vanAja	True
126	ajina	Kṛṣṇa-	kfzRAjina	True
127	ajira	Raṇa-	raRAjira	True
138	aYj	A-vyakta	a-vyakta	False
139	aYjana	Nirañjana	niraYjana	True
139	aYjana	Rasa-	rasAYjana	True
140	aYjali	Ud-	udaYjali	True
140	aYjali	Karṇa-	karRAYjali	True
140	aYjali	Kṛta-	kftAYjali	True
140	aYjali	Jala-	jalAYjali	True
140	aYjali	Brahmāñjali	brahmAYjali	True
144	awana	Bhikṣā-	BikzAwana	True
150	awwahAsa	Sa-aṭṭahāsa + m	sa-awwahAsa + m	False
153	awyA	Vṛthā-	vfTAwyA	True
159	aRu	Parama-	paramARu	True
163	aRqa	Brahmāṇḍa	brahmARqa	True
163	aRqa	Meṣa-	mezARqa	True
165	aRqaja	Kāla-	kAlARqaja	True
172	atikrama	Duratikrama	duratikrama	True
176	atiTi	Deśa-	deSAtiTi	True
200	atiSaya	Niratiśaya	niratiSaya	True
200	atiSaya	Sa-	sAtiSaya	True
214	atyaya	An-	anatyaya	True
214	atyaya	Kāla-	kAlAtyaya	True
214	atyaya	Jala-	jalAtyaya	True
214	atyaya	Tapa-	tapAtyaya	True
214	atyaya	Duratyaya	duratyaya	True
214	atyaya	Niratyaya	niratyaya	True
214	atyaya	Mahā-	mahAtyaya	True
214	atyaya	Su-mahā-	su-mahAtyaya	False
227	adana	Phala-	PalAdana	True
234	adButa	Atyadbhuta	atyadButa	True
234	adButa	Mahā-	mahAdButa	True
239	adri	Asta-	astAdri	True
239	adri	Kuta-	kutAdri	False
239	adri	Tuṣāra-, tuhina-	tuzAra-, tuhinAdri	False
249	aDara	Khaṇḍtta-	KaRqttADara	False
250	aDarozWa	Aṅguli-sam-vṛta-	aNguli-sam-vftADarozWa	False
250	aDarozWa	Vimba-phala-	vimba-PalADarozWa	False
254	aDika	Eka-	ekADika	True
254	aDika	Sarva-dāna-	sarva-dAnADika	False
254	aDika	Prāṇa-	prARADika	True
254	aDika	Varṣa-śata-	varza-SatADika	False
254	aDika	Navatiṃ navādhikām	navatiM navADikAm	False
254	aDika	Vayodhika	vayoDika	True
254	aDika	Adhikādhika	aDikADika	True
255	aDikaraRa	Dharma-	DarmADikaraRa	True
255	aDikaraRa	Rāma-	rAmADikaraRa	True
255	aDikaraRa	Samāna-	samAnADikaraRa	True
256	aDikAra	Tāmbūla-	tAmbUlADikAra	True
256	aDikAra	Dharma-	DarmADikAra	True
256	aDikAra	Pṛtanā-	pftanADikAra	False
256	aDikAra	Samāna-	samAnADikAra	True
256	aDikAra	Hṛta-	hftADikAra	True
258	aDikArin	Dharma-	DarmADikArin	True
260	aDigama	Dus-	dusaDigama	False
261	aDigamana	Dāra-	dArADigamana	True
269	aDipa	Amara-	amarADipa	True
269	aDipa	Sa-amara-	sa-amarADipa	False
269	aDipa	Jana-	janADipa	True
269	aDipa	Jala-	jalADipa	True
269	aDipa	Tārā-	tArADipa	True
269	aDipa	Daṇḍa-	daRqADipa	True
269	aDipa	Daṇḍa-dhara-	daRqa-DarADipa	False
269	aDipa	Deva-	devADipa	True
269	aDipa	Dvāra-	dvArADipa	True
269	aDipa	Dharā-	DarADipa	True
269	aDipa	Nagara-	nagarADipa	True
270	aDipati	Gaṇa-	gaRADipati	True
270	aDipati	Tri-	tryaDipati	True
270	aDipati	Daśādhipati	daSADipati	True
270	aDipati	Dhana-	DanADipati	True
270	aDipati	Nagara-	nagarADipati	True
284	aDizWAna	Tri-	tryaDizWAna	True
284	aDizWAna	Dharma-	DarmADizWAna	True
284	aDizWAna	Nis-	nisaDizWAna	False
284	aDizWAna	Sa-	sADizWAna	True
284	aDizWAna	Su-	svaDizWAna	True
289	aDISa	Tri-	tryaDISa	True
289	aDISa	Dina-	dinADISa	True
292	aDyakza	An-	anaDyakza	True
292	aDyakza	Aśva-	aSvADyakza	True
292	aDyakza	Kośa-	koSADyakza	True
292	aDyakza	Gaja-	gajADyakza	True
292	aDyakza	Dvāra-	dvArADyakza	True
292	aDyakza	Sūda-	sUdADyakza	True
294	aDyayana	An-	anaDyayana	True
302	aDyAya	An-	anaDyAya	True
302	aDyAya	Sva-	svADyAya	True
302	aDyAya	Niḥsva-	niHsvADyAya	True
309	aDvan	Gata-	gatADvan	True
322	anantara	Sam-anantara + m	sam-anantara + m	False
336	anala	Kāla-	kAlAnala	True
336	anala	Dāva-	dAvAnala	True
336	anala	Baḍavā-	baqavAnala	True
356	anIka	Agra-	agrAnIka	True
356	anIka	Yathā-anīka + m	yaTA-anIka + m	False
361	anukampA	Sa-anu-kampa	sa-anu-kampa	False
366	anukArin	Hita-	hitAnukArin	True
373	anukrama	Devatā-	devatAnukrama	True
375	anukroSa	Nis-	nisanukroSa	False
375	anukroSa	Sa-	sAnukroSa	True
378	anuga	Pada-	padAnuga	True
378	anuga	Śrotra-pada-	Srotra-padAnuga	False
378	anuga	Vaśa-	vaSAnuga	True
378	anuga	Sa-	sAnuga	True
378	anuga	Sa-bala-	sa-balAnuga	False
388	anucara	Lakṣmaṇa-	lakzmaRAnucara	False
392	anujYA	Prāpta-	prAptAnujYA	False
393	anutApa	Paśca-	paScAnutApa	True
403	anunaya	Sa-	sAnunaya	True
405	anunAda	Sa-veṇu-vīṇā-paṇava-anunāda + m	sa-veRu-vIRA-paRava-anunAda + m	False
412	anupAlana	Dus-	dusanupAlana	False
425	anuBAva	Mahā-	mahAnuBAva	True
437	anuyAtra	Datta-	dattAnuyAtra	False
447	anurAga	Kṛta-	kftAnurAga	False
447	anurAga	Sa-	sAnurAga	True
451	anurUpa	Sva-	svAnurUpa	True
466	anuvartin	Citta-	cittAnuvartin	True
466	anuvartin	Vṛtta-	vfttAnuvartin	True
469	anuvAda	Vāda-	vAdAnuvAda	True
473	anuvftti	Sneha-	snehAnuvftti	True
496	anusArin	Kāla-	kAlAnusArin	True
500	anUcAna	An-	ananUcAna	True
518	anta	An-	ananta	True
518	anta	Apara-	aparAnta	True
518	anta	Udaka-	udakAnta	True
518	anta	Etad-	etadanta	True
518	anta	Kalpa-	kalpAnta	True
518	anta	Kṛta-	kftAnta	True
518	anta	Keśa-	keSAnta	True
518	anta	Gata-	gatAnta	True
518	anta	Gharma-	GarmAnta	True
518	anta	Jana	jana	True
518	anta	Tad-	tadanta	True
518	anta	Diś-	diSanta	False
518	anta	Diṣṭa-	dizwAnta	True
518	anta	Dṛṣṭa-	dfzwAnta	True
518	anta	Yajña-	yajYAnta	True
518	anta	Yuga-	yugAnta	True
518	anta	Svīkāra-	svIkArAnta	True
521	antaka	An-	anantaka	True
521	antaka	Kāla-	kAlAntaka	True
521	antaka	Jagadantaka	jagadantaka	True
521	antaka	Viṣa-	vizAntaka	True
527	antara	Divasa-	divasAntara	True
527	antara	Sa-	sAntara	True
527	antara	Stana-	stanAntara	True
532	antarAla	Sa-	sAntarAla	True
544	antika	Keśa-	keSAntika	True
544	antika	Grahaṇa-	grahaRAntika	True
544	antika	janāntikam	janAntikam	True
551	antra	Kṣudra-	kzudrAntra	True
551	antra	Sthūla-	sTUlAntra	True
556	anDa	divā-	divAnDa	True
563	anna	Kṛta-	kftAnna	True
563	anna	Deva-	devAnna	True
563	anna	Dadhi-	daDyanna	True
563	anna	Paryāya-	paryAyAnna	True
563	anna	Miṣṭa-	mizwAnna	True
563	anna	Rājānna	rAjAnna	True
568	anya	an-	ananya	True
570	anyatA	An-	ananyatA	True
583	anvaya	Dus-	dusanvaya	False
583	anvaya	Nis-	nisanvaya	False
583	anvaya	Sa-	sAnvaya	True
598	anvezin	Hita-	hitAnvezin	True
627	apatya	An-	anapatya	True
627	apatya	Vipanna-	vipannApatya	False
627	apatya	Sa-	sApatya	True
629	apatrapA	Nis-	nisapatrapA	False
630	apadeSa	Sa-apadeśa + m	sa-apadeSa + m	False
650	apara	Pūrva-	pUrvApara	True
657	aparADa	Nis-	nisaparADa	False
657	aparADa	Sa-	sAparADa	True
675	apas	Su-	svapas	True
686	apaha	vīṣa-	vIzApaha	False
694	apANga	Śukla-	SuklApANga	True
698	apAya	Eka-	ekApAya	True
698	apAya	Nis-	nisapAya	False
698	apAya	Sa-	sApAya	True
702	apiDAna	Śilā-	SilApiDAna	False
705	apekzA	An-apekṣa	an-apekza	False
705	apekzA	Nis-	nisapekzA	False
707	apekzin	An-	anapekzin	True
707	apekzin	Dīrgha-	dIrGApekzin	True
707	apekzin	Nis-	nisapekzin	False
713	apyaya	Loka-īśa-prabhava-	loka-ISa-praBavApyaya	False
718	apsaras	Pañcāpsaras	paYcApsaras	True
720	abja	Nila-	nilAbja	False
721	abda	Kṛcchra-	kfcCrAbda	True
721	abda	Tri-	tryabda	True
722	abDi	Kṣīra-	kzIrAbDi	True
727	aBikAma	Sa-	sABikAma	True
730	aBiKyA	Adhika-ud-recita-abhikhya	aDika-ud-recita-aBiKya	False
730	aBiKyA	Haṃsa-	haMsABiKyA	False
730	aBiKyA	Himāṃśu-	himAMSvaBiKyA	False
734	aBiGAta	Vapra-	vaprABiGAta	True
741	aBijYa	An-	anaBijYa	True
750	aBidroha	An-	anaBidroha	True
751	aBiDA	Śūravarmābhidha	SUravarmABiDa	False
752	aBiDAna	Suyyā-	suyyABiDAna	True
767	aBiprAya	Sa-	sABiprAya	True
770	aBiBava	Nis-	nisaBiBava	False
788	aBimAna	Nis-	nisaBimAna	False
788	aBimAna	Sa-	sABimAna	True
792	aBimuKa	Kānana-	kAnanABimuKa	False
792	aBimuKa	Dakṣiṇā-	dakziRABimuKa	True
805	aBirUpa	An-	anaBirUpa	True
808	aBilAza	Nis-	nisaBilAza	False
808	aBilAza	Sa-	sABilAza	True
808	aBilAza	Sābhilāṣa + m	sABilAza + m	False
813	aBivandana	Kṛta-pāda-	kfta-pAdABivandana	False
836	aBizvaNga	An-	anaBizvaNga	True
840	aBisaMDA	Satyābhisaṃdha	satyABisaMDa	True
841	aBisaMDAna	Satya-	satyABisaMDAna	True
849	aBisAra	Loha-	lohABisAra	True
853	aBihAra	Loka-	lokABihAra	False
854	aBIkzRam	An-	anaBIkzRam	True
858	aBImAna	Nis-	nisaBImAna	False
865	aByanujYA	An-	anaByanujYA	True
865	aByanujYA	Kṛta-	kftAByanujYA	False
876	aByasana	An-	anaByasana	True
878	aByasUyA	Sa-	sAByasUyA	False
904	amara	Dharā-	DarAmara	True
904	amara	Sa-	sAmara	True
911	amAtya	Mahā-	mahAmAtya	True
911	amAtya	Sa-	sAmAtya	True
911	amAtya	Sa-janāmātya	sa-janAmAtya	False
921	amfta	Gava-	gavAmfta	True
928	ambara	Nis-	nisambara	False
928	ambara	Mada-	madAmbara	True
932	ambu	Gharma-	GarmAmbu	True
932	ambu	Tila-	tilAmbu	True
932	ambu	Nis-	nisambu	False
937	ambuDi	Kṣāra-	kzArAmbuDi	True
937	ambuDi	Kṣīra-	kzIrAmbuDi	True
939	amburuha	Hema-	hemAmburuha	False
941	amBas	Ud-	udamBas	True
941	amBas	Gharma-	GarmAmBas	True
941	amBas	Lavaṇa-	lavaRAmBas	True
942	amBoja	Hema-	hemAmBoja	True
952	ayana	Uttarā-	uttarAyana	False
952	ayana	Dakṣiṇā-	dakziRAyana	True
952	ayana	Gīta-	gItAyana	True
952	ayana	Guṇa-	guRAyana	True
952	ayana	Vārttā-	vArttAyana	True
954	ayas	Kṛṣṇa-	kfzRAyas	True
970	araRya	Dharma-	DarmAraRya	True
970	araRya	Maha-	mahAraRya	True
980	ari	Dānava-	dAnavAri	True
1000	arka	Jala-	jalArka	True
1000	arka	Bāla-	bAlArka	True
1000	arka	Sa-	sArka	True
1000	arka	Su-	svarka	True
1001	argala	An-	anargala	True
1001	argala	Nis-	nisargala	False
1004	arGa	An-	anarGa	True
1004	arGa	Mahā-	mahArGa	True
1006	arGya	An-	anarGya	True
1011	arci	Sa-	sArci	True
1014	arcis	Aruṇa-	aruRArcis	True
1014	arcis	Ud-	udarcis	True
1014	arcis	Śānta-	SAntArcis	True
1014	arcis	Saptārcis	saptArcis	True
1020	arRava	Mahā-	mahArRava	True
1020	arRava	Lavaṇa-	lavaRArRava	True
1020	arRava	Sa-parvata-vana-	sa-parvata-vanArRava	False
1023	arTa	Iti-artha + m	iti-arTa + m	False
1023	arTa	Indriya-	indriyArTa	True
1023	arTa	Etad-artha + m	etad-arTa + m	False
1023	arTa	Kim-	kimarTa	True
1023	arTa	Kim-artha + m	kim-arTa + m	False
1023	arTa	Kṛta-	kftArTa	True
1023	arTa	Gṛha-	gfhArTa	True
1023	arTa	Tad-artha + m	tad-arTa + m	False
1023	arTa	Nirartha	nirarTa	True
1023	arTa	Niścitārtha	niScitArTa	True
1023	arTa	Para-	parArTa	True
1023	arTa	Parama-	paramArTa	True
1023	arTa	Puruṣa-	puruzArTa	True
1023	arTa	Bhūta-	BUtArTa	True
1023	arTa	Mahā-	mahArTa	True
1023	arTa	Yajña-	yajYArTa	False
1023	arTa	Yathā-	yaTArTa	True
1023	arTa	A-yathā-	a-yaTArTa	False
1023	arTa	Yad-artha + m	yad-arTa + m	False
1023	arTa	Yāvadartha	yAvadarTa	True
1023	arTa	Sva-	svArTa	True
1032	arTavant	Mahā-	mahArTavant	True
1034	arTitva	An-	anarTitva	True
1035	arTin	Chāyā-	CAyArTin	False
1035	arTin	Dhana-	DanArTin	True
1035	arTin	Putra-	putrArTin	True
1035	arTin	Bala-	balArTin	True
1035	arTin	Bhāryā-	BAryArTin	True
1035	arTin	Yuddha-	yudDArTin	True
1035	arTin	Śaraṇa-	SaraRArTin	True
1035	arTin	Hita-	hitArTin	True
1039	arTya	Hema-	hemArTya	False
1042	arDa	Candra-	candrArDa	True
1047	arDika	Tad-	tadarDika	True
1050	arpaRa	Deva-	devArpaRa	True
1064	arha	An-	anarha	True
1064	arha	Pūjā-	pUjArha	True
1064	arha	Priya-	priyArha	True
1064	arha	Māna-	mAnArha	True
1064	arha	Rājārha	rAjArha	True
1064	arha	Satkāra-	satkArArha	True
1064	arha	Sukha-	suKArha	True
1069	alaka	Latā-	latAlaka	True
1081	alasa	Sa-	sAlasa	True
1095	alpa	An-	analpa	True
1095	alpa	Alpa-alpa	alpa-alpa	False
1095	alpa	Su-	svalpa	True
1106	avakASa	Nis-	nisavakASa	False
1106	avakASa	Sulabha-	sulaBAvakASa	True
1112	avagama	Dus-	dusavagama	False
1112	avagama	Svatva-	svatvAvagama	True
1118	avagraha	Dus-	dusavagraha	False
1118	avagraha	Nis-	nisavagraha	False
1127	avajYA	Sa-avajña	sa-avajYa	False
1127	avajYA	sāvajñam	sAvajYam	True
1131	avataMsa	Puṇḍarīka-	puRqarIkAvataMsa	False
1132	avataMsaka	koṣṭha-āgāra-	kozWa-AgArAvataMsaka	False
1140	avadAna	Virya-	viryAvadAna	False
1142	avadya	An-	anavadya	True
1142	avadya	Nis-	nisavadya	False
1143	avaDAna	Sa-	sAvaDAna	True
1145	avaDi	Pratyāgamāvadhi	pratyAgamAvaDi	True
1145	avaDi	Sa-	sAvaDi	True
1161	avaboDa	Dus-	dusavaboDa	False
1163	avaBAsa	An-	anavaBAsa	True
1168	avama	An-	anavama	True
1178	avara	Avara-avara	avara-avara	False
1183	avaroha	Dus-	dusavaroha	False
1186	avalamba	Jāla-	jAlAvalamba	False
1186	avalamba	Nis-	nisavalamba	False
1186	avalamba	Sa-	sAvalamba	True
1186	avalamba	Sevā-	sevAvalamba	True
1186	avalamba	Hasta-	hastAvalamba	True
1187	avalambana	An-	anavalambana	True
1187	avalambana	Kara-	karAvalambana	True
1188	avalambin	Rajju-	rajjvavalambin	True
1193	avalepa	An-	anavalepa	True
1193	avalepa	Sa-	sAvalepa	True
1199	avaSeza	Ardha-	arDAvaSeza	True
1199	avaSeza	Alpa-	alpAvaSeza	True
1199	avaSeza	Nis-	nisavaSeza	False
1199	avaSeza	Sa-	sAvaSeza	True
1202	avazwamBa	Sa-	sAvazwamBa	True
1207	avasara	An-	anavasara	True
1207	avasara	Sarvāvasara + m	sarvAvasara + m	False
1208	avasAda	Nis-	nisavasAda	False
1218	avasTA	Tad-	tadavasTA	False
1218	avasTA	Antya-	antyAvasTA	True
1218	avasTA	Kṛta-	kftAvasTA	False
1219	avasTAna	An-	anavasTAna	True
1221	avasTiti	An-	anavasTiti	True
1224	avahela	Sa-	sAvahela	True
1231	avekzaRa	An-	anavekzaRa	True
1232	avekzA	An-	anavekzA	True
1232	avekzA	Su-	svavekzA	False
1239	aSana	Ati-	atyaSana	True
1239	aSana	Adhi-	aDyaSana	True
1239	aSana	An-	anaSana	True
1239	aSana	Nis-	nisaSana	False
1239	aSana	Mūla-phala-	mUla-PalASana	False
1239	aSana	Piśita-	piSitASana	True
1239	aSana	Sa-	sASana	True
1239	aSana	Havis-	havisaSana	False
1239	aSana	Huta-	hutASana	True
1244	aSIti	Eka-	ekASIti	True
1244	aSIti	Pañcāśiti	paYcASiti	False
1249	aSoka	Nīla-	nIlASoka	True
1250	aSman	A-sita-	a-sitASman	False
1250	aSman	Mahā-	mahASman	True
1250	aSman	Sūrya-	sUryASman	True
1250	aSman	Harita-	haritASman	True
1255	aSra	Sa-	sASra	True
1257	aSru	Ud-	udaSru	True
1260	aSva	An-	anaSva	True
1260	aSva	Indriya-	indriyASva	True
1260	aSva	Gava-	gavASva	True
1260	aSva	Vija-	vijASva	False
1260	aSva	Vṛhadaśva	vfhadaSva	True
1260	aSva	Sa-	sASva	True
1260	aSva	Saptāśva	saptASva	True
1260	aSva	Hata-	hatASva	True
1273	azwaka	Tri-	tryazwaka	True
1273	azwaka	Aṣṭāṣṭaka	azwAzwaka	True
1276	azwan	Tri-	tryazwan	True
1286	as	mahā-satī	mahA-satI	False
1287	as	Citra-nyasta	citra-nyasta	False
1287	as	Su-nyasta	su-nyasta	False
1290	asana	Iṣu-	izvasana	True
1290	asana	Śara-	SarAsana	True
1295	asu	Gata-	gatAsu	True
1295	asu	A-gata-	a-gatAsu	False
1296	asura	Deva-	devAsura	True
1298	asUya	An-asūyant	an-asUyant	False
1299	asUyaka	An-	anasUyaka	True
1300	asUyA	An-asūya	an-asUya	False
1300	asUyA	Sa-	sAsUyA	True
1302	asta	Sūrya-	sUryAsta	True
1306	astra	Iṣu-	izvastra	True
1306	astra	Kusuma-	kusumAstra	True
1306	astra	Kṛta-	kftAstra	True
1306	astra	Daṇḍa-	daRqAstra	True
1306	astra	Mahā-	mahAstra	True
1322	ahaMkAra	Nis-	nisahaMkAra	False
1323	ahaMkfta	An-	anahaMkfta	True
1323	ahaMkfta	Nis-	nisahaMkfta	False
1331	ahi	Andha-	anDAhi	True
1341	Akampa	An-	anAkampa	True
1342	Akara	Kusuma-	kusumAkara	True
1342	Akara	Padma-	padmAkara	True
1342	Akara	Ratna-	ratnAkara	True
1347	AkarzaRa	Khalīna-	KalInAkarzaRa	False
1351	AkANkzin	nirākāṅkṣin	nirAkANkzin	True
1352	AkAra	Guñjā-phala-sama-ākāra	guYjA-Pala-sama-AkAra	False
1352	AkAra	Dvidhā-	dviDAkAra	True
1352	AkAra	Nis-	nisAkAra	False
1352	AkAra	Vṛthā-	vfTAkAra	True
1356	AkASa	Nis-	nisAkASa	False
1360	Akula	An-	anAkula	True
1360	Akula	Pari-	paryAkula	True
1360	Akula	Sam-	samAkula	True
1364	AkUta	Sa-	sAkUta	True
1366	Akfti	Nis-	nisAkfti	False
1366	Akfti	Vāmana-	vAmanAkfti	True
1369	Akranda	An-	anAkranda	True
1369	Akranda	Durākrandam	durAkrandam	True
1372	Akrama	Dus-	dusAkrama	False
1375	AkrIqa	Deva-	devAkrIqa	True
1376	AkroSa	Durākrośam	durAkroSam	True
1378	Akzepa	Śara-	SarAkzepa	True
1378	Akzepa	Sa-ākṣepa + m	sa-Akzepa + m	False
1380	AKu	Vana-	vanAKu	True
1383	AKyA	Udaya-ākhya	udaya-AKya	False
1383	AKyA	Kim-	kimAKyA	False
1383	AKyA	Daśābda-	daSAbdAKyA	False
1390	Agati	Gata-	gatAgati	True
1394	Agama	An-	anAgama	True
1394	Agama	Artha-	arTAgama	True
1394	Agama	Jalada-	jaladAgama	True
1394	Agama	Dina-	dinAgama	True
1394	Agama	Dus-	dusAgama	False
1394	Agama	Dhana-	DanAgama	True
1394	Agama	Dharma-	DarmAgama	True
1394	Agama	Puṣpa-	puzpAgama	True
1394	Agama	Hima-	himAgama	True
1395	Agamana	An-	anAgamana	True
1399	Agas	An-	anAgas	True
1399	Agas	Kṛta-	kftAgas	True
1399	Agas	A-kṛta-	a-kftAgas	False
1399	Agas	Nis-	nisAgas	False
1402	AgAra	Agni-	agnyAgAra	True
1402	AgAra	Antar-	antarAgAra	True
1402	AgAra	Āyudha-	AyuDAgAra	True
1402	AgAra	Kūṭa-	kUwAgAra	True
1402	AgAra	Kośa-	koSAgAra	True
1402	AgAra	Koṣṭha-	kozWAgAra	True
1402	AgAra	Kautuka-	kOtukAgAra	True
1402	AgAra	Garbha-	garBAgAra	True
1402	AgAra	Deva-	devAgAra	True
1402	AgAra	Prekṣā-	prekzAgAra	True
1402	AgAra	Bandhara-	banDarAgAra	False
1402	AgAra	Bhāṇḍa-	BARqAgAra	True
1402	AgAra	Muktā-	muktAgAra	True
1407	Agraha	Dus-	dusAgraha	False
1410	AGAta	Taṭa-	tawAGAta	True
1410	AGAta	Pakṣa-	pakzAGAta	True
1410	AGAta	Śara-	SarAGAta	True
1420	AcAra	Dakṣiṇa-	dakziRAcAra	True
1420	AcAra	Duḥkha-	duHKAcAra	True
1420	AcAra	Dus-	dusAcAra	False
1420	AcAra	Kāma-	kAmAcAra	True
1420	AcAra	Sadācāra	sadAcAra	True
1422	AcAravant	Sadācāra + vant	sadAcAra + vant	False
1423	AcArya	Kula-	kulAcArya	True
1423	AcArya	Nāṭya-	nAwyAcArya	True
1436	AjIva	Raṅga-	raNgAjIva	True
1436	AjIva	Strī-	stryAjIva	True
1438	AjIvya	Su-	svAjIvya	True
1440	AjYA	An-	anAjYA	True
1443	Ajya	Vara-	varAjya	True
1449	Awopa	Sa-	sAwopa	True
1452	AQya	Ratna-	ratnAQya	True
1455	AtaNka	Naṣṭa-ātaṅka + m	nazwa-AtaNka + m	False
1455	AtaNka	Nis-	nisAtaNka	False
1457	Atapa	An-	anAtapa	True
1457	Atapa	Bāla-	bAlAtapa	True
1457	Atapa	Sūrya-	sUryAtapa	True
1458	Atapatra	Ucchilīndhra-	ucCilInDrAtapatra	False
1463	Atura	An-	anAtura	True
1469	Atmaja	Dharma-	DarmAtmaja	True
1469	Atmaja	Nanda-	nandAtmaja	True
1469	Atmaja	Varuṇa-	varuRAtmaja	False
1470	AtmajYa	An-	anAtmajYa	True
1471	Atman	A-kṛta-	a-kftAtman	False
1471	Atman	Jita-	jitAtman	True
1471	Atman	A-jita-	a-jitAtman	False
1471	Atman	Prāta-	prAtAtman	False
1471	Atman	Śānta-	SAntAtman	True
1471	Atman	Kāma-	kAmAtman	True
1471	Atman	Cala-	calAtman	True
1471	Atman	Dharma-	DarmAtman	True
1471	Atman	Pāpa-	pApAtman	True
1471	Atman	Mahā-	mahAtman	True
1471	Atman	Sūtra-	sUtrAtman	True
1471	Atman	Antar-	antarAtman	True
1471	Atman	Kevata-	kevatAtman	False
1471	Atman	Catur-	caturAtman	True
1471	Atman	Chāyā-	CAyAtman	True
1471	Atman	Jagat-	jagatAtman	False
1471	Atman	Jīva-	jIvAtman	True
1471	Atman	Datta-	dattAtman	True
1471	Atman	Dvādaśātman-	dvAdaSAtmanAtman	False
1471	Atman	Parama-	paramAtman	True
1471	Atman	Bhāvita-	BAvitAtman	True
1471	Atman	Bhūta-	BUtAtman	True
1471	Atman	Manda-	mandAtman	True
1471	Atman	Viśva-	viSvAtman	True
1478	Atmavant	An-	anAtmavant	True
1481	AtmIya	An-	anAtmIya	True
1488	Adara	Ati-	atyAdara	True
1488	Adara	An-	anAdara	True
1488	Adara	Sa-	sAdara	True
1490	AdAtf	An-	anAdAtf	True
1491	AdAna	Adhyayana-	aDyayanAdAna	True
1491	AdAna	Nis-	nisAdAna	False
1491	AdAna	Rasa-	rasAdAna	True
1491	AdAna	Su-	svAdAna	True
1496	Aditas	Rāma-darśana-āditas	rAma-darSana-Aditas	False
1497	Aditya	Ati-	atyAditya	True
1497	Aditya	Su-gandha-	su-ganDAditya	False
1501	Adimant	An-	anAdimant	True
1506	AdeSaka	Śiva-	SivAdeSaka	True
1510	Adya	Ādya-ādya	Adya-Adya	False
1513	ADamana	Yoga-	yogADamana	True
1514	ADAna	Garbha-	garBADAna	True
1514	ADAna	Purīṣa-	purIzADAna	True
1516	ADAra	Jala-	jalADAra	True
1525	Anaka	Śata-	SatAnaka	True
1528	Anana	Catur-	caturAnana	True
1528	Anana	Daśānana	daSAnana	True
1528	Anana	Nāga-	nAgAnana	True
1528	Anana	Pañcānana	paYcAnana	True
1528	Anana	Mahā-	mahAnana	True
1528	Anana	Su-hasa-	su-hasAnana	False
1531	Ananda	Nis-	nisAnanda	False
1531	Ananda	Parama-	paramAnanda	True
1560	Ap	An-āpta	an-Apta	False
1562	ApagA	Sura-	surApagA	True
1564	ApaRa	Antar-	antarApaRa	True
1566	Apatti	Artha-	arTApatti	True
1568	Apad	An-	anApad	True
1568	Apad	Nis-	nisApad	False
1573	ApIqa	Gala-	galApIqa	False
1573	ApIqa	Bhuja-	BujApIqa	True
1578	Apti	An-	anApti	True
1583	AbADa	An-	anAbADa	True
1583	AbADa	Dus-	dusAbADa	False
1583	AbADa	Nis-	nisAbADa	False
1584	Abdika	Ṣaṣ-triṃśat-	zaz-triMSatAbdika	False
1585	ABaraRa	Tapta-	taptABaraRa	True
1586	ABA	Vajra-	vajrABA	False
1589	ABAsa	Rasa-	rasABAsa	True
1589	ABAsa	Hetu-	hetvABAsa	True
1596	ABoga	Stana-	stanABoga	True
1597	AByantara	Gaṇa-	gaRAByantara	True
1599	AByudayika	An-	anAByudayika	True
1603	Amaya	An-	anAmaya	True
1603	Amaya	Nis-	nisAmaya	False
1603	Amaya	Sa-	sAmaya	True
1612	Amiza	Khaḍga-	KaqgAmiza	True
1612	Amiza	Nis-	nisAmiza	False
1618	Amoda	Sa-	sAmoda	True
1620	AmnAya	Dus-	dusAmnAya	False
1622	Amra	Rājāmra	rAjAmra	True
1625	Ayatana	Deva-	devAyatana	True
1633	AyAsa	An-	anAyAsa	True
1637	AyuDa	Indra-	indrAyuDa	True
1637	AyuDa	Sa-indra-	sa-indrAyuDa	False
1637	AyuDa	Ud-	udAyuDa	True
1637	AyuDa	Kusuma-	kusumAyuDa	True
1637	AyuDa	Cakra-	cakrAyuDa	True
1637	AyuDa	Tridaśa-	tridaSAyuDa	True
1637	AyuDa	Nis-	nisAyuDa	False
1637	AyuDa	Sa-	sAyuDa	True
1637	AyuDa	Hala-	halAyuDa	True
1644	Ayuzya	An-	anAyuzya	True
1645	Ayus	Alpa-	alpAyus	True
1645	Ayus	Kṣīṇa-	kzIRAyus	True
1645	Ayus	Gata-	gatAyus	True
1645	Ayus	Dīrgha-	dIrGAyus	True
1645	Ayus	Pari-mita-	pari-mitAyus	False
1645	Ayus	Śata-	SatAyus	True
1657	AramBa	Citra-	citrAramBa	True
1657	AramBa	Citrārpita-	citrArpitAramBa	True
1657	AramBa	Nis-	nisAramBa	False
1667	ArAma	Antar-	antarArAma	True
1674	Arogya	An-	anArogya	True
1674	Arogya	Saha-	sahArogya	True
1678	AropaRa	Vṛkṣa-	vfkzAropaRa	True
1679	Aroha	Aśva-	aSvAroha	True
1679	Aroha	Gaja-	gajAroha	True
1679	Aroha	Dus-	dusAroha	False
1679	Aroha	Vara-	varAroha	True
1679	Aroha	Sa-	sAroha	True
1679	Aroha	Syandana-	syandanAroha	True
1681	ArohaRa	Durga-	durgArohaRa	True
1681	ArohaRa	Pavitra-	pavitrArohaRa	True
1681	ArohaRa	Sukha-	suKArohaRa	True
1684	Arjava	An-	anArjava	True
1686	Artava	An-	anArtava	True
1687	Artta	Bhaya-	BayArtta	True
1689	Artti	Kṛtrima-	kftrimArtti	False
1690	Ardra	Sa-	sArdra	True
1693	Arya	An-	anArya	True
1695	AryatA	An-	anAryatA	True
1700	Alamba	An-	anAlamba	True
1700	Alamba	Dus-	dusAlamba	False
1700	Alamba	Nis-	nisAlamba	False
1700	Alamba	Matta-	mattAlamba	True
1700	Alamba	Sa-	sAlamba	True
1701	Alambana	Nis-	nisAlambana	False
1703	AlamBa	Dus-	dusAlamBa	False
1705	Alaya	Kṛta-	kftAlaya	True
1705	Alaya	Tridaśa-	tridaSAlaya	True
1705	Alaya	Deva-	devAlaya	True
1705	Alaya	Padma-	padmAlaya	True
1705	Alaya	Mānasa-	mAnasAlaya	True
1705	Alaya	Hima-	himAlaya	True
1710	AlApa	Kathā-	kaTAlApa	True
1713	Ali	Sūtra-ālī	sUtra-AlI	False
1719	Aloka	Dus-	dusAloka	False
1719	Aloka	Nis-	nisAloka	False
1719	Aloka	Sukha-	suKAloka	True
1719	Aloka	Sūrya-	sUryAloka	True
1728	AvaraRa	Gātra-	gAtrAvaraRa	True
1728	AvaraRa	Deha-	dehAvaraRa	True
1729	Avarta	Ārya-	AryAvarta	True
1729	Avarta	Dakṣiṇā-	dakziRAvarta	True
1729	Avarta	Nandi-	nandyAvarta	True
1729	Avarta	Brahmāvarta	brahmAvarta	True
1729	Avarta	Rājāvarta	rAjAvarta	True
1729	Avarta	Ṣoḍaśāvarta	zoqaSAvarta	True
1729	Avarta	Su-dus-	su-dusAvarta	False
1729	Avarta	Sūrya-	sUryAvarta	True
1729	Avarta	Hṛd-	hfdAvarta	True
1735	AvasaTa	Deva-	devAvasaTa	True
1737	Avaha	Dus-	dusAvaha	False
1737	Avaha	Mala-	malAvaha	True
1738	AvApa	Śara-	SarAvApa	True
1739	AvAsa	Bhoga-	BogAvAsa	True
1741	Avika	Pañcāvika	paYcAvika	True
1743	Avila	An-	anAvila	True
1743	Avila	Pari-	paryAvila	True
1749	Avega	Ati-	atyAvega	True
1756	ASaMsA	Sa-	sASaMsA	True
1756	ASaMsA	-śam	-Sam	False
1758	ASaNkA	Gata-	gatASaNkA	False
1758	ASaNkA	Sa-	sASaNkA	False
1760	ASaya	Ama-	amASaya	False
1760	ASaya	Krūra-	krUrASaya	True
1760	ASaya	Garbha-	garBASaya	True
1760	ASaya	Toya-	toyASaya	True
1760	ASaya	Dus-	dusASaya	False
1760	ASaya	Duṣṭa-	duzwASaya	True
1760	ASaya	Pakva-	pakvASaya	True
1760	ASaya	Mahā-	mahASaya	True
1760	ASaya	Mūtra-	mUtrASaya	True
1760	ASaya	Vi-rata-	vi-ratASaya	False
1760	ASaya	Sukha-	suKASaya	True
1761	ASA	Dus-	dusASA	False
1761	ASA	Dhana-	DanASA	True
1761	ASA	Nis-	nisASA	False
1761	ASA	Bhagna-	BagnASA	False
1761	ASA	Hata-	hatASA	False
1764	ASin	Nirāmisha-	nirAmishASin	False
1764	ASin	Pavana-	pavanASin	True
1764	ASin	Pūrva-	pUrvASin	True
1765	ASis	Jaya-	jayASis	True
1770	ASOca	Sūtyāśauca	sUtyASOca	True
1771	AScarya	Sa-	sAScarya	True
1771	AScarya	-yam	-yam	False
1774	ASrama	Kāma-	kAmASrama	True
1774	ASrama	Gṛha-	gfhASrama	True
1774	ASrama	Jyeṣṭha-	jyezWASrama	True
1775	ASramin	Gṛha-	gfhASramin	True
1776	ASraya	Garta-	gartASraya	True
1776	ASraya	Nis-	nisASraya	False
1776	ASraya	Para-	parASraya	True
1776	ASraya	Vana-	vanASraya	True
1776	ASraya	Vāṇa-	vARASraya	True
1780	ASrava	An-	anASrava	True
1789	As	Dus-	dusAs	False
1790	AsaNga	Uttara-	uttarAsaNga	True
1792	Asana	Ardha-	arDAsana	True
1792	Asana	Kamala-	kamalAsana	True
1792	Asana	Dharma-	DarmAsana	True
1792	Asana	Nṛpa-	nfpAsana	True
1792	Asana	Padma-	padmAsana	True
1792	Asana	Bhadra-	BadrAsana	True
1792	Asana	Vīra-	vIrAsana	True
1792	Asana	Śakra-	SakrAsana	True
1792	Asana	Saha-	sahAsana	True
1792	Asana	Siṃha-	siMhAsana	True
1793	Asava	Madhu-	maDvAsava	True
1793	Asava	Surā-	surAsava	True
1793	Asava	Smara-	smarAsava	True
1795	AsAra	Dhārā-	DArAsAra	True
1795	AsAra	Puṣpa-	puzpAsAra	True
1795	AsAra	Sa-	sAsAra	True
1799	AseDa	Sthāna-	sTAnAseDa	True
1800	AsevA	Dus-	dusAsevA	False
1810	AsTA	An-	anAsTA	True
1810	AsTA	Jāta-	jAtAsTA	False
1817	Asya	Uraga-	uragAsya	True
1817	Asya	Daśāsya	daSAsya	True
1817	Asya	Dīrgha-	dIrGAsya	True
1817	Asya	Pañca(n)-	paYca(n)Asya	False
1817	Asya	Pāṇi-	pARyAsya	True
1817	Asya	Manda-	mandAsya	True
1817	Asya	Markaṭa-	markawAsya	True
1817	Asya	Sthūla-	sTUlAsya	True
1823	Ahara	Dus-	dusAhara	False
1826	Ahava	Mahā-	mahAhava	True
1827	AhAra	An-	anAhAra	True
1827	AhAra	Ekāhāra	ekAhAra	True
1827	AhAra	Nis-	nisAhAra	False
1827	AhAra	Pakṣa-	pakzAhAra	True
1827	AhAra	Phala-	PalAhAra	True
1827	AhAra	Śāka-	SAkAhAra	True
1827	AhAra	Su-	svAhAra	True
1827	AhAra	Svecchā-	svecCAhAra	True
1832	Ahnika	Gava-	gavAhnika	True
1836	Ahvaya	Hima-	himAhvaya	True
1838	AhvA	Cakra-	cakrAhvA	True
1838	AhvA	Sūrya-	sUryAhvA	False
1840	i	abhyatīta	aByatIta	True
1840	i	vyatīta	vyatIta	True
1841	ikzu	Kāṣṭha-	kAzWekzu	True
1845	iNga	Nis-	nisiNga	False
1847	icCA	An-	anicCA	True
1847	icCA	Mahā-iccha	mahA-icCa	False
1847	icCA	Yatheccham	yaTecCam	True
1847	icCA	Sva-	svecCA	True
1849	ijyA	Bhūta-ijya	BUta-ijya	False
1852	itara	Itara-itara	itara-itara	False
1852	itara	Nara-	naretara	True
1852	itara	Paruṣa-	paruzetara	True
1852	itara	Sabhya-	saByetara	True
1852	itara	Savya-	savyetara	True
1852	itara	Sahaja-	sahajetara	True
1852	itara	Sita-	sitetara	True
1868	indu	A-bāla-	a-bAlendu	False
1868	indu	Vadana-	vadanendu	True
1872	indriya	Antar-	antarindriya	True
1872	indriya	Karmendriya	karmendriya	True
1872	indriya	Jita-	jitendriya	True
1872	indriya	Nis-	nisindriya	False
1872	indriya	Buddhi-	budDyindriya	False
1872	indriya	Sa-	sendriya	True
1874	inDana	Agni-	agnyinDana	False
1874	inDana	Ap-	apinDana	False
1877	iBa	Gandha-	ganDeBa	True
1877	iBa	Jala-gandha-	jala-ganDeBa	False
1877	iBa	Digibha	digiBa	True
1889	izIkA	Śara-	SarezIkA	True
1890	izu	Kusuma-	kusumezu	True
1890	izu	Pañceṣu	paYcezu	True
1890	izu	Puṣpa-	puzpezu	True
1891	izuDi	Mahā-	mahezuDi	True
1896	izwi	Jāta-	jAtezwi	True
1899	izvAsa	Mahā-	mahezvAsa	True
1905	IkzaRa	A-sita-	a-sitaIkzaRa	False
1905	IkzaRa	Madirā-	madirAIkzaRa	False
1912	Iti	Nis-	nisIti	False
1918	IpsA	Yathā-	yaTAIpsA	False
1919	Ipsu	Dharma-	DarmaIpsu	False
1928	IrzyA	Sa-īrṣya + m	sa-Irzya + m	False
1931	ISa	An-	anISa	True
1931	ISa	Amara-	amaraISa	False
1931	ISa	Avani-	avaniISa	False
1931	ISa	Kṣiti-	kzitiISa	False
1931	ISa	Gaurī-	gOrIISa	False
1931	ISa	Caṇḍī-	caRqIISa	False
1931	ISa	Jagadīśa	jagadISa	True
1931	ISa	Jana-	janaISa	False
1931	ISa	Jala-	jalaISa	False
1931	ISa	Jīvita-	jIvitaISa	False
1931	ISa	Tiryagīśa	tiryagISa	True
1931	ISa	Deva-	devaISa	False
1931	ISa	Nadi-	nadiISa	False
1931	ISa	Bhūta-	BUtaISa	False
1931	ISa	Rohiṇī-	rohiRIISa	False
1931	ISa	Viṃśati-	viMSatiISa	False
1931	ISa	Vijaya-	vijayaISa	False
1931	ISa	Vitta-	vittaISa	False
1931	ISa	Svarga-loka-	svarga-lokaISa	False
1932	ISA	Ratha-	raTaISA	False
1933	ISAna	Gaṇa-īśāna	gaRa-ISAna	False
1938	ISvara	An-	anISvara	True
1938	ISvara	Amara-	amaraISvara	False
1938	ISvara	Alakā-	alakAISvara	False
1938	ISvara	Avanti-	avantiISvara	False
1938	ISvara	Ātmeśvara	AtmeSvara	True
1938	ISvara	Kavi-	kaviISvara	False
1938	ISvara	Kāvyadevī-	kAvyadevIISvara	False
1938	ISvara	Kṣiti-	kzitiISvara	False
1938	ISvara	Gaṇa-	gaRaISvara	False
1938	ISvara	Cakra-	cakraISvara	False
1938	ISvara	Caṇḍā-	caRqAISvara	False
1938	ISvara	Jagadiśvara	jagadiSvara	False
1938	ISvara	Jana-	janaISvara	False
1938	ISvara	Jala-	jalaISvara	False
1938	ISvara	Tuṅga-	tuNgaISvara	False
1938	ISvara	Tri-diva-	tri-divaISvara	False
1938	ISvara	Tri-pura-	tri-puraISvara	False
1938	ISvara	Dina-	dinaISvara	False
1938	ISvara	Deva-	devaISvara	False
1938	ISvara	Deha-	dehaISvara	False
1938	ISvara	Dvija-	dvijaISvara	False
1938	ISvara	Dhana-	DanaISvara	False
1938	ISvara	Nandīśvara	nandISvara	True
1938	ISvara	Prāṇa-	prARaISvara	False
1938	ISvara	Niśā-prāṇa-	niSA-prARaISvara	False
1938	ISvara	Bhūta-	BUtaISvara	False
1938	ISvara	Mahā-	mahAISvara	False
1938	ISvara	Yogu-	yoguISvara	False
1938	ISvara	Śūra-	SUraISvara	False
1938	ISvara	Sāmbā-	sAmbAISvara	False
1938	ISvara	Sura-	suraISvara	False
1944	IhA	An-īha	an-Iha	False
1944	IhA	Nis-īhā	nis-IhA	False
1948	ukti	Dus-	dusukti	False
1948	ukti	Vakrokti	vakrokti	True
1948	ukti	Hita-	hitokti	True
1956	ugra	Ati-	atyugra	True
1957	uc	A-tathā-	a-taToc	False
1957	uc	An-	anuc	False
1957	uc	Yathā-	yaToc	False
1957	uc	A-yathā-ucita	a-yaTA-ucita	False
1959	ucca	An-	anucca	True
1962	uccaya	Śilā-	Siloccaya	True
1962	uccaya	Salila-	saliloccaya	True
1962	uccaya	Sthūla-	sTUloccaya	True
1978	ucCeda	Dus-	dusucCeda	False
1984	ucCraya	Mahā-	mahocCraya	True
1984	ucCraya	Su-kṛta-	su-kftocCraya	False
1985	ucCrAya	Śṛṅga-	SfNgocCrAya	True
1988	ucCvAsa	Nis-	nisucCvAsa	False
1997	uYCa	Śila-	SiloYCa	True
1998	uwaja	Saha-	sahowaja	True
2006	utka	Sa-	sotka	True
2007	utkawa	Ati-	atyutkawa	True
2007	utkawa	Mada-	madotkawa	True
2009	utkaRWa	Sa-	sotkaRWa	True
2009	utkaRWa	-ṭham	-Wam	False
2010	utkampa	Gati-	gatyutkampa	False
2010	utkampa	Sa-	sotkampa	True
2012	utkara	Mūṣika-	mUzikotkara	True
2012	utkara	Prakīrṇa-kusuma-	prakIrRa-kusumotkara	False
2030	uttama	An-	anuttama	True
2030	uttama	Dvija-	dvijottama	True
2030	uttama	Puruṣa-	puruzottama	True
2030	uttama	Maṇḍala-	maRqalottama	True
2030	uttama	Mṛga-	mfgottama	True
2030	uttama	Raghu-	raGvuttama	False
2030	uttama	Ratha-	raTottama	True
2030	uttama	Śara-	Sarottama	True
2030	uttama	Sevaka-	sevakottama	True
2033	uttara	Adhara-	aDarottara	True
2033	uttara	uttarattara	uttarattara	False
2033	uttara	Asrottaram	asrottaram	True
2033	uttara	Klinna-pakṣa-	klinna-pakzottara	False
2033	uttara	Guṇa-	guRottara	True
2033	uttara	Dakṣiṇa-	dakziRottara	True
2033	uttara	Dadhi-	daDyuttara	True
2033	uttara	Duḥkha-	duHKottara	True
2033	uttara	Dharma-	Darmottara	True
2033	uttara	Nis-	nisuttara	False
2033	uttara	Prāguttareṇa	prAguttareRa	True
2033	uttara	Viṣṭara-	vizwarottara	True
2033	uttara	Saptottara	saptottara	True
2047	utTAna	An-	anutTAna	True
2047	utTAna	Su-	svutTAna	False
2054	utpatti	An-	anutpatti	True
2057	utpala	Nīla-	nIlotpala	True
2062	utpAta	Mahā-	mahotpAta	True
2067	utpIqa	Sa-	sotpIqa	True
2069	utprAsa	Sa-	sotprAsa	True
2077	utsarga	Vṛṣa-	vfzotsarga	True
2080	utsava	Baddha-	badDotsava	True
2083	utsAha	Kṛta-	kftotsAha	True
2083	utsAha	Dus-	dusutsAha	False
2083	utsAha	Nis-	nisutsAha	False
2083	utsAha	Mahā-	mahotsAha	True
2083	utsAha	Yathā-utsāha + m	yaTA-utsAha + m	False
2083	utsAha	Sa-	sotsAha	True
2086	utsuka	Nis-	nisutsuka	False
2086	utsuka	Pari-	paryutsuka	True
2086	utsuka	Sa-	sotsuka	True
2087	utsukatA	An-	anutsukatA	True
2088	utseka	An-	anutseka	True
2089	utseDa	Navotsedha	navotseDa	False
2093	udaka	Kāma-	kAmodaka	True
2093	udaka	Kāla-	kAlodaka	True
2093	udaka	Kuśa-	kuSodaka	True
2093	udaka	Kṛta-	kftodaka	True
2093	udaka	Tila-	tilodaka	True
2093	udaka	Maṇḍa-	maRqodaka	True
2093	udaka	Samāna-	samAnodaka	True
2098	udaDi	Kṣāra-	kzArodaDi	True
2098	udaDi	Kṣīra-	kzIrodaDi	True
2098	udaDi	Mahā-	mahodaDi	True
2102	udaya	Karuṇā-	karuRodaya	False
2102	udaya	Candra-	candrodaya	True
2102	udaya	Dus-	dusudaya	False
2102	udaya	Mahā-	mahodaya	True
2102	udaya	Yathā-udaya + m	yaTA-udaya + m	False
2102	udaya	Sa-	sodaya	True
2105	udara	Kṛśa-	kfSodara	True
2105	udara	Jala-	jalodara	True
2105	udara	Dagdha-	dagDodara	True
2105	udara	Nis-nata-	nis-natodara	False
2105	udara	Brahmāṇḍabhāṇḍa-	brahmARqaBARqodara	True
2105	udara	Mahā-	mahodara	True
2105	udara	Lamba-	lambodara	True
2105	udara	Sa-	sodara	True
2105	udara	Saha-	sahodara	True
2107	udarin	Udaka-	udakodarin	True
2108	udarka	Śubha-	SuBodarka	True
2108	udarka	Sa-	sodarka	True
2108	udarka	Sukha-	suKodarka	True
2108	udarka	A-sukha-	a-suKodarka	False
2113	udAratA	Ati-	atyudAratA	False
2134	udGAta	An-	anudGAta	True
2138	uddeSa	Yathā-uddeśa + m	yaTA-uddeSa + m	False
2138	uddeSa	Raṇa-	raRoddeSa	True
2138	uddeSa	Vana-	vanoddeSa	True
2143	udDartf	Caura-	cOrodDartf	True
2146	udDAra	Vaira-	vErodDAra	True
2146	udDAra	Śalya-	SalyodDAra	True
2146	udDAra	Śāpa-	SApodDAra	True
2152	udBava	Kṣata-	kzatodBava	True
2152	udBava	Jala-	jalodBava	True
2152	udBava	Tanu-	tanvudBava	False
2152	udBava	Padma-	padmodBava	True
2152	udBava	Saṃmūrchana-	saMmUrCanodBava	False
2152	udBava	Soma-	somodBava	True
2160	udBeda	Gaṅgā-	gaNgodBeda	True
2162	udyama	Kṛta-	kftodyama	False
2162	udyama	Daṇḍa-	daRqodyama	True
2162	udyama	Nis-	nisudyama	False
2162	udyama	Mahā-	mahodyama	True
2164	udyAna	Puṇya-	puRyodyAna	True
2166	udyoga	An-	anudyoga	True
2166	udyoga	Nis-	nisudyoga	False
2166	udyoga	Sa-	sodyoga	True
2168	udreka	Sattva-	sattvodreka	True
2171	udvaha	Dus-	dusudvaha	False
2171	udvaha	Raghu-	raGvudvaha	False
2171	udvaha	Rata-	ratodvaha	True
2175	udvAha	Kṛta-	kftodvAha	True
2178	udvega	An-	anudvega	True
2178	udvega	Nis-	nisudvega	False
2178	udvega	Sa-	sodvega	True
2186	unnatimant	Naya-sāhasa-unnati + mant	naya-sAhasa-unnati + mant	False
2189	unnayana	Sīmanta-	sImantonnayana	True
2193	unmada	Mahā-	mahonmada	True
2199	unmAda	Kṛta-	kftonmAda	True
2199	unmAda	Sa-	sonmAda	True
2211	upakaraRa	Karmopakaraṇa	karmopakaraRa	True
2211	upakaraRa	Śastra-	SastropakaraRa	True
2214	upakAra	Sa-	sopakAra	True
2215	upakAraka	Sa-	sopakAraka	True
2216	upakArin	Para-	paropakArin	True
2221	upakrama	Nis-	nisupakrama	False
2229	upagama	Viśvāsa-	viSvAsopagama	True
2243	upacAra	Dus-	dusupacAra	False
2243	upacAra	Sopa-cāram	sopa-cAram	False
2254	upajIvin	Ātmopajīvin	AtmopajIvin	True
2254	upajIvin	Gandha-	ganDopajIvin	True
2254	upajIvin	Tāmra-	tAmropajIvin	True
2255	upajozam	Yathā-	yaTopajozam	True
2263	upadeSa	Dharma-	DarmopadeSa	True
2263	upadeSa	Yathopadeśam	yaTopadeSam	True
2263	upadeSa	Hita-	hitopadeSa	True
2269	upadrava	Nis-	nisupadrava	False
2273	upaDAna	Gaṇḍa-upadhāna	gaRqa-upaDAna	False
2276	upaDi	Nis-	nisupaDi	False
2276	upaDi	Sa-	sopaDi	True
2288	upapatti	An-	anupapatti	True
2298	upaplava	Nis-	nisupaplava	False
2298	upaplava	Sa-	sopaplava	True
2298	upaplava	Salila-	salilopaplava	True
2306	upamA	An-upama	an-upama	False
2306	upamA	Alabdhopama	alabDopama	False
2306	upamA	Nīs-	nIsupamA	False
2306	upamA	amṛta-	amftopamA	False
2311	upayAcana	Satya-	satyopayAcana	True
2319	uparAga	nirviṣayoparāga	nirvizayoparAga	True
2325	upala	Tapana-	tapanopala	True
2325	upala	Rasa-	rasopala	True
2327	upalabDi	An-	anupalabDi	True
2334	upavAsa	Sa-	sopavAsa	True
2336	upavAsin	Māsa-	mAsopavAsin	True
2339	upavItin	Yajña-	yajYopavItin	True
2361	upasarga	Sa-	sopasarga	True
2364	upasarpin	Dus-	dusupasarpin	False
2369	upaskara	Su-	svupaskara	False
2369	upaskara	Susaṃskṛta-	susaMskftopaskara	True
2372	upasTa	Ratha-	raTopasTa	True
2373	upasTAna	An-	anupasTAna	True
2380	upahAsa	Sopahāsam	sopahAsam	True
2390	upADi	An-	anupADi	True
2392	upADyAya	Paṭṭa-	pawwopADyAya	True
2392	upADyAya	Mahā-	mahopADyAya	True
2392	upADyAya	Mahā-mahā-	mahA-mahopADyAya	False
2400	upAlamBa	Sa-	sopAlamBa	True
2425	uraga	Kṛṣṇa-	kfzRoraga	True
2425	uraga	Mahā-	mahoraga	True
2425	uraga	Hṛta-	hftoraga	True
2428	uraSCada	Kāñcana-	kAYcanoraSCada	False
2441	ulUka	Kumbha-	kumBolUka	True
2445	ulkA	Tṛṇa-	tfRolkA	True
2445	ulkA	Makā-	makolkA	False
2451	ullAsa	Cidullāsa	cidullAsa	True
2457	ulvaRa	Ati-	atyulvaRa	True
2465	uzwra	Khara-	Karozwra	True
2467	uzRa	Ati-	atyuzRa	True
2467	uzRa	An-	anuzRa	True
2473	uzRIzin	Kañcukoṣṇīṣin	kaYcukozRIzin	True
2474	uzman	Dhana-	Danozman	True
2474	uzman	Nidhāna-	niDAnozman	False
2474	uzman	Nis-	nisuzman	False
2490	Uru	An-	anUru	True
2498	UrRa	Karṇorṇa	karRorRa	True
2498	UrRa	Patrorṇa	patrorRa	True
2505	Urmi	Kṣīra-	kzIrormi	True
2506	Urmin	Mahā-	mahormin	True
2517	Uha	An-ūha	an-Uha	False
2517	Uha	Durūha	durUha	True
2518	f	Citra-	citrar	False
2524	fc	An-	anfc	True
2524	fc	Try-ṛc	try-fc	False
2531	fju	An-	anfju	True
2535	fRa	An-	anfRa	True
2540	fta	An-	anfta	True
2540	fta	Apānṛta	apAnfta	True
2540	fta	Satya-an	satya-an	False
2546	ftu	An-	anftu	True
2558	fzi	Devarṣi	devarzi	True
2558	fzi	Brahmarṣi	brahmarzi	True
2558	fzi	Rājarṣi	rAjarzi	True
2558	fzi	Saptarṣi	saptarzi	True
2598	ekAdaSa	Vṛṣabhaikadaśa	vfzaBEkadaSa	False
2634	enas	An-	anenas	True
2644	ezin	Dhana-	Danaizin	False
2644	ezin	Sarva-bhūta-hita-	sarva-BUta-hitaizin	False
2654	EkAntika	An-	anEkAntika	True
2680	ESvarya	Dhana-	DanASvarya	False
2687	okas	Ambara-	ambaraukas	False
2687	okas	Araṇya-	araRyaukas	False
2687	okas	Kānana-	kAnanaukas	False
2687	okas	Jala-	jalaukas	False
2687	okas	Tri-diva-	tri-divaukas	False
2687	okas	Mānasa-	mAnasaukas	False
2687	okas	Vana-	vanaukas	False
2687	okas	Vāri-	vAryokas	True
2687	okas	Vāsa-	vAsaukas	False
2687	okas	Vila-	vilaukas	False
2687	okas	Svarga-	svargaukas	False
2689	oGa	Śara-	SarauGa	False
2689	oGa	Sarva-	sarvauGa	False
2693	ojas	Amitaujas	amitOjas	True
2693	ojas	Mahaujas	mahOjas	True
2698	odana	Kṣīraudana	kzIrOdana	True
2698	odana	Guḍodana	guqodana	True
2698	odana	Tila-	tilaudana	False
2698	odana	Dadhi-	daDyodana	True
2698	odana	Māṃsa-bhūtodana	mAMsa-BUtodana	False
2698	odana	Śāli-	SAlyodana	True
2702	ozaDi	Mahauṣadhi	mahOzaDi	True
2714	Otsukya	Manda-	mandAtsukya	False
2714	Otsukya	Sa-	sAtsukya	False
2749	OzaDa	Mahā-	mahAzaDa	False
2760	kakud	Tri-	trikakud	True
2761	kakuda	Tri-	trikakuda	True
2772	kakza	Hiraṇya-	hiraRyakakza	True
2772	kakza	Hema-	hemakakza	True
2775	kakzya	Suvarṇa-	suvarRakakzya	True
2775	kakzya	Saptakakṣya	saptakakzya	False
2786	kaca	Utkaca	utkaca	True
2789	kacCa	Mahā-	mahAkacCa	True
2795	kaYcuka	Utkañcuka	utkaYcuka	True
2795	kaYcuka	Mukta-	muktakaYcuka	True
2795	kaYcuka	Su-bhāṣita-rasa-āsvāda-jāta-romāñca-kañcuka	su-BAzita-rasa-AsvAda-jAta-romAYca-kaYcuka	False
2802	kawa	Baddha-	badDakawa	False
2802	kawa	Śruti-	Srutikawa	True
2802	kawa	Sa-	sakawa	True
2802	kawa	Sam-	samkawa	False
2802	kawa	Mahā-sam-	mahA-samkawa	False
2813	kawuka	Sa-	sakawuka	True
2824	kaRa	Tuṣāra-, tuhina-	tuzAra-, tuhinakaRa	False
2832	kaRwaka	A-	akaRwaka	True
2832	kaRwaka	Amara-	amarakaRwaka	True
2832	kaRwaka	Niṣkaṇṭaka	nizkaRwaka	True
2832	kaRwaka	Bhūrja-	BUrjakaRwaka	True
2832	kaRwaka	Sa-	sakaRwaka	True
2860	kaTam	Yathā-katha + m	yaTA-kaTa + m	False
2861	kaTA	Dharma-	DarmakaTA	True
2861	kaTA	Purā-	purAkaTA	True
2861	kaTA	Sam-	samkaTA	False
2889	kanda	Mahā-	mahAkanda	True
2889	kanda	Rakta-	raktakanda	True
2895	kandala	Rakta-	raktakandala	True
2900	kanDara	Utkandhara	utkanDara	True
2900	kanDara	Daśakandhara	daSakanDara	True
2904	kanyA	Kāśi-	kASikanyA	True
2904	kanyA	Jahnu-	jahnukanyA	True
2904	kanyA	Sama-	samakanyA	True
2929	kapola	Su-	sukapola	True
2936	kam	Candra-	candrakam	True
2936	kam	Ramā-	ramAkam	False
2936	kam	Ravi-	ravikam	False
2936	kam	Rādhā-	rADAkam	False
2936	kam	Sūrya-	sUryakam	True
2936	kam	kāmita	kAmita	True
2940	kamala	Kara-kamala	kara-kamala	False
2940	kamala	Vikasita-vadana-kamala	vikasita-vadana-kamala	False
2940	kamala	Vikasita-nayana-vadana-kamala	vikasita-nayana-vadana-kamala	False
2940	kamala	Sa-	sakamala	True
2944	kampa	Niṣkampa	nizkampa	True
2944	kampa	Kṣiti-, bhū-	kziti-, BUkampa	False
2945	kampana	Sa-	sakampana	True
2945	kampana	Sva-	svakampana	True
2945	kampana	Hṛdaya-	hfdayakampana	True
2947	kambala	Pāṇḍu-	pARqukambala	True
2950	kara	Agra-	agrakara	True
2950	kara	A-tuṣāra-kara	a-tuzAra-kara	False
2950	kara	Kula-kara	kula-kara	False
2950	kara	Citra-	citrakara	True
2950	kara	Dina-, divasa-	dina-, divasakara	False
2950	kara	Duṣkara	duzkara	True
2950	kara	Padma-	padmakara	True
2950	kara	Bhoga-	Bogakara	True
2950	kara	Śūlodyatakara	SUlodyatakara	True
2950	kara	Sa-	sakara	True
2950	kara	Su-	sukara	True
2950	kara	A-su-	a-sukara	False
2957	karawa	Pra-bhinna-	pra-Binnakarawa	False
2959	karaRa	A-	akaraRa	True
2959	karaRa	Anta-	antakaraRa	True
2959	karaRa	Antaḥkaraṇa	antaHkaraRa	True
2959	karaRa	A-hita-	a-hitakaraRa	False
2959	karaRa	Trivṛt-	trivftkaraRa	True
2959	karaRa	Prahāra-	prahArakaraRa	True
2959	karaRa	Virūpa-	virUpakaraRa	True
2959	karaRa	Śeṣa-	SezakaraRa	True
2961	karaRqaka	Puṣpa-	puzpakaraRqaka	True
2961	karaRqaka	Bhramara-	BramarakaraRqaka	True
2961	karaRqaka	Rakṣā-	rakzAkaraRqaka	True
2980	karAla	A-	akarAla	True
2980	karAla	Daṃṣṭrā-	daMzwrAkarAla	True
2980	karAla	Vi-	vikarAla	True
2982	karin	Dikkarin	dikkarin	True
2982	karin	Vana-	vanakarin	True
2982	karin	Sura-	surakarin	True
2985	karuRa	A-karuṇa	a-karuRa	False
2985	karuRa	Niṣkaruṇa	nizkaruRa	True
2985	karuRa	Sa-	sakaruRa	True
2989	karUza	Niṣkarūṣa	nizkarUza	True
3005	karRa	Aśva-	aSvakarRa	True
3005	karRa	Utkarṇa	utkarRa	True
3005	karRa	Kumbha-	kumBakarRa	True
3005	karRa	Go-	gokarRa	True
3005	karRa	Catuṣkarṇa	catuzkarRa	True
3005	karRa	Tri-	trikarRa	True
3005	karRa	Dadhi-	daDikarRa	True
3005	karRa	Lamba-	lambakarRa	True
3005	karRa	Vi-	vikarRa	True
3005	karRa	Śaṅku-	SaNkukarRa	True
3005	karRa	Ṣaṭkarṇa	zawkarRa	True
3005	karRa	Stabdha-	stabDakarRa	True
3005	karRa	Hastikarṇa	hastikarRa	True
3008	karRaDAra	A-	akarRaDAra	True
3014	karRikA	Padma-karṇika	padma-karRika	False
3025	kartf	Ādi-	Adikartf	True
3025	kartf	Dina-	dinakartf	True
3025	kartf	Miṣṭa-	mizwakartf	True
3025	kartf	Rājya-	rAjyakartf	True
3025	kartf	Śarīra-	SarIrakartf	True
3025	kartf	Su-varṇa-	su-varRakartf	False
3025	kartf	Hema-	hemakartf	True
3032	kardama	Kṣāra-	kzArakardama	True
3032	kardama	Yakṣa-	yakzakardama	True
3035	karpara	Ghaṭa-	Gawakarpara	True
3043	karmakara	Gṛha-	gfhakarmakara	True
3045	karmakft	Krūra-	krUrakarmakft	True
3045	karmakft	Sva-	svakarmakft	True
3049	karman	Adbhuta-	adButakarman	True
3049	karman	An-ārya-	an-Aryakarman	False
3049	karman	Antya-	antyakarman	True
3049	karman	Indra-	indrakarman	True
3049	karman	Kāla-	kAlakarman	True
3049	karman	Keśa-	keSakarman	True
3049	karman	Krūra-	krUrakarman	True
3049	karman	Gṛha-	gfhakarman	True
3049	karman	Grāmya-	grAmyakarman	True
3049	karman	Citra-	citrakarman	True
3049	karman	Cūḍā-	cUqAkarman	True
3049	karman	Caura-	cOrakarman	True
3049	karman	Jāta-	jAtakarman	True
3049	karman	Jāla-	jAlakarman	True
3049	karman	Toya-	toyakarman	True
3049	karman	Tri-	trikarman	True
3049	karman	Dāra-	dArakarman	True
3049	karman	Durga-	durgakarman	True
3049	karman	Duṣkarman	duzkarman	True
3049	karman	Duṣkṛta-	duzkftakarman	True
3049	karman	Nāma(n)-	nAma(n)karman	False
3049	karman	Nau-	nOkarman	True
3049	karman	Puṇya-	puRyakarman	True
3049	karman	Putra-	putrakarman	True
3049	karman	Mūla-	mUlakarman	True
3049	karman	Yathā-	yaTAkarman	False
3049	karman	Viśva-	viSvakarman	True
3049	karman	Ṣaṭk˚	zawk˚	False
3049	karman	Sa-	sakarman	True
3049	karman	Sajja-	sajjakarman	True
3049	karman	Su-	sukarman	True
3049	karman	Hīna-	hInakarman	True
3069	kal	Dhairya-	DEryakal	False
3069	kal	kalaya	kalaya	True
3070	kala	Mada-	madakala	True
3072	kalaNka	Hariṇa-	hariRakalaNka	True
3074	kalatra	Sa-	sakalatra	True
3083	kalaha	Vākkalaha	vAkkalaha	True
3083	kalaha	Śuṣka-	Suzkakalaha	True
3083	kalaha	Sa-	sakalaha	True
3086	kalA	Niṣkala	nizkala	True
3086	kalA	Sa-kala	sa-kala	False
3102	kalevara	Duṣka˚	duzka˚	False
3103	kalka	Tila-	tilakalka	True
3109	kalpana	A-satkalpanā	a-satkalpanA	False
3111	kalmaza	A-	akalmaza	True
3111	kalmaza	Niṣkalmaṣa	nizkalmaza	True
3111	kalmaza	Vi-	vikalmaza	True
3111	kalmaza	Vi-gata-	vi-gatakalmaza	False
3111	kalmaza	Vīta-	vItakalmaza	True
3114	kalya	Ati-kalyam	ati-kalyam	False
3127	kavaca	Nārī-	nArIkavaca	True
3127	kavaca	Nivāta-	nivAtakavaca	True
3127	kavaca	Sa-	sakavaca	True
3135	kavi	Su-	sukavi	True
3136	kavitA	Su-	sukavitA	True
3142	kaSipu	Hiraṇya-	hiraRyakaSipu	True
3148	kaSyapa	Bhū-	BUkaSyapa	True
3153	kazAya	a-niṣkaṣāya	a-nizkazAya	False
3155	kazwa	Adhi-	aDikazwa	True
3159	kasmAt	A-	akasmAt	True
3164	kAka	Bhū-	BUkAka	True
3188	kAYcI	Sva-kara-avalambana-vi-mukta-galat-kala-kāñci	sva-kara-avalambana-vi-mukta-galat-kala-kAYci	False
3193	kARqa	A-	akARqa	True
3193	kARqa	Jaṅghā-	jaNGAkARqa	False
3193	kARqa	Danta-	dantakARqa	True
3194	kAtara	A-	akAtara	True
3194	kAtara	Sa-	sakAtara	True
3202	kAnana	Krīḍā-	krIqAkAnana	True
3202	kAnana	Maṇi-	maRikAnana	True
3209	kAnti	Sūrya-	sUryakAnti	True
3225	kAma	A-	akAma	True
3225	kAma	Artha-	arTakAma	True
3225	kAma	Niṣkāma	nizkAma	True
3225	kAma	Puṃs-	puMskAma	True
3225	kAma	Priya-	priyakAma	True
3225	kAma	Bandhu-	banDukAma	True
3225	kAma	Yathā-kāma + m	yaTA-kAma + m	False
3225	kAma	Vīta-	vItakAma	True
3225	kAma	Sa-	sakAma	True
3225	kAma	Svapna-	svapnakAma	True
3225	kAma	Hita-	hitakAma	True
3229	kAmagama	Sarva-	sarvakAmagama	True
3236	kAmatas	A-	akAmatas	True
3255	kAmin	A-	akAmin	True
3255	kAmin	Kāma-	kAmakAmin	True
3255	kAmin	Sarva-	sarvakAmin	True
3256	kAmuka	Vañcitāneka-	vaYcitAnekakAmuka	False
3260	kAmya	Itaretarakāmyā	itaretarakAmyA	True
3260	kAmya	Tvaddhitakāmyā	tvadDitakAmyA	False
3260	kAmya	Badha-kāmyā	baDa-kAmyA	False
3260	kAmya	Sarva-kāmya	sarva-kAmya	False
3260	kAmya	Hita-	hitakAmya	False
3263	kAya	Ati-	atikAya	True
3263	kAya	Pūrva-	pUrvakAya	True
3263	kAya	Yaśaḥ-kāya	yaSaH-kAya	False
3263	kAya	Svarṇa-	svarRakAya	True
3269	kAraRa	A-	akAraRa	True
3269	kAraRa	A-kāraṇam	a-kAraRam	False
3269	kAraRa	Anna-kāraṇam	anna-kAraRam	False
3269	kAraRa	Kārya-	kAryakAraRa	True
3269	kAraRa	Niṣkāraṇa	nizkAraRa	True
3269	kAraRa	Yatkāraṇam	yatkAraRam	True
3303	kArmuka	Bhīma-	BImakArmuka	True
3306	kArya	A-	akArya	True
3306	kArya	Agni-	agnikArya	True
3306	kArya	Udaka-	udakakArya	True
3306	kArya	Eka-	ekakArya	True
3306	kArya	Kṛta-	kftakArya	True
3306	kArya	Gṛka-	gfkakArya	False
3306	kArya	Carmakārya	carmakArya	True
3306	kArya	Deva-	devakArya	True
3306	kArya	Dharma-	DarmakArya	True
3306	kArya	Pitṛ-	pitfkArya	True
3306	kArya	Putra-	putrakArya	True
3306	kArya	Mitra-	mitrakArya	True
3306	kArya	Samūha-	samUhakArya	True
3323	kAla	A-	akAla	True
3323	kAla	Ādi-	AdikAla	True
3323	kAla	Ṛtu-	ftukAla	True
3323	kAla	Eka-kāla + m	eka-kAla + m	False
3323	kAla	Kārya-	kAryakAla	True
3323	kAla	Kṛta-	kftakAla	True
3323	kAla	Caturtha-kāla + m	caturTa-kAla + m	False
3323	kAla	Tad-kāla + m	tad-kAla + m	False
3323	kAla	Tāvatkāla + m	tAvatkAla + m	False
3323	kAla	Tri-	trikAla	True
3323	kAla	Duṣkāla	duzkAla	True
3323	kAla	Nitya-kāla + m	nitya-kAla + m	False
3323	kAla	Purva(n)-	purva(n)kAla	False
3323	kAla	Prāpta-kāla + m	prApta-kAla + m	False
3323	kAla	A-prāpta-kāla + m	a-prApta-kAla + m	False
3323	kAla	Yathā-kāla + m	yaTA-kAla + m	False
3323	kAla	Sa-kāla + m	sa-kAla + m	False
3323	kAla	Sūrya-	sUryakAla	True
3324	kAla	Bhadra-kālī	Badra-kAlI	False
3324	kAla	Mahā-	mahAkAla	True
3325	kAlaka	Tila-	tilakAlaka	True
3342	kAlika	A-kālika + m	a-kAlika + m	False
3342	kAlika	Aṣṭama-	azwamakAlika	True
3342	kAlika	Eka-kālika + m	eka-kAlika + m	False
3342	kAlika	Caturtha-	caturTakAlika	True
3342	kAlika	Niṣkālika	nizkAlika	True
3342	kAlika	Māsa-	mAsakAlika	True
3348	kAlinda	Yama-kālindī	yama-kAlindI	False
3359	kAvya	Mahā-	mahAkAvya	True
3376	kAzWa	Daṇḍa-	daRqakAzWa	True
3376	kAzWa	Danta-	dantakAzWa	True
3408	kit	A-	akit	True
3409	kitava	Dhūrta-	DUrtakitava	True
3415	kira	Mṛtkirā	mftkirA	True
3416	kiraRa	Tuṣāra-	tuzArakiraRa	True
3425	kilviza	Caura-	cOrakilviza	False
3425	kilviza	Rāma-	rAmakilviza	False
3433	kisalaya	Kara-	karakisalaya	True
3439	kIwa	Keśa-	keSakIwa	True
3439	kIwa	Pakṣikīṭa	pakzikIwa	True
3439	kIwa	Yama-	yamakIwa	True
3439	kIwa	Śūra-	SUrakIwa	True
3444	kIra	Vākkīra	vAkkIra	True
3447	kIrti	Divā-	divAkIrti	True
3447	kIrti	Duṣkīrti	duzkIrti	True
3451	kIla	Indra-	indrakIla	True
3451	kIla	Guda-	gudakIla	True
3451	kIla	Rata-	ratakIla	True
3465	kukkuwa	Grāma-	grAmakukkuwa	True
3465	kukkuwa	Jala-	jalakukkuwa	True
3465	kukkuwa	Vana-	vanakukkuwa	True
3476	kuYc	A-saṃkucita	a-saMkucita	False
3489	kuwI	Aśva-	aSvakuwI	True
3489	kuwI	Parṇa-	parRakuwI	True
3489	kuwI	Bhramatkuṭī	BramatkuwI	True
3492	kuwIraka	Tṛṇa-	tfRakuwIraka	True
3494	kuwumba	Vijaya-ratha-kuṭumba	vijaya-raTa-kuwumba	False
3497	kuwumbin	Ratha-	raTakuwumbin	True
3499	kuwwa	Kāṣṭha-	kAzWakuwwa	True
3499	kuwwa	Tāmra-	tAmrakuwwa	True
3502	kuwwima	Vastra-	vastrakuwwima	True
3515	kuRW	A-	akuRW	False
3516	kuRWa	A-	akuRWa	True
3519	kuRqa	Amṛta-	amftakuRqa	True
3519	kuRqa	Homa-	homakuRqa	True
3527	kutas	A-	akutas	True
3556	kumAra	Rājakumāra	rAjakumAra	True
3556	kumAra	Sanatk˚	sanatk˚	False
3556	kumAra	Su-	sukumAra	True
3568	kumBa	Agni-	agnikumBa	True
3568	kumBa	Āma-	AmakumBa	True
3568	kumBa	Udakumbha	udakumBa	True
3568	kumBa	Kuca-	kucakumBa	True
3568	kumBa	Tapta-	taptakumBa	True
3568	kumBa	Bhadra-	BadrakumBa	True
3568	kumBa	Vāta-	vAtakumBa	True
3568	kumBa	Śata-	SatakumBa	True
3588	kula	Anurūpa-	anurUpakula	False
3588	kula	Uccaiḥkula	uccEHkula	True
3588	kula	Utkula-	utkulakula	False
3588	kula	Go-	gokula	True
3588	kula	Daṇḍa-deva-	daRqa-devakula	False
3588	kula	Duṣkula	duzkula	True
3588	kula	Deva-	devakula	True
3588	kula	Niṣkula	nizkula	True
3588	kula	Nīcka-	nIckakula	False
3588	kula	Rājakula	rAjakula	True
3588	kula	Vāgdevī-	vAgdevIkula	True
3588	kula	Sa-	sakula	True
3590	kulaja	A-	akulaja	True
3604	kuliSa	Nakha-	naKakuliSa	False
3611	kulya	Sa-	sakulya	True
3612	kulyA	Ṛṣi-	fzikulyA	True
3612	kulyA	Deva-	devakulyA	True
3623	kuSala	A-	akuSala	True
3623	kuSala	Vaitāna-	vEtAnakuSala	True
3623	kuSala	Śastra-	SastrakuSala	True
3623	kuSala	Samudra-yāna-	samudra-yAnakuSala	False
3623	kuSala	Sarvārtha-	sarvArTakuSala	True
3623	kuSala	Svādhīna-	svADInakuSala	True
3639	kusuma	A-	akusuma	True
3647	kuhaka	A-	akuhaka	True
3654	kUja	A-	akUja	True
3654	kUja	Niṣkūja	nizkUja	True
3658	kUwa	A-	akUwa	True
3658	kUwa	Akṣa-	akzakUwa	True
3658	kUwa	Akṣi-	akzikUwa	True
3658	kUwa	Āmra-	AmrakUwa	True
3658	kUwa	Tri-	trikUwa	True
3658	kUwa	Niṣkūṭa	nizkUwa	True
3658	kUwa	Brahmakūṭa	brahmakUwa	True
3658	kUwa	Ratna-	ratnakUwa	True
3658	kUwa	Vamrī-	vamrIkUwa	True
3658	kUwa	Haṃsa-	haMsakUwa	True
3658	kUwa	Hima-	himakUwa	True
3664	kUwasTa	Strī-ratna-kūṭa-stha	strI-ratna-kUwa-sTa	False
3668	kUpa	ludba-	ludbakUpa	False
3668	kUpa	Romakūpa	romakUpa	True
3679	kUla	Dakṣiṇa-	dakziRakUla	False
3679	kUla	Prākkūla	prAkkUla	True
3685	kf	Akṛta	akfta	True
3685	kf	Duṣkṛta	duzkfta	True
3685	kf	Brahmāñjalikṛta	brahmAYjalikfta	True
3685	kf	Viśva-	viSvakf	False
3685	kf	Saha-	sahakf	False
3685	kf	Su-	sukf	False
3685	kf	Svayam-	svayamkf	False
3685	kf	Hāhā-	hAhAkf	False
3693	kfcCra	Ati-	atikfcCra	True
3693	kfcCra	Na atikṛcchrāt	na atikfcCrAt	False
3693	kfcCra	Kṛcchrātikṛcchra	kfcCrAtikfcCra	True
3693	kfcCra	Artha-kṛcchra	arTa-kfcCra	False
3693	kfcCra	Tapta-	taptakfcCra	True
3693	kfcCra	Dharma-	DarmakfcCra	True
3693	kfcCra	Parṇa-	parRakfcCra	True
3693	kfcCra	Prāṇa-	prARakfcCra	True
3693	kfcCra	Saumya-	sOmyakfcCra	True
3700	kftaka	A-	akftaka	True
3700	kftaka	Putra-	putrakftaka	True
3709	kfti	Cala-	calakfti	True
3709	kfti	Duṣkṛti	duzkfti	True
3709	kfti	Su-	sukfti	True
3710	kftin	Duṣkṛtin	duzkftin	True
3710	kftin	Su-	sukftin	True
3716	kftya	A-	akftya	True
3716	kftya	Abhyupetārtha-	aByupetArTakftya	False
3716	kftya	Artha-	arTakftya	True
3716	kftya	Asat-	asatkftya	True
3716	kftya	Kṛta-	kftakftya	True
3716	kftya	Gṛha-	gfhakftya	True
3716	kftya	Bhūti-	BUtikftya	True
3716	kftya	Śīghra-	SIGrakftya	True
3719	kftrima	A-	akftrima	True
3726	kfpaRa	Sa-kṛpaṇa	sa-kfpaRa	False
3728	kfpA	Sa-kṛpa + m	sa-kfpa + m	False
3738	kfSa	A-	akfSa	True
3738	kfSa	Ati-	atikfSa	True
3742	kfz	Indra-	indrakfz	False
3742	kfz	Phāla-	PAlakfz	False
3747	kfzRa	Ati-	atikfzRa	True
3759	kxp	Kṣura-	kzurakxp	False
3760	kxpti	Yathā-kḷpti	yaTA-kxpti	False
3767	ketana	Kapi-	kapiketana	True
3767	ketana	Jhaṣa-, makara-	Jaza-, makaraketana	False
3768	ketu	Agni-	agniketu	True
3768	ketu	Tāla-	tAlaketu	True
3768	ketu	Dhūma-	DUmaketu	True
3768	ketu	Dhṛṣṭa-	Dfzwaketu	True
3768	ketu	Makara-	makaraketu	True
3770	kedAra	Eka-	ekakedAra	False
3776	keli	Vāta-	vAtakeli	True
3776	keli	Hemak˚	hemak˚	False
3780	keSa	Bhūta-	BUtakeSa	True
3780	keSa	Miśra-keśī	miSra-keSI	False
3780	keSa	Mukta-	muktakeSa	True
3780	keSa	Muñja-	muYjakeSa	True
3780	keSa	vi-	vikeSa	True
3780	keSa	Vyomak˚	vyomak˚	False
3780	keSa	Vi-kīrṇa-	vi-kIrRakeSa	False
3780	keSa	Śukla-	SuklakeSa	True
3780	keSa	Su-	sukeSa	True
3781	keSara	Karāla-	karAlakeSara	True
3781	keSara	Nāga-	nAgakeSara	True
3783	keSarin	Puruṣa-	puruzakeSarin	True
3784	keSava	Go-pāla-	go-pAlakeSava	False
3789	keSin	Dhāmakeśin	DAmakeSin	True
3789	keSin	Muñja-	muYjakeSin	True
3811	kokila	Puṃs-	puMskokila	True
3827	koRa	Sūtra-	sUtrakoRa	True
3831	kopa	Antaḥkopa	antaHkopa	True
3831	kopa	Krīḍā-	krIqAkopa	True
3831	kopa	Mithyā-	miTyAkopa	True
3831	kopa	Mṛga-	mfgakopa	False
3831	kopa	Sa-kopa	sa-kopa	False
3831	kopa	Sa-kopa + m	sa-kopa + m	False
3832	kopana	A-	akopana	True
3845	koSa	A-koṣa	a-koza	False
3845	koSa	Annamaya-	annamayakoSa	True
3845	koSa	Jātī-	jAtIkoSa	True
3845	koSa	Dharma-	DarmakoSa	True
3845	koSa	Madhu-	maDukoSa	True
3845	koSa	Vi-	vikoSa	True
3845	koSa	Viṣāṇa-koṣa	vizARa-koza	False
3866	kOtuka	Krīḍā-	krIqAkOtuka	True
3866	kOtuka	Vi-	vikOtuka	True
3902	kOstuBa	Sa-kirīṭa-kaustubha	sa-kirIwa-kOstuBa	False
3911	kratu	Vara-	varakratu	True
3911	kratu	Śata-	Satakratu	True
3920	kram	Tri-	trikram	False
3920	kram	prakrānta	prakrAnta	True
3920	kram	vikrānta	vikrAnta	True
3920	kram	Bhīma-	BImakram	False
3920	kram	Su-	sukram	False
3921	krama	A-	akrama	True
3921	krama	Kāla-	kAlakrama	True
3921	krama	Madhu-	maDukrama	True
3921	krama	Yathā-krama + m	yaTA-krama + m	False
3921	krama	Śaikṣya-guṇa-krama	SEkzya-guRa-krama	False
3921	krama	Samākṣarapadakrama	samAkzarapadakrama	True
3933	kravyAd	A-	akravyAd	True
3934	kravyAda	A-	akravyAda	True
3937	kriyA	Agni-	agnikriyA	True
3937	kriyA	Atithi-	atiTikriyA	True
3937	kriyA	Udaka-	udakakriyA	True
3937	kriyA	Kṛta-kriya	kfta-kriya	False
3937	kriyA	Kautuka-kriyā	kOtuka-kriyA	False
3937	kriyA	Citra-	citrakriyA	True
3937	kriyA	Jala-	jalakriyA	True
3937	kriyA	Dāra-	dArakriyA	True
3937	kriyA	Dharma-	DarmakriyA	True
3937	kriyA	Niṣkriya	nizkriya	True
3937	kriyA	Nirahaṃkriyā	nirahaMkriyA	True
3937	kriyA	Laghu-	laGukriyA	True
3937	kriyA	Vaśa-	vaSakriyA	True
3937	kriyA	Vikarmakriyā	vikarmakriyA	True
3937	kriyA	Sa-kriya	sa-kriya	False
3937	kriyA	Hīna-	hInakriyA	False
3938	kriyAvant	Turaga-kriyā + vant	turaga-kriyA + vant	False
3941	krIqana	Udaka-	udakakrIqana	True
3945	krIqA	Jala-	jalakrIqA	True
3945	krIqA	Toya-	toyakrIqA	True
3945	krIqA	Vapra	vapra	True
3956	krUra	A-	akrUra	True
3956	krUra	Danta-krūra + m	danta-krUra + m	False
3961	kroDa	A-	akroDa	True
3961	kroDa	Sa-	sakroDa	True
3962	kroDana	A-	akroDana	True
3962	kroDana	Sa-	sakroDana	True
3974	klama	Gata-	gataklama	True
3979	kliS	A-	akliS	False
3981	klIba	A-	aklIba	True
3982	klIbatA	A-	aklIbatA	True
3987	kleSa	A-	akleSa	True
3987	kleSa	Garbha-	garBakleSa	True
3999	kzaR	A-	akzaR	False
3999	kzaR	ati-pari-kṣata	ati-pari-kzata	False
3999	kzaR	vikṣata	vikzata	True
4000	kzaRa	Kim-	kimkzaRa	False
4000	kzaRa	Kṛta-	kftakzaRa	True
4000	kzaRa	Tatkṣaṇam	tatkzaRam	True
4000	kzaRa	Vastu-kṣaṇāt	vastu-kzaRAt	False
4000	kzaRa	Sa-	sakzaRa	True
4000	kzaRa	Svayaṃvara-kṛta-	svayaMvara-kftakzaRa	False
4010	kzatra	A-	akzatra	True
4012	kzatriya	Niḥkṣatriya	niHkzatriya	True
4025	kzama	Āyati-	Ayatikzama	True
4025	kzama	Upabhoga-	upaBogakzama	True
4025	kzama	Kālāntara-	kAlAntarakzama	True
4025	kzama	Dṛṣṭi-	dfzwikzama	True
4025	kzama	Deśa-kāla-	deSa-kAlakzama	False
4025	kzama	Vana-vāsa-	vana-vAsakzama	False
4031	kzaya	Dina-	dinakzaya	True
4031	kzaya	Dhana-	Danakzaya	True
4031	kzaya	Sarva-duḥkha-	sarva-duHKakzaya	False
4031	kzaya	Sva-kula-	sva-kulakzaya	False
4037	kzayya	A-	akzayya	True
4048	kzAra	Yava-	yavakzAra	True
4053	kzi	A-kṣita	a-kzita	False
4083	kzud	A-kṣuṇṇa	a-kzuRRa	False
4084	kzudra	A-	akzudra	True
4101	kzetra	A-	akzetra	True
4101	kzetra	Karmakṣetra	karmakzetra	True
4101	kzetra	Kuru-	kurukzetra	True
4101	kzetra	Dharma-	Darmakzetra	True
4101	kzetra	Raṇa-	raRakzetra	True
4101	kzetra	Sura-īśvarī-	sura-ISvarIkzetra	False
4107	kzetrin	A-	akzetrin	True
4108	kzepa	Kāla-	kAlakzepa	True
4108	kzepa	A-kālakṣepa + m	a-kAlakzepa + m	False
4108	kzepa	paṭākṣepa	pawAkzepa	True
4108	kzepa	Apaṭī-kṣepa	apawI-kzepa	False
4108	kzepa	Bhrū-	BrUkzepa	True
4108	kzepa	Sa-dṛṣṭi-kṣepa + m	sa-dfzwi-kzepa + m	False
4112	kzema	Yoga-	yogakzema	True
4144	kzveqa	Sthūla-kṣveḍa	sTUla-kzveqa	False
4168	Kaqga	Kūṭa-	kUwaKaqga	True
4168	Kaqga	Sa-	saKaqga	True
4173	KaRqa	A-	aKaRqa	True
4173	KaRqa	Karpūra-	karpUraKaRqa	False
4173	KaRqa	Padminī-	padminIKaRqa	True
4173	KaRqa	Śata-	SataKaRqa	True
4173	KaRqa	Śrī-	SrIKaRqa	True
4181	Kan	Deva-	devaKan	False
4190	Kara	Ati-	atiKara	True
4193	KarjUra	Piṇḍa-	piRqaKarjUra	True
4224	KAdi	Su-	suKAdi	True
4233	Kila	A-	aKila	True
4233	Kila	˚lena	˚lena	False
4240	Kura	Aśva-	aSvaKura	True
4251	Kela	Sa-khela + m	sa-Kela + m	False
4261	KyAti	Su-	suKyAti	True
4272	gaNgA	Vyomagaṅgā	vyomagaNgA	True
4272	gaNgA	Pātāla-	pAtAlagaNgA	True
4274	gaja	Araṇya-	araRyagaja	True
4274	gaja	Āśā-	ASAgaja	True
4274	gaja	Diggaja	diggaja	True
4274	gaja	Mahā-	mahAgaja	True
4274	gaja	Vana-	vanagaja	True
4274	gaja	Sura-	suragaja	True
4286	gaRa	Tārā-	tArAgaRa	True
4286	gaRa	Trastarakṣogaṇa	trastarakzogaRa	False
4286	gaRa	Sendragaṇa	sendragaRa	True
4286	gaRa	Hari-	harigaRa	True
4294	gaRin	Śvagaṇin	SvagaRin	True
4298	gaRqa	Gala-	galagaRqa	True
4299	gaRqaka	Sūtra-gaṇḍikā	sUtra-gaRqikA	False
4303	gati	A-	agati	True
4303	gati	Adhogati	aDogati	True
4303	gati	A-vi-hata-	a-vi-hatagati	False
4303	gati	Ākāśa-	AkASagati	True
4303	gati	Ātmagati	Atmagati	True
4303	gati	Ūrdhva-	UrDvagati	True
4303	gati	Kāma-	kAmagati	True
4303	gati	Kṛṣṇa-	kfzRagati	True
4303	gati	Gagaṇa-	gagaRagati	True
4303	gati	Dus-	dusgati	False
4303	gati	Daiva-	dEvagati	True
4303	gati	Sadā-	sadAgati	True
4305	gad	A-	agad	False
4307	gada	A-gada	a-gada	False
4309	gadgada	Sa-gadgada + m	sa-gadgada + m	False
4309	gadgada	Haṃsa-	haMsagadgada	False
4312	ganDa	Dus-	dusganDa	False
4312	ganDa	Nis-	nisganDa	False
4312	ganDa	Pūti-	pUtiganDa	True
4312	ganDa	Matsya-	matsyaganDa	True
4312	ganDa	Yojana-	yojanaganDa	True
4312	ganDa	Sa-	saganDa	True
4312	ganDa	Su-	suganDa	True
4316	ganDarva	Sa-	saganDarva	True
4316	ganDarva	Deva-	devaganDarva	True
4321	ganDika	Tri-su-	tri-suganDika	False
4322	ganDin	Su-	suganDin	True
4326	gam	Tad-	tadgam	False
4326	gam	Tiryaggata	tiryaggata	True
4326	gam	Dus-	dusgam	False
4326	gam	Dhūrgata	DUrgata	True
4326	gam	Payas-	payasgam	False
4326	gam	Manas-	manasgam	False
4326	gam	Yathā-gata + m	yaTA-gata + m	False
4326	gam	Vayas-	vayasgam	False
4326	gam	Sarva-	sarvagam	True
4326	gam	Su-	sugam	True
4327	gama	A-	agama	True
4327	gama	Durgama	durgama	True
4327	gama	Pakṣa-	pakzagama	True
4327	gama	Su-	sugama	True
4328	gamana	Adhogamana	aDogamana	True
4328	gamana	Anta-	antagamana	True
4328	gamana	Antarā-	antarAgamana	True
4328	gamana	Asta-	astagamana	True
4328	gamana	Saha-	sahagamana	True
4333	gara	Bhū-	BUgara	True
4340	garut	Śveta-	Svetagarut	True
4352	garBa	Gṛhīta-	gfhItagarBa	False
4352	garBa	Jāra-	jAragarBa	True
4352	garBa	Deva-	devagarBa	True
4352	garBa	Mati-	matigarBa	True
4352	garBa	Ratna-	ratnagarBa	True
4352	garBa	Śamī-	SamIgarBa	True
4352	garBa	Sa-	sagarBa	True
4352	garBa	Sura-	suragarBa	True
4352	garBa	Soma-	somagarBa	True
4352	garBa	Sravadgarbhā	sravadgarBA	True
4352	garBa	Sva-	svagarBa	True
4352	garBa	Hima-	himagarBa	True
4352	garBa	Hiraṇya-	hiraRyagarBa	True
4359	garva	Dhana-	Danagarva	True
4359	garva	Sa-	sagarva	True
4361	garvita	Pari-	parigarvita	True
4362	garh	A-	agarh	False
4383	gavya	Pañcagavya	paYcagavya	True
4403	gAtra	Romāñcita-	romAYcitagAtra	False
4403	gAtra	Vara-	varagAtra	True
4410	gADa	A-	agADa	True
4410	gADa	Dus-	dusgADa	False
4416	gAnDarva	Yuddha-	yudDagAnDarva	True
4421	gAmin	Agra-	agragAmin	True
4421	gAmin	Anta-	antagAmin	True
4421	gAmin	Ṛtu-	ftugAmin	True
4421	gAmin	Kubja-	kubjagAmin	True
4447	gAh	Dus-gāḍha	dus-gAQa	False
4452	giri	Antar-	antargiri	True
4452	giri	Asta-	astagiri	True
4452	giri	Kāñcana-	kAYcanagiri	True
4452	giri	Kula-	kulagiri	True
4452	giri	Tuṣāra-	tuzAragiri	True
4452	giri	Deva-, dhūmra-, rāma-	deva-, DUmra-, rAmagiri	False
4452	giri	Vahirgiri	vahirgiri	False
4452	giri	Svar-	svargiri	True
4468	gucCa	Romaguccha	romagucCa	True
4475	guqa	Ayoguḍa	ayoguqa	True
4478	guR	Dvi-	dviguR	False
4479	guRa	A-	aguRa	True
4479	guRa	Ati-	atiguRa	True
4479	guRa	Tathā-	taTAguRa	True
4479	guRa	Tri-	triguRa	True
4479	guRa	Nis-	nisguRa	False
4479	guRa	Muktā-	muktAguRa	True
4479	guRa	Vi-	viguRa	True
4479	guRa	Viveka-vi-	viveka-viguRa	False
4479	guRa	Viśeṣa-	viSezaguRa	True
4479	guRa	Śruti-viṣaya-	Sruti-vizayaguRa	False
4479	guRa	Sa-	saguRa	True
4487	guRavant	A-	aguRavant	True
4489	guRin	Su-	suguRin	True
4498	gup	Deva-	devagup	False
4498	gup	Nābhi-	nABigup	False
4498	gup	Parva(n)-	parva(n)gup	False
4498	gup	Su-gupta	su-gupta	False
4501	gupti	Ratha-	raTagupti	True
4501	gupti	Su-	sugupti	True
4504	guru	Ati-	atiguru	True
4504	guru	Indra-	indraguru	True
4504	guru	Gaurī-	gOrIguru	True
4504	guru	Jagat-	jagatguru	False
4504	guru	Sura-	suraguru	True
4517	gulPa	Ucca-	uccagulPa	False
4518	gulma	Nis-	nisgulma	False
4518	gulma	Vāta-	vAtagulma	True
4518	gulma	Vāyu-	vAyugulma	True
4519	guh	Mantra-	mantraguh	False
4519	guh	Sa-gūḍha + m	sa-gUQa + m	False
4537	gfDnu	A-	agfDnu	True
4546	gfha	Su-gṛha	su-gfha	False
4546	gfha	Antar-	antargfha	True
4546	gfha	Kārā-	kArAgfha	True
4546	gfha	Kula-	kulagfha	True
4546	gfha	Kośa-	koSagfha	True
4546	gfha	Krīḍā-	krIqAgfha	True
4546	gfha	Garbha-	garBagfha	True
4546	gfha	Citra-	citragfha	True
4546	gfha	Chatra-	Catragfha	False
4546	gfha	Jatu-	jatugfha	True
4546	gfha	Deva-	devagfha	True
4546	gfha	Devī-	devIgfha	True
4546	gfha	Devī-garbha-	devI-garBagfha	False
4546	gfha	Dhārā-	DArAgfha	True
4546	gfha	Niśā-	niSAgfha	True
4546	gfha	Bhoga-	Bogagfha	True
4546	gfha	Yantra-	yantragfha	True
4546	gfha	Latā-	latAgfha	True
4546	gfha	Vastra-	vastragfha	True
4546	gfha	Vāsa-	vAsagfha	True
4546	gfha	Śānti-	SAntigfha	True
4546	gfha	Śiras-	Sirasgfha	False
4567	geha	Jatu-	jatugeha	True
4569	gE	Upāṅga-gīta	upANga-gIta	False
4569	gE	Bhagavadgītā	BagavadgItA	True
4570	gErika	Kāñcana-	kAYcanagErika	True
4570	gErika	Svarṇa-	svarRagErika	True
4575	gocara	Locana-	locanagocara	True
4575	gocara	A-locana-	a-locanagocara	False
4579	gotra	Sa-	sagotra	True
4586	goDA	Kṛṣṇa-	kfzRagoDA	True
4594	goptf	Cakra-	cakragoptf	True
4602	gola	Bhū-	BUgola	True
4605	govinda	Gīta-	gItagovinda	True
4609	gozWa	Pañcavīra-	paYcavIragozWa	True
4613	gozpada	Saṃyuga-	saMyugagozpada	True
4620	gOrava	Nis-	nisgOrava	False
4625	granTa	Tarka-	tarkagranTa	True
4625	granTa	Nis-	nisgranTa	False
4626	granTi	Suvarṇa-	suvarRagranTi	True
4626	granTi	Māna-	mAnagranTi	True
4636	graha	A-	agraha	True
4636	graha	Aṅkuśa-	aNkuSagraha	True
4636	graha	Kuñjara-	kuYjaragraha	True
4636	graha	Keśa-	keSagraha	True
4636	graha	Dus-	dusgraha	False
4636	graha	Deva-	devagraha	True
4636	graha	Dhanus-	Danusgraha	False
4636	graha	Nava-	navagraha	True
4636	graha	Nāmajāti-	nAmajAtigraha	True
4636	graha	Pāṇi-	pARigraha	True
4636	graha	Śabda-	Sabdagraha	True
4636	graha	Sūtra-	sUtragraha	True
4636	graha	Sūrya-	sUryagraha	True
4636	graha	Hrada-	hradagraha	True
4637	grahaRa	Keśa-	keSagrahaRa	True
4637	grahaRa	Cakṣus-	cakzusgrahaRa	False
4637	grahaRa	Dāra-	dAragrahaRa	True
4637	grahaRa	Dūra-	dUragrahaRa	True
4637	grahaRa	Pāṇi-	pARigrahaRa	True
4642	grahItf	Pāṇi-	pARigrahItf	True
4644	grAma	Indriya-	indriyagrAma	True
4644	grAma	Guṇa-	guRagrAma	True
4644	grAma	Tri-grāmī	tri-grAmI	False
4644	grAma	Daśagrāmī	daSagrAmI	True
4644	grAma	Sāla-	sAlagrAma	True
4653	grAmIRa	Eka-	ekagrAmIRa	True
4656	grAmya	A-	agrAmya	True
4657	grAvan	Nikaṣa-	nikazagrAvan	True
4659	grAha	Jīva-grāha + m	jIva-grAha + m	False
4659	grAha	Dhanus-	DanusgrAha	False
4659	grAha	Pāṇi-	pARigrAha	True
4659	grAha	Pārṣṇi-	pArzRigrAha	True
4659	grAha	Vandi-	vandigrAha	True
4659	grAha	Sūtra-	sUtragrAha	True
4661	grAhavant	Bhīma-	BImagrAhavant	True
4661	grAhavant	Rāga-grāha + vant	rAga-grAha + vant	False
4662	grAhin	Guṇa-	guRagrAhin	True
4662	grAhin	Pallava-	pallavagrAhin	True
4662	grAhin	Vacana-	vacanagrAhin	True
4662	grAhin	Vinaya-	vinayagrAhin	True
4663	grIvA	Aśva-grīva	aSva-grIva	False
4663	grIvA	Ud-grīva	ud-grIva	False
4663	grIvA	Kambu-	kambugrIvA	True
4663	grIvA	Citra-grīva	citra-grIva	False
4663	grIvA	Daśagrīva	daSagrIva	True
4663	grIvA	Niṣka-grīva	nizka-grIva	False
4663	grIvA	Nīla-grīva	nIla-grIva	False
4663	grIvA	Mahā-grīva	mahA-grIva	False
4663	grIvA	Vakra-	vakragrIvA	False
4663	grIvA	Su-	sugrIvA	False
4663	grIvA	Haya-	hayagrIvA	True
4684	Gaw	Su-	suGaw	False
4685	Gawa	Dus-	dusGawa	False
4697	Gana	Sa-	saGana	True
4697	Gana	Stamba-	stambaGana	True
4712	GAta	Danta-	dantaGAta	True
4712	GAta	Viśvāsa-	viSvAsaGAta	True
4712	GAta	Sa-mūla-	sa-mUlaGAta	False
4713	GAtaka	Viśvāsa-	viSvAsaGAtaka	True
4715	GAtin	Atmaghātin	atmaGAtin	False
4715	GAtin	Kāla-	kAlaGAtin	True
4715	GAtin	Grāma-	grAmaGAtin	True
4715	GAtin	Pitṛ-	pitfGAtin	True
4715	GAtin	Viśvāsa-	viSvAsaGAtin	True
4717	GAsa	Aśva-	aSvaGAsa	True
4732	GUrRa	Timira-	timiraGUrRa	False
4732	GUrRa	Mahā-	mahAGUrRa	False
4738	GfRA	Nirghṛṇa	nirGfRa	True
4738	GfRA	Sa-nis-	sa-nisGfRA	False
4742	GfRin	A-	aGfRin	True
4754	Gora	Su-	suGora	True
4756	Goza	Dama-	damaGoza	True
4756	Goza	Nandi-	nandiGoza	True
4756	Goza	Mahā-	mahAGoza	True
4756	Goza	Siṃha-	siMhaGoza	True
4756	Goza	Sukhapuṇyāha-	suKapuRyAhaGoza	True
4756	Goza	Strī-	strIGoza	True
4762	GrA	A-	aGrA	True
4774	cakra	Eka-	ekacakra	True
4774	cakra	Kāla-	kAlacakra	True
4774	cakra	Dikcakra	dikcakra	True
4774	cakra	Dharma-	Darmacakra	True
4774	cakra	Para-	paracakra	True
4774	cakra	Mātṛ-	mAtfcakra	True
4774	cakra	Rāśi-	rASicakra	True
4774	cakra	Hiraṇya-	hiraRyacakra	True
4777	cakrabAla	Daṇḍa-	daRqacakrabAla	False
4777	cakrabAla	Diś-	diScakrabAla	False
4777	cakrabAla	Sa-mātṛ-	sa-mAtfcakrabAla	False
4787	cakzas	Viśva-	viSvacakzas	True
4792	cakzus	A-	acakzus	True
4792	cakzus	Ghrāṇa-	GrARacakzus	True
4792	cakzus	Cāra-	cAracakzus	True
4792	cakzus	Jana-	janacakzus	True
4792	cakzus	Jñāna-	jYAnacakzus	True
4792	cakzus	Divya-	divyacakzus	True
4792	cakzus	Dharma-	Darmacakzus	True
4792	cakzus	Naya-	nayacakzus	True
4792	cakzus	Nis-	niscakzus	False
4792	cakzus	Mukta-	muktacakzus	True
4792	cakzus	Sa-	sacakzus	True
4798	caYcu	Vāda-	vAdacaYcu	True
4802	cawaka	Mṛga-indra-	mfga-indracawaka	False
4809	caRqa	Ati-	aticaRqa	True
4849	catvAriMSat	Dvā-	dvAcatvAriMSat	True
4854	candana	Ku-	kucandana	True
4854	candana	Hari-	haricandana	True
4856	candra	Ardha-	arDacandra	True
4856	candra	Pūrṇa-	pUrRacandra	True
4856	candra	Rāma-	rAmacandra	True
4856	candra	Śaraccandra	Saraccandra	True
4872	campaka	Śita-	Sitacampaka	False
4877	caya	Agni-	agnicaya	True
4879	car	Dus-	duscar	False
4879	car	Su-	sucar	False
4880	cara	A-	acara	True
4880	cara	Anta-	antacara	True
4880	cara	Antaḥpura-	antaHpuracara	True
4880	cara	Araṇya-	araRyacara	True
4880	cara	Eka-	ekacara	True
4880	cara	Ku-	kucara	True
4880	cara	Kūla-	kUlacara	True
4880	cara	Toya-	toyacara	True
4880	cara	Divā-	divAcara	True
4880	cara	Duścara	duScara	True
4880	cara	Su-duścara	su-duScara	False
4880	cara	Dhārāntara-	DArAntaracara	True
4880	cara	Niśā-	niSAcara	True
4880	cara	Vyomacara	vyomacara	True
4880	cara	Saha-	sahacara	True
4881	caraRa	Tapas-	tapascaraRa	False
4889	caritra	Vi-citra-	vi-citracaritra	False
4896	carcita	Vi-	vicarcita	True
4899	carman	Gala-	galacarman	True
4899	carman	Go-	gocarman	True
4899	carman	Dus-	duscarman	False
4900	carmamaya	Vyāghracarma-maya	vyAGracarma-maya	False
4905	carya	Ku-caryā	ku-caryA	False
4905	carya	Tapaścaryā	tapaScaryA	True
4905	carya	Deva-caryā	deva-caryA	False
4905	carya	Dharma-	Darmacarya	False
4905	carya	Paśu-	paSucarya	False
4905	carya	Brahma-carya	brahma-carya	False
4905	carya	Sa-brahmacarya	sa-brahmacarya	False
4905	carya	Ratha-caryā	raTa-caryA	False
4905	carya	Vrata-	vratacarya	True
4907	carvaRa	Punaḥpunaścarvita-	punaHpunaScarvitacarvaRa	False
4908	carzaRi	Viśva-	viSvacarzaRi	True
4909	cal	A-	acal	False
4912	cala	Nis-	niscala	False
4912	cala	Vi-nis-	vi-niscala	False
4912	cala	Vi-	vicala	True
4912	cala	A-vi-	a-vicala	False
4915	calana	Bhūmi-	BUmicalana	True
4928	cARqAla	Brāhmaṇa-	brAhmaRacARqAla	True
4941	cAndrAyaRa	Yati-	yaticAndrAyaRa	True
4941	cAndrAyaRa	Śiśu-	SiSucAndrAyaRa	True
4942	cApa	Indra-	indracApa	True
4942	cApa	Mahendra-	mahendracApa	True
4942	cApa	Kusuma-, puṣpa-	kusuma-, puzpacApa	False
4942	cApa	Sa-sura-cāpa + m	sa-sura-cApa + m	False
4942	cApa	Skandha-	skanDacApa	True
4944	cApalya	Ati-	aticApalya	True
4944	cApalya	Pāṇi-	pARicApalya	True
4950	cAra	Pāda-	pAdacAra	True
4950	cAra	Saha-	sahacAra	True
4955	cAritra	Dus-	duscAritra	False
4955	cAritra	Duṣṭa-	duzwacAritra	False
4957	cArin	Eka-	ekacArin	True
4957	cArin	Kāma-	kAmacArin	True
4957	cArin	Kha-	KacArin	True
4957	cArin	Gūḍha-	gUQacArin	True
4957	cArin	Citta-	cittacArin	True
4957	cArin	Jala-	jalacArin	True
4957	cArin	Dus-	duscArin	False
4957	cArin	Duṣṭa-	duzwacArin	True
4957	cArin	Dharma-	DarmacArin	True
4957	cArin	Pāda-	pAdacArin	True
4957	cArin	Brah macārin	brah macArin	False
4957	cArin	Saṃgha-	saMGacArin	True
4957	cArin	Saha-	sahacArin	True
4957	cArin	Svacchanda-	svacCandacArin	True
4958	cAru	Sa-	sacAru	True
4966	ci	A-niścita	a-niScita	False
4966	ci	Su-	suci	False
4969	cikitsA	Dus-cikitsa	dus-cikitsa	False
4987	citta	Anya-	anyacitta	True
4987	citta	Eka-	ekacitta	True
4987	citta	Cala-	calacitta	True
4987	citta	Pramoha-	pramohacitta	True
4988	citti	Pūrva-	pUrvacitti	True
4989	citya	Catuścitya	catuScitya	True
4991	citra	Vi-	vicitra	True
4991	citra	Sa-	sacitra	True
5004	cint	A-	acint	False
5004	cint	A-	acint	False
5004	cint	Dus-	duscint	False
5005	cintaka	Kārya-	kAryacintaka	True
5005	cintaka	Daiva-	dEvacintaka	True
5005	cintaka	Sarvārtha-	sarvArTacintaka	True
5005	cintaka	Sthāna-	sTAnacintaka	True
5007	cintA	An-anya-cinta	an-anya-cinta	False
5007	cintA	Niścinta	niScinta	True
5010	cira	A-	acira	True
5010	cira	Na-	nacira	True
5010	cira	Mācira	mAcira	True
5010	cira	Su-cira + m	su-cira + m	False
5030	cIna	Apara-	aparacIna	True
5074	cUqa	Kṛta-cūḍa	kfta-cUqa	False
5074	cUqa	Candra-	candracUqa	True
5074	cUqa	Pañcacūḍa	paYcacUqa	True
5074	cUqa	Puṣkara-	puzkaracUqa	True
5074	cUqa	Svarṇa-	svarRacUqa	True
5081	cUrRa	Yoga-	yogacUrRa	True
5081	cUrRa	Rāga-	rAgacUrRa	True
5092	cetana	A-	acetana	True
5092	cetana	Nis-	niscetana	False
5092	cetana	Vi-	vicetana	True
5092	cetana	Sa-	sacetana	True
5095	cetas	A-	acetas	True
5095	cetas	Duṣṭa-	duzwacetas	True
5095	cetas	Nis	nis	True
5095	cetas	Manda-	mandacetas	True
5095	cetas	Vi-	vicetas	True
5095	cetas	Vyākula-	vyAkulacetas	True
5095	cetas	Sa-	sacetas	True
5101	cela	Ku-	kucela	True
5101	cela	Sa-	sacela	True
5103	cezw	Dus-	duscezw	False
5104	cezwa	Karmaceṣṭā	karmacezwA	True
5104	cezwa	Niśceṣṭa	niScezwa	True
5104	cezwa	Sa-	sacezwa	True
5110	cEtya	Grāma-	grAmacEtya	True
5128	cOra	Bhitti-	BitticOra	True
5128	cOra	Strī-	strIcOra	True
5138	cyuti	Garbha-	garBacyuti	True
5142	Cattra	Ahicchattra	ahicCattra	True
5147	Cad	Su-	suCad	False
5150	Cada	Uttara-	uttaraCada	False
5150	Cada	Ghana-	GanaCada	False
5150	Cada	Tanu-	tanuCada	False
5150	Cada	Danta-	dantaCada	False
5150	Cada	Dus-	dusCada	False
5150	Cada	Rada-	radaCada	True
5150	Cada	Sita-	sitaCada	True
5154	Cadman	Kūṭa-	kUwaCadman	False
5158	Canda	A-	aCanda	False
5158	Canda	Para-	paraCanda	True
5158	Canda	Sva-	svaCanda	True
5160	Candas	Niś-chandas	niS-Candas	False
5177	CAga	Vana-	vanaCAga	True
5186	CAya	Eka-	ekaCAya	False
5186	CAya	Vi-	viCAya	True
5186	CAya	Vṛkṣa-	vfkzaCAya	False
5190	Cid	Duścid	duScid	False
5193	Cidra	A-cchidra	a-cCidra	False
5193	Cidra	Niśchidra	niSCidra	True
5208	Ceda	Bhakti-	BaktiCeda	False
5208	Ceda	Sa-	saCeda	False
5208	Ceda	Sthāṇu-	sTARuCeda	True
5217	jagat	A-jagat	a-jagat	False
5217	jagat	Tri-jagat	tri-jagat	False
5231	jaNGA	Tāla-	tAlajaNGA	False
5231	jaNGA	Su-	sujaNGA	False
5236	jawa	Tri-jaṭa	tri-jawa	False
5236	jawa	Śikhā-	SiKAjawa	True
5244	jaqa	A-jaḍa	a-jaqa	False
5248	jatu	Śilā-	SilAjatu	True
5250	jan	A-jāta	a-jAta	False
5250	jan	Eka-	ekajan	False
5250	jan	Kula-	kulajan	False
5250	jan	Cira-	cirajan	False
5250	jan	Dus-	dusjan	False
5250	jan	Yathā-	yaTAjan	False
5250	jan	Su-	sujan	False
5250	jan	Janya	janya	True
5251	jana	A-	ajana	True
5251	jana	Antaḥpura-	antaHpurajana	True
5251	jana	A-sajjana	a-sajjana	False
5251	jana	Kula-	kulajana	True
5251	jana	Guru-	gurujana	True
5251	jana	Grāma-bāla-	grAma-bAlajana	False
5251	jana	Capalā-	capalAjana	True
5251	jana	Tiryagjana	tiryagjana	True
5251	jana	Dāsa-	dAsajana	True
5251	jana	Dus-	dusjana	False
5251	jana	Pañcajana	paYcajana	True
5251	jana	Puṇya-	puRyajana	True
5251	jana	Pṛthagjana	pfTagjana	True
5251	jana	Paura-	pOrajana	True
5251	jana	Mahā-	mahAjana	True
5251	jana	Vi-	vijana	True
5251	jana	Viśva-	viSvajana	True
5251	jana	Su-	sujana	True
5251	jana	Sva-	svajana	True
5252	janaka	Yamunā-	yamunAjanaka	True
5254	janatA	Su-	sujanatA	True
5255	janana	Strī-jananī	strI-jananI	False
5263	jantu	Karkaṭī-	karkawIjantu	False
5263	jantu	Jala-	jalajantu	True
5265	janman	Agra-	agrajanman	True
5265	janman	Antya-	antyajanman	True
5265	janman	Ambhoja-	amBojajanman	True
5265	janman	Ātmajanman	Atmajanman	True
5265	janman	Ūru	Uru	True
5265	janman	Kumbha-	kumBajanman	True
5265	janman	Citta-	cittajanman	True
5265	janman	Dvi-	dvijanman	True
5265	janman	Punar-	punarjanman	True
5265	janman	Pūrva-	pUrvajanman	True
5265	janman	Brahmajanman	brahmajanman	True
5265	janman	Vi-	vijanman	True
5265	janman	Śara-	Sarajanman	True
5265	janman	Saṃkalpa-	saMkalpajanman	True
5265	janman	Saroj˚	saroj˚	False
5279	jambAla	Sa-	sajambAla	True
5280	jambu	Bhū-jambū	BU-jambU	False
5287	jaya	A-	ajaya	True
5287	jaya	Kakubjaya	kakubjaya	True
5287	jaya	Dus-	dusjaya	False
5287	jaya	Su-dus-	su-dusjaya	False
5287	jaya	Rakka-	rakkajaya	False
5297	jaras	A-jara	a-jara	False
5297	jaras	A-jaras	a-jaras	False
5311	jala	Ati-	atijala	True
5311	jala	Gandha-	ganDajala	True
5311	jala	Netra-	netrajala	True
5311	jala	Rajanī-	rajanIjala	True
5311	jala	Sa-	sajala	True
5325	jalUkA	Tṛṇa-	tfRajalUkA	True
5336	java	Ati-	atijava	True
5336	java	Manojava	manojava	True
5336	java	Mahā-	mahAjava	True
5338	javas	Su-	sujavas	True
5350	jANgala	Kuru-	kurujANgala	True
5358	jAti	A-jāti	a-jAti	False
5358	jAti	Eka-	ekajAti	True
5358	jAti	Dus-	dusjAti	False
5358	jAti	Dvi-	dvijAti	True
5358	jAti	Pūrva-	pUrvajAti	True
5358	jAti	Mṛga-	mfgajAti	True
5358	jAti	Sa-	sajAti	True
5358	jAti	Hīna-	hInajAti	True
5363	jAtIya	Dus-	dusjAtIya	False
5363	jAtIya	Vi-	vijAtIya	True
5363	jAtIya	Sa-	sajAtIya	True
5363	jAtIya	Samāna-	samAnajAtIya	True
5363	jAtIya	Sva-	svajAtIya	True
5368	jAnapada	Paura-	pOrajAnapada	True
5372	jAnu	Antar-	antarjAnu	True
5372	jAnu	Indra-	indrajAnu	True
5372	jAnu	Jānu-vi-	jAnu-vijAnu	False
5372	jAnu	Saṃhata-	saMhatajAnu	True
5373	jApa	Karṇa-	karRajApa	True
5400	jAla	Indra-	indrajAla	True
5400	jAla	Dhvānta-	DvAntajAla	True
5400	jAla	Muktā-	muktAjAla	True
5400	jAla	Vindu-	vindujAla	True
5412	jigIzA	Guru-jigīṣa	guru-jigIza	False
5429	jizRu	Sa-	sajizRu	True
5434	jihma	A-	ajihma	True
5434	jihma	Vi-	vijihma	True
5438	jihva	Adhi-	aDijihva	True
5438	jihva	Dīrgha-	dIrGajihva	True
5438	jihva	Dvi-	dvijihva	True
5438	jihva	Saptaj˚	saptaj˚	False
5438	jihva	Sthira-	sTirajihva	True
5446	jIva	Dus-	dusjIva	False
5446	jIva	Nis-	nisjIva	False
5446	jIva	Su-	sujIva	True
5447	jIvaka	Raṅga-	raNgajIvaka	True
5451	jIvana	A-	ajIvana	True
5451	jIvana	Dāsa-	dAsajIvana	True
5451	jIvana	Dharma-	DarmajIvana	True
5451	jIvana	Mṛga-	mfgajIvana	True
5458	jIvin	Dīrgha-	dIrGajIvin	True
5458	jIvin	Buddhi-	budDijIvin	True
5458	jIvin	Jala-	jalajIvin	True
5458	jIvin	Śyena-	SyenajIvin	True
5458	jIvin	Saṃgha-	saMGajIvin	True
5458	jIvin	Saṃcāra-	saMcArajIvin	True
5458	jIvin	Surā-	surAjIvin	True
5461	jugupsA	A-jugupsa	a-jugupsa	False
5474	jUwa	Jaṭā-jūṭa	jawA-jUwa	False
5483	jF	A-	ajF	False
5497	jYa	A-	ajYa	True
5497	jYa	Manojña	manojYa	True
5497	jYa	Sarva-	sarvajYa	True
5501	jYA	A-	ajYA	True
5503	jYAti	A-	ajYAti	True
5503	jYAti	Nis-	nisjYAti	False
5503	jYAti	Sva-	svajYAti	True
5506	jYAna	A-	ajYAna	True
5506	jYAna	Ātmajnāna	AtmajnAna	False
5506	jYAna	Dus-	dusjYAna	False
5518	jyA	Sa-jya	sa-jya	False
5525	jyezWa	A-	ajyezWa	True
5525	jyezWa	Yathā-jyeṣṭha + m	yaTA-jyezWa + m	False
5538	jyotis	Antar-	antarjyotis	True
5538	jyotis	Sa-	sajyotis	True
5546	jvara	Gata-	gatajvara	True
5546	jvara	Jīrṇa-	jIrRajvara	True
5546	jvara	Jīrṇāmaya-	jIrRAmayajvara	True
5546	jvara	Dāha-	dAhajvara	True
5546	jvara	Maithuna-	mETunajvara	True
5546	jvara	Ratha-	raTajvara	True
5552	jvAla	Saptaj˚	saptaj˚	False
5552	jvAla	Hemaj˚	hemaj˚	False
5637	tawa	A-	atawa	True
5637	tawa	Diś-	diStawa	False
5637	tawa	Vidruma-	vidrumatawa	True
5640	tawinI	A-mara-	a-maratawinI	False
5648	taqit	Sendrāyudha-	sendrAyuDataqit	True
5657	tattva	Nis-	nistattva	True
5657	tattva	Yathā-tattva + m	yaTA-tattva + m	False
5657	tattva	Sa-	satattva	True
5663	taTA	Yathā-tatha + m	yaTA-taTa + m	False
5663	taTA	A-yathā-tatha + m	a-yaTA-taTa + m	False
5663	taTA	Vi-tatha	vi-taTa	False
5663	taTA	˚tham	˚Tam	False
5663	taTA	a-vitatha	a-vitaTa	False
5678	tanaya	Pavana-	pavanatanaya	True
5678	tanaya	Rādhā-	rADAtanaya	True
5678	tanaya	Sūrya-	sUryatanaya	True
5679	tanu	A-	atanu	True
5679	tanu	Ardha-	arDatanu	True
5679	tanu	Vāmana-	vAmanatanu	True
5679	tanu	Su-	sutanu	True
5682	tanutA	Su-	sutanutA	True
5689	tantu	Āśā-	ASAtantu	True
5689	tantu	Tṛṣṇā-	tfzRAtantu	False
5689	tantu	Nis-	nistantu	True
5689	tantu	Prajā-	prajAtantu	True
5689	tantu	Saptat˚	saptat˚	False
5689	tantu	Sūtra-	sUtratantu	True
5693	tantra	A-tantrī	a-tantrI	False
5693	tantra	Ātmatantra	Atmatantra	True
5693	tantra	Ku-tantrī	ku-tantrI	False
5693	tantra	Pañcatantra	paYcatantra	True
5693	tantra	Para-tantra	para-tantra	False
5693	tantra	Su-tantrī	su-tantrI	False
5693	tantra	Sva-tantra	sva-tantra	False
5693	tantra	A-sna-tantra	a-sna-tantra	False
5703	tandri	A-tandrī	a-tandrI	False
5705	tandrin	A-	atandrin	True
5712	tapa	Su-	sutapa	True
5715	tapas	A-	atapas	True
5715	tapas	Dīrgha-	dIrGatapas	True
5715	tapas	Pañcatapas	paYcatapas	True
5715	tapas	Mahā-	mahAtapas	True
5715	tapas	Su-mahā-	su-mahAtapas	False
5719	tapasvin	Ati-	atitapasvin	True
5728	tamas	Dīrgha-	dIrGatamas	True
5734	tamisra	A-	atamisra	True
5745	tara	Dus-	dustara	True
5745	tara	A-su-	a-sutara	False
5748	taraNga	Ud-	udtaraNga	False
5750	taraNgin	rājata-raṇgiṇī	rAjata-raRgiRI	False
5751	taraRa	Dus-	dustaraRa	True
5751	taraRa	Pratīpa-	pratIpataraRa	True
5763	taru	Kalpa-	kalpataru	True
5763	taru	Chāyā-	CAyAtaru	True
5763	taru	Prati-	pratitaru	True
5763	taru	Śikhā-	SiKAtaru	True
5767	tark	A-tarkya	a-tarkya	False
5768	tarka	Ku-	kutarka	True
5772	tarkuwa	Sūtra-	sUtratarkuwa	False
5777	tarpaRa	Apa-	apatarpaRa	True
5777	tarpaRa	Ghrāṇa-tarpaṇa	GrARa-tarpaRa	False
5777	tarpaRa	Pitṛ-	pitftarpaRa	True
5784	tala	A-	atala	True
5784	tala	Adhas-	aDastala	True
5784	tala	Kara-	karatala	True
5784	tala	Talātala	talAtala	True
5784	tala	Pāda-	pAdatala	True
5784	tala	Bhū-	BUtala	True
5784	tala	Mahā-	mahAtala	True
5784	tala	Mahī-	mahItala	True
5784	tala	Rasā-	rasAtala	True
5784	tala	Vaṭa-	vawatala	False
5784	tala	Vi-	vitala	True
5784	tala	Vṛkṣa-	vfkzatala	True
5784	tala	Śilā-	SilAtala	True
5784	tala	Su-	sutala	True
5784	tala	Hasta-	hastatala	True
5786	talatra	Sa-	satalatra	True
5788	talpa	Guru-	gurutalpa	True
5791	tavas	Sva-	svatavas	True
5811	tAna	Eka-	ekatAna	True
5813	tAntava	Śaṇa-	SaRatAntava	True
5816	tApa	Paścāt-	paScAttApa	True
5820	tApasa	Kapaṭa-	kapawatApasa	True
5820	tApasa	Ku-	kutApasa	True
5825	tAmisra	Andha-	anDatAmisra	True
5826	tAmbUla	Vāsa-	vAsatAmbUla	True
5835	tAra	Dus-	dustAra	True
5850	tAla	Apara-	aparatAla	True
5850	tAla	Eka-tāla	eka-tAla	False
5850	tAla	Kāṃsya-	kAMsyatAla	True
5850	tAla	Tala-	talatAla	True
5850	tAla	Manas-	manastAla	True
5850	tAla	Su-rata-	su-ratatAla	False
5858	tAvant	Dvis-	dvistAvant	False
5861	tiktaka	Kaṭu-	kawutiktaka	True
5874	tiTi	Dus-	dustiTi	True
5880	timiMgila	Timi-	timitimiMgila	True
5881	timira	Nis-	nistimira	True
5887	tiraScIna	Ā-	AtiraScIna	True
5921	tIkzRa	Su-	sutIkzRa	True
5927	tIrTa	Apsaras-	apsarastIrTa	True
5927	tIrTa	Dus-	dustIrTa	True
5927	tIrTa	Sa-	satIrTa	True
5952	tuRqa	Kaṅka-	kaNkatuRqa	True
5952	tuRqa	Siṃha-	siMhatuRqa	True
5982	tulA	A-tula	a-tula	False
5982	tulA	Kūṭa-	kUwatulA	True
5983	tulya	Māsa-	mAsatulya	True
5983	tulya	Śarīra-	SarIratulya	True
5989	tuz	A-	atuz	False
5989	tuz	Dus-saṃtuṣṭa	dus-saMtuzwa	False
5989	tuz	Su-	sutuz	False
5999	tURa	Pūrṇa-	pUrRatURa	True
6009	tUla	Haṃsa-	haMsatUla	True
6033	tfpti	Ati-	atitfpti	True
6037	tfz	Mṛga-	mfgatfz	True
6037	tfz	Sa-	satfz	True
6038	tfzA	Mṛga-	mfgatfzA	True
6040	tfzRA	Ati-	atitfzRA	True
6040	tfzRA	Ati-tṛṣṇa	ati-tfzRa	False
6040	tfzRA	Mṛga-	mfgatfzRA	True
6040	tfzRA	Vi-	vitfzRA	True
6040	tfzRA	Sa-tṛṣṇa + m	sa-tfzRa + m	False
6043	tF	Dus-	dustF	False
6045	tejana	Agni-jvalita-	agni-jvalitatejana	False
6046	tejas	A-mita-	a-mitatejas	False
6046	tejas	Tigma-	tigmatejas	True
6046	tejas	Nis-	nistejas	True
6046	tejas	Mahā-	mahAtejas	True
6046	tejas	Brahmatejas	brahmatejas	True
6046	tejas	Māṃsa-	mAMsatejas	True
6046	tejas	Samāna-	samAnatejas	True
6046	tejas	Su-	sutejas	True
6053	tejomaya	Sarva-	sarvatejomaya	True
6053	tejomaya	Brahma-tejomaya	brahma-tejomaya	False
6067	tEla	Gandha-	ganDatEla	True
6067	tEla	Tila-	tilatEla	True
6082	toya	Antastoya	antastoya	True
6082	toya	Nis-	nistoya	True
6088	toraRa	Ud-	udtoraRa	False
6088	toraRa	Kautuka-	kOtukatoraRa	True
6091	toza	Dus-	dustoza	True
6100	tyaj	Tanu-	tanutyaj	True
6102	tyAga	Ātmatyāya	AtmatyAya	False
6102	tyAga	Tanu-	tanutyAga	True
6102	tyAga	Deha-	dehatyAga	True
6102	tyAga	Sthāna-	sTAnatyAga	True
6105	tyAgin	Ātmatyāgin	AtmatyAgin	True
6114	trapa	A-trapa	a-trapa	False
6118	traya	Agni-	agnitraya	True
6123	trayodaSan	Ardha-	arDatrayodaSan	False
6126	tras	A-trasta	a-trasta	False
6131	trasnu	A-	atrasnu	True
6131	trasnu	An-ati-	an-atitrasnu	False
6133	trARa	Aṅguli-	aNgulitrARa	True
6133	trARa	Tala-	talatrARa	True
6133	trARa	Pāda-	pAdatrARa	True
6134	trAtf	Makha-	maKatrAtf	True
6135	trAman	Su-	sutrAman	True
6136	trAsa	Jala-	jalatrAsa	True
6138	trAsin	Jala-	jalatrAsin	True
6140	triMSa	Catustṛṃśa	catustfMSa	False
6140	triMSa	Dvā-	dvAtriMSa	True
6140	triMSa	Pañcatriṃśa	paYcatriMSa	True
6141	triMSat	Dvā-	dvAtriMSat	True
6141	triMSat	Ṣaṭ-triṃśat	zaw-triMSat	False
6171	tretA	Agni-	agnitretA	True
6215	tvarA	A-	atvarA	True
6215	tvarA	Sa-tvara	sa-tvara	False
6234	daMSa	Vṛka-	vfkadaMSa	True
6234	daMSa	Vṛṣa-daṃś + a	vfza-daMS + a	False
6235	daMSaka	Sa-	sadaMSaka	True
6237	daMSita	Su-	sudaMSita	True
6238	daMzwra	Ayas-	ayasdaMzwra	False
6238	daMzwra	Tīkṣṇa-	tIkzRadaMzwra	True
6238	daMzwra	Puṣpa-	puzpadaMzwra	True
6238	daMzwra	Sthira-	sTiradaMzwra	True
6241	daMsas	Su-	sudaMsas	True
6247	dakziRa	A-dakṣiṇa	a-dakziRa	False
6247	dakziRa	A-bhaya-dakṣiṇā	a-Baya-dakziRA	False
6247	dakziRa	Pūrva-	pUrvadakziRa	True
6247	dakziRa	Prāṇa-dakṣiṇā	prARa-dakziRA	False
6247	dakziRa	Bhūri-dakṣiṇa	BUri-dakziRa	False
6247	dakziRa	Sa-dakṣiṇa	sa-dakziRa	False
6257	daRq	A-daṇḍya	a-daRqya	False
6258	daRqa	Ud-	uddaRqa	True
6258	daRqa	Khara-	KaradaRqa	True
6258	daRqa	Tri-	tridaRqa	True
6258	daRqa	Dhana-	DanadaRqa	True
6258	daRqa	Dhik-	DikdaRqa	False
6258	daRqa	Manas-	manasdaRqa	False
6258	daRqa	Mahā-	mahAdaRqa	True
6258	daRqa	Rājanirdhūta-	rAjanirDUtadaRqa	True
6258	daRqa	Vāgdaṇḍa	vAgdaRqa	True
6258	daRqa	Vāṇa-	vARadaRqa	True
6258	daRqa	Vīṇā-	vIRAdaRqa	True
6259	daRqaka	Tri-	tridaRqaka	True
6264	daRqin	Tri-	tridaRqin	True
6277	danta	Īśā-	ISAdanta	True
6277	danta	Catur-	caturdanta	True
6277	danta	Nāga-	nAgadanta	True
6277	danta	Puṣpa-	puzpadanta	True
6277	danta	Rājad˚	rAjad˚	False
6277	danta	Hastid˚	hastid˚	False
6278	dantaka	Nāga-	nAgadantaka	True
6291	daBra	A-	adaBra	True
6292	dam	Dus-	dusdam	False
6293	dama	Dus-	dusdama	False
6293	dama	Su-	sudama	True
6295	damana	Sarva-	sarvadamana	True
6299	damin	Kāma-damin + ī	kAma-damin + I	False
6302	damBa	A-	adamBa	True
6302	damBa	Vīta-	vItadamBa	True
6306	day	Samudra-	samudraday	False
6306	day	Su-	suday	False
6307	dayA	A-daya + m	a-daya + m	False
6307	dayA	Nirdaya	nirdaya	True
6307	dayA	Bhūta-	BUtadayA	True
6307	dayA	Sa-	sadayA	False
6311	dara	Sa-	sadara	True
6319	dardura	Kūpa-	kUpadardura	True
6320	darpa	Ati-	atidarpa	True
6320	darpa	Bhagna-	Bagnadarpa	True
6320	darpa	Sa-	sadarpa	True
6320	darpa	Sam-iddha-	sam-idDadarpa	False
6327	darSa	Ātmadarśa	AtmadarSa	True
6327	darSa	Dus-	dusdarSa	False
6327	darSa	Su-dus-	su-dusdarSa	False
6328	darSaka	Pāra-	pAradarSaka	True
6330	darSana	A-	adarSana	True
6330	darSana	Acchidra-	acCidradarSana	True
6330	darSana	Adbhuta-	adButadarSana	True
6330	darSana	An-ati-	an-atidarSana	False
6330	darSana	Ātmadarśana	AtmadarSana	True
6330	darSana	Tulya-	tulyadarSana	True
6330	darSana	Dāra-	dAradarSana	False
6330	darSana	Dus-	dusdarSana	False
6330	darSana	Dūra-	dUradarSana	True
6330	darSana	Pāra-	pAradarSana	True
6330	darSana	Puṇya-	puRyadarSana	True
6330	darSana	Bhāla-	BAladarSana	True
6330	darSana	Su-	sudarSana	True
6333	darSin	Chidra-	CidradarSin	True
6333	darSin	Dīrgha-	dIrGadarSin	True
6333	darSin	Dūra-	dUradarSin	True
6333	darSin	Deva-	devadarSin	True
6333	darSin	Dvāra-	dvAradarSin	True
6333	darSin	Vidhi-	viDidarSin	True
6333	darSin	Sama-	samadarSin	True
6333	darSin	Sūkṣma-	sUkzmadarSin	True
6334	darSivaMs	Dīrgha-	dIrGadarSivaMs	True
6336	dala	Dvi-	dvidala	True
6342	daSaka	Śata-	SatadaSaka	False
6347	daSana	Vajra-	vajradaSana	True
6348	daSama	Trayo-	trayodaSama	True
6348	daSama	Dvā-	dvAdaSama	True
6363	dah	Agni-	agnidah	False
6363	dah	An-agni-	an-agnidah	False
6364	dahana	Dava-	davadahana	True
6366	dA	Svayam-	svayamdA	False
6380	dAtf	A-	adAtf	True
6386	dAna	A-	adAna	True
6386	dAna	Ati-	atidAna	True
6386	dAna	Ātman-	AtmandAna	False
6386	dAna	Udaka-	udakadAna	True
6386	dAna	Yoga-	yogadAna	True
6386	dAna	Vṛthā-	vfTAdAna	True
6386	dAna	Sa-	sadAna	True
6386	dAna	Sadā-	sadAdAna	True
6396	dAman	Puṣpa-dāman	puzpa-dAman	False
6403	dAya	Su-	sudAya	True
6404	dAyaka	Agni-	agnidAyaka	True
6404	dAyaka	Tāmbūla-	tAmbUladAyaka	True
6404	dAyaka	Viṣa-	vizadAyaka	True
6406	dAyAda	A-	adAyAda	True
6410	dAyin	Udaka-	udakadAyin	True
6410	dAyin	Viṣa-	vizadAyin	True
6411	dAra	A-	adAra	True
6411	dAra	Kṛta-	kftadAra	True
6411	dAra	Dharma-	DarmadAra	True
6411	dAra	Putra-	putradAra	True
6411	dAra	Bhū-	BUdAra	True
6412	dAraka	Loha-	lohadAraka	True
6413	dAraka	Bhartṛ-	BartfdAraka	True
6420	dAru	Deva-	devadAru	True
6421	dAruRa	Ati-	atidAruRa	True
6444	dAsa	A-	adAsa	True
6444	dAsa	Daṇḍa-	daRqadAsa	True
6444	dAsa	Dāsī-	dAsIdAsa	True
6444	dAsa	Bhakta-	BaktadAsa	True
6444	dAsa	Śiva-	SivadAsa	True
6451	dAha	Antar-	antardAha	True
6460	ditsu	A-	aditsu	True
6461	didfkzA	Jāta-gīta-didṛkṣa	jAta-gIta-didfkza	False
6465	diDizu	Agre-didhiṣū	agre-diDizU	False
6466	dina	Adya-	adyadina	True
6466	dina	Dus-	dusdina	False
6466	dina	Vāṣpa-dus-dina	vAzpa-dus-dina	False
6466	dina	Hima-dus-	hima-dusdina	False
6466	dina	Su-	sudina	True
6471	div	Dus-	dusdiv	False
6471	div	Muṣṭi-	muzwidiv	False
6476	divasa	Ardha-	arDadivasa	True
6476	divasa	Dus-	dusdivasa	False
6494	diS	Pūrva-	pUrvadiS	True
6495	diS	Vi-	vidiS	True
6503	dI	A-dina	a-dina	False
6503	dI	Paridīna	paridIna	True
6503	dI	Sa-dīna + m	sa-dIna + m	False
6506	dIkzA	Yathā-dīkṣa + m	yaTA-dIkza + m	False
6507	dIDiti	Sita-	sitadIDiti	True
6512	dIpa	Nirvāṇa-	nirvARadIpa	False
6512	dIpa	Nṛpa-	nfpadIpa	True
6513	dIpaka	Śarvarī-	SarvarIdIpaka	False
6514	dIpana	Anala-	analadIpana	True
6516	dIpti	Gṛha-	gfhadIpti	True
6519	dIrGa	Su-	sudIrGa	True
6523	dIrGasUtratA	A-	adIrGasUtratA	True
6525	dIrGikA	Sura-	suradIrGikA	True
6529	duHKa	A-	aduHKa	True
6529	duHKa	Antar-	antarduHKa	True
6529	duHKa	Sama-	samaduHKa	True
6529	duHKa	Su-duṣkha	su-duzKa	False
6533	duHKita	Ati-duṣ-khita	ati-duz-Kita	False
6533	duHKita	Su-	suduHKita	True
6541	duGa	Droṇa-	droRaduGa	False
6565	durga	Giri-	giridurga	True
6587	durlaBa	Su-	sudurlaBa	True
6602	duz	A-	aduz	False
6602	duz	Su-	suduz	False
6602	duz	Vāgd˚	vAgd˚	False
6618	dustyaja	Su-	sudustyaja	True
6619	duh	Vitta-	vittaduh	False
6621	duha	Dus-	dusduha	False
6625	dUta	Megha-	meGadUta	True
6625	dUta	Praśna-dūtī	praSna-dUtI	False
6626	dUtaka	Yama-	yamadUtaka	True
6630	dUra	A-	adUra	True
6630	dUra	Ati-, ˚ram	ati-, ˚ram	False
6630	dUra	Kiyad-dūra	kiyad-dUra	False
6630	dUra	Vi-	vidUra	True
6630	dUra	A-vi	a-vi	False
6630	dUra	Su-	sudUra	True
6632	dUratas	A-	adUratas	True
6644	df	An-	andf	False
6644	df	Atyādṛta	atyAdfta	True
6663	dfS	Divya-	divyadfS	True
6663	dfS	Bhāla-	BAladfS	True
6663	dfS	Mṛga-	mfgadfS	True
6663	dfS	Mṛgī-	mfgIdfS	True
6663	dfS	Sama-	samadfS	True
6663	dfS	Su-	sudfS	True
6671	dfzwi	A-	adfzwi	True
6671	dfzwi	Adhas-	aDasdfzwi	False
6671	dfzwi	Eka-	ekadfzwi	True
6678	deva	A-	adeva	True
6678	deva	Ati-	atideva	True
6678	deva	Devātideva	devAtideva	True
6678	deva	Kāma-	kAmadeva	True
6678	deva	Kāvya-devī	kAvya-devI	False
6678	deva	Kṣiti-	kzitideva	True
6678	deva	Gṛha-devī	gfha-devI	False
6678	deva	Jana-	janadeva	True
6678	deva	Deva-	devadeva	True
6678	deva	Nara-	naradeva	True
6678	deva	Pūrva-	pUrvadeva	True
6678	deva	Bala-	baladeva	True
6678	deva	Bhūmi-	BUmideva	True
6678	deva	Mahā-	mahAdeva	True
6678	deva	Rāma-	rAmadeva	True
6678	deva	Vasu-	vasudeva	True
6678	deva	Vāgdevī	vAgdevI	True
6678	deva	Vāma-	vAmadeva	True
6678	deva	Viśva-	viSvadeva	True
6678	deva	Vīra-	vIradeva	True
6678	deva	Su-devī	su-devI	False
6680	devatA	Adhi-	aDidevatA	True
6680	devatA	Abhīṣṭa-	aBIzwadevatA	True
6680	devatA	Kula-	kuladevatA	True
6680	devatA	Kṣiti-	kzitidevatA	True
6680	devatA	Kṣetra-	kzetradevatA	True
6680	devatA	Gṛha-	gfhadevatA	True
6680	devatA	Pati-	patidevatA	True
6680	devatA	Para-	paradevatA	True
6680	devatA	Pārva-	pArvadevatA	False
6680	devatA	Yama-	yamadevatA	True
6680	devatA	Yoni-	yonidevatA	True
6680	devatA	Vasu-	vasudevatA	True
6680	devatA	Saubhāgya-	sOBAgyadevatA	True
6680	devatA	Sthali-	sTalidevatA	False
6682	devatva	Nara-	naradevatva	True
6698	deSa	A-	adeSa	True
6698	deSa	Eka-	ekadeSa	True
6698	deSa	Tanū-	tanUdeSa	True
6698	deSa	Diś-	diSdeSa	False
6698	deSa	Para-	paradeSa	True
6698	deSa	Pūrva-	pUrvadeSa	True
6698	deSa	Madhya-	maDyadeSa	True
6698	deSa	Vi-	videSa	True
6698	deSa	Sa-	sadeSa	True
6706	deSya	A-	adeSya	True
6706	deSya	Tad-	taddeSya	True
6706	deSya	Nānā-	nAnAdeSya	True
6708	deha	Ūrdhva-	UrDvadeha	True
6708	deha	Pūrva-	pUrvadeha	True
6714	dEteya	A-	adEteya	True
6718	dEva	Adhi-	aDidEva	True
6718	dEva	Dus-	dusdEva	False
6721	dEvata	Adhi-	aDidEvata	True
6721	dEvata	Pitṛ-	pitfdEvata	True
6737	doza	Anna-	annadoza	True
6737	doza	Karmadoṣa	karmadoza	True
6737	doza	Grahaṇī-	grahaRIdoza	True
6737	doza	Dṛṣṭa-	dfzwadoza	True
6737	doza	Pāna-	pAnadoza	True
6737	doza	Vāgd˚	vAgd˚	False
6737	doza	Svapna-	svapnadoza	True
6741	dozavant	A-	adozavant	True
6746	doha	Kāṃsya-	kAMsyadoha	True
6749	dohana	Go-	godohana	True
6786	dyuti	A-mita-	a-mitadyuti	False
6786	dyuti	Gharma-	Garmadyuti	True
6786	dyuti	Tuhina-	tuhinadyuti	True
6786	dyuti	Mahā-	mahAdyuti	True
6786	dyuti	Hima-	himadyuti	True
6789	dyumna	Indra-	indradyumna	True
6794	dyota	Cintya-	cintyadyota	True
6799	draNga	Srava-	sravadraNga	True
6804	drava	Amṛta-	amftadrava	True
6810	dravya	A-	adravya	True
6810	dravya	Apa-	apadravya	True
6810	dravya	Nis-	nisdravya	False
6810	dravya	Sītā-	sItAdravya	True
6836	druma	Kalpa-	kalpadruma	True
6836	druma	Grāma-	grAmadruma	True
6836	druma	Chāyā-	CAyAdruma	True
6836	druma	Sa-parvata-vana-	sa-parvata-vanadruma	False
6839	druh	A-drudgha	a-drudGa	False
6845	droRa	Saha-droṇa	saha-droRa	False
6845	droRa	Snāna-droṇī	snAna-droRI	False
6847	droha	A-	adroha	True
6847	droha	Nis-	nisdroha	False
6853	dvaMdva	Nis-	nisdvaMdva	False
6857	dvaya	A-	advaya	True
6867	dvAra	A-	advAra	True
6867	dvAra	Gaṅgā-	gaNgAdvAra	True
6867	dvAra	Gala-	galadvAra	True
6867	dvAra	Giri-	giridvAra	True
6867	dvAra	Pakṣa-	pakzadvAra	True
6867	dvAra	Śakṛddv˚	Sakfddv˚	False
6867	dvAra	Siṃha-	siMhadvAra	True
6876	dvija	A-	advija	True
6881	dvitIya	A-	advitIya	True
6887	dvipa	Gandha-	ganDadvipa	True
6887	dvipa	Maru-	marudvipa	True
6887	dvipa	Sura-	suradvipa	True
6893	dviz	Pura-	puradviz	True
6895	dvIpa	Kuśa-	kuSadvIpa	True
6895	dvIpa	Gaṇa-	gaRadvIpa	True
6895	dvIpa	Jambū-	jambUdvIpa	True
6895	dvIpa	Jala-	jaladvIpa	True
6895	dvIpa	Nāga-	nAgadvIpa	True
6909	dvEta	A-	advEta	True
6913	dvEDya	A-	advEDya	True
6925	Dana	A-	aDana	True
6925	Dana	Antar-	antarDana	True
6925	Dana	Alam-	alamDana	False
6925	Dana	Alpa-	alpaDana	True
6925	Dana	Kanyā-	kanyADana	True
6925	Dana	Go-	goDana	True
6925	Dana	Tapodhana	tapoDana	True
6925	Dana	Nis-	nisDana	False
6925	Dana	Mahā	mahA	True
6925	Dana	Vidyā-	vidyADana	True
6925	Dana	Satya-	satyaDana	True
6925	Dana	Su-	suDana	True
6925	Dana	Hṛta-	hftaDana	True
6936	Danu	Sa-	saDanu	True
6939	Danuzmant	Mahā-	mahADanuzmant	True
6940	Danus	Indra-	indraDanus	True
6940	Danus	Puṣpa-	puzpaDanus	True
6940	Danus	Sa-	saDanus	True
6945	Danva	priya-	priyaDanva	True
6946	Danvan	Su-	suDanvan	True
6954	Dara	Gadā-	gadADara	True
6954	Dara	Garbha-	garBaDara	False
6954	Dara	Jagatī-	jagatIDara	True
6954	Dara	Jaṭā-	jawADara	True
6954	Dara	Toya-	toyaDara	True
6954	Dara	Daṇḍa-	daRqaDara	True
6954	Dara	Daṇḍa-vrata-	daRqa-vrataDara	False
6954	Dara	Dus-	dusDara	False
6954	Dara	Dhanus	Danus	True
6954	Dara	Dharaṇī-	DaraRIDara	True
6954	Dara	Dharā-	DarADara	True
6954	Dara	Pakṣa-	pakzaDara	True
6954	Dara	Pāśa-	pASaDara	True
6954	Dara	Māyā-	mAyADara	True
6954	Dara	Rāja-mantra-	rAja-mantraDara	False
6954	Dara	Hala-	halaDara	True
6960	Darma	A-	aDarma	True
6960	Darma	Atithi-	atiTiDarma	True
6960	Darma	Araṇya-	araRyaDarma	True
6960	Darma	Āpad-	ApadDarma	True
6960	Darma	Kāla-	kAlaDarma	True
6960	Darma	Kula-	kulaDarma	True
6960	Darma	Kūṭa-	kUwaDarma	True
6960	Darma	Go-	goDarma	True
6960	Darma	Grāmya-	grAmyaDarma	True
6960	Darma	Chadman-	CadmanDarma	False
6960	Darma	Jāti-	jAtiDarma	True
6960	Darma	Dus-	dusDarma	False
6960	Darma	Paśu-	paSuDarma	True
6960	Darma	Pāṇi-	pARiDarma	True
6960	Darma	Yuddha-	yudDaDarma	True
6960	Darma	Viśeṣa-	viSezaDarma	True
6960	Darma	Satya-	satyaDarma	True
6960	Darma	Sākṣāt-	sAkzAtDarma	False
6960	Darma	Su-	suDarma	True
6960	Darma	Strī-	strIDarma	True
6960	Darma	Sva-	svaDarma	True
6961	Darmatas	Putra-	putraDarmatas	True
6962	Darman	Kāla-	kAlaDarman	True
6962	Darman	Kṣatra-	kzatraDarman	True
6962	Darman	Manuṣya-	manuzyaDarman	True
6962	Darman	Śabdādi-	SabdAdiDarman	False
6962	Darman	Sa-	saDarman	True
6969	Darmin	Sa-	saDarmin	True
6969	Darmin	Strī-	strIDarmin	False
6970	DarmizWa	A-	aDarmizWa	True
6972	Darmya	A-	aDarmya	True
6973	Darza	Dus-	dusDarza	False
6975	DarzaRa	Dus-	dusDarzaRa	False
6978	Dava	Menā-	menADava	True
6978	Dava	Vi-	viDava	True
6978	Dava	Sa-dhavā	sa-DavA	False
6979	Davala	Ati-	atiDavala	True
6980	Davalita	Sudhā-	suDADavalita	True
6982	DA	A-hita	a-hita	False
6982	DA	Hita-a-hita	hita-a-hita	False
6982	DA	Su-	suDA	True
6983	DAtu	Giri-	giriDAtu	True
6983	DAtu	Gairika-	gErikaDAtu	True
6983	DAtu	Tri-	triDAtu	True
6983	DAtu	Mahā-	mahADAtu	True
6983	DAtu	Rakta-	raktaDAtu	True
6983	DAtu	Śilā-	SilADAtu	True
6983	DAtu	Saumya-	sOmyaDAtu	True
6985	DAtumant	Gairika-dhātu + mant	gErika-DAtu + mant	False
6986	DAtf	Jagat-	jagatDAtf	False
6992	DAnya	Ku-	kuDAnya	True
6992	DAnya	Dhana-	DanaDAnya	True
6998	DAman	A-gharma-	a-GarmaDAman	False
6998	DAman	Tri-	triDAman	True
6998	DAman	Ruci-	ruciDAman	True
6998	DAman	Śveta-	SvetaDAman	True
6998	DAman	Hariṇa-	hariRaDAman	True
7001	DAraRa	Garbha-	garBaDAraRa	True
7001	DAraRa	Chattra-	CattraDAraRa	True
7001	DAraRa	Tulā-	tulADAraRa	True
7001	DAraRa	Daṇḍa-	daRqaDAraRa	True
7001	DAraRa	Deha-	dehaDAraRa	True
7001	DAraRa	Hasta-	hastaDAraRa	True
7002	DAraRaka	A-	aDAraRaka	True
7005	DArA	Kṣura-dhāra	kzura-DAra	False
7005	DArA	Kṛta-dhāra	kfta-DAra	False
7005	DArA	Khara-dhāra	Kara-DAra	False
7005	DArA	Tiryagdhāra	tiryagDAra	True
7005	DArA	Tikṣṇa-dhāra	tikzRa-DAra	False
7007	DArin	Kanthā-	kanTADArin	True
7007	DArin	Jaṭā-	jawADArin	True
7007	DArin	Daṇḍa-	daRqaDArin	True
7007	DArin	Mantra-	mantraDArin	True
7007	DArin	Viśva-	viSvaDArin	True
7010	DArmika	A-	aDArmika	True
7016	DAvana	Danta-	dantaDAvana	True
7016	DAvana	Manaḥśilā-candana-	manaHSilA-candanaDAvana	False
7033	DI	Udāra-	udAraDI	True
7033	DI	Sādhu-	sADuDI	True
7033	DI	Su-	suDI	True
7033	DI	Sthita-	sTitaDI	True
7036	DIratA	A-	aDIratA	True
7040	Duni	Dyu-dhuni	dyu-Duni	False
7043	Dura	Agrya-dhurā	agrya-DurA	False
7046	Durya	Kula-dhurya	kula-Durya	False
7048	DU	Virya-	viryaDU	False
7052	DUpa	Vṛka-	vfkaDUpa	True
7054	DUpana	Sūpa-	sUpaDUpana	True
7056	DUma	vi-	viDUma	True
7066	DUrta	Akṣa-	akzaDUrta	True
7067	DUrtaka	Mṛga-	mfgaDUrtaka	True
7074	DUsara	Krama-	kramaDUsara	False
7078	Dfk	Daṇḍa-	daRqaDfk	True
7078	Dfk	Deha-	dehaDfk	True
7082	Dfti	A-	aDfti	True
7082	Dfti	Kṣmā-	kzmADfti	True
7082	Dfti	Śata-	SataDfti	True
7085	Dfz	A-dhṛṣṭa	a-Dfzwa	False
7091	Denu	Asi-	asiDenu	True
7091	Denu	Kāma-	kAmaDenu	True
7091	Denu	Kṣiti-	kzitiDenu	True
7093	DErya	A-	aDErya	True
7117	Druva	A-	aDruva	True
7126	Dvaja	Ud-patāka-dhvaja	ud-patAka-Dvaja	False
7126	Dvaja	Kapi-	kapiDvaja	True
7126	Dvaja	Kuśa-	kuSaDvaja	True
7126	Dvaja	Garuḍa-	garuqaDvaja	True
7126	Dvaja	Go-vṛṣa-	go-vfzaDvaja	False
7126	Dvaja	Jvālā-	jvAlADvaja	True
7126	Dvaja	Tāla-	tAlaDvaja	True
7126	Dvaja	Timi-	timiDvaja	True
7126	Dvaja	Dharma-	DarmaDvaja	True
7126	Dvaja	Pāra-	pAraDvaja	True
7126	Dvaja	Makara-	makaraDvaja	True
7126	Dvaja	Mahiṣa-	mahizaDvaja	True
7126	Dvaja	Vṛṣabha-	vfzaBaDvaja	True
7126	Dvaja	Sīra-	sIraDvaja	True
7126	Dvaja	Surā-	surADvaja	True
7126	Dvaja	Smara-	smaraDvaja	True
7129	Dvajin	Dharma-	DarmaDvajin	True
7134	Dvani	Siṃha-	siMhaDvani	True
7155	nakra	vakra-	vakranakra	True
7160	naKa	Agra-	agranaKa	True
7160	naKa	Pañcanakha	paYcanaKa	True
7160	naKa	Sūrpa-	sUrpanaKa	False
7160	naKa	Hastinakha-	hastinaKanaKa	False
7166	nagara	Antar-nagara	antar-nagara	False
7166	nagara	Kāśi-nagara	kASi-nagara	False
7166	nagara	Gandharva-nagara	ganDarva-nagara	False
7166	nagara	Vidarbha-nagarī	vidarBa-nagarI	False
7166	nagara	Śākhā-	SAKAnagara	True
7166	nagara	Sva-	svanagara	True
7177	nawa	Mahā-	mahAnawa	True
7187	nada	Giri-ṇadī	giri-RadI	False
7187	nada	Dera-nadī	dera-nadI	False
7187	nada	Dyu-nadī	dyu-nadI	False
7187	nada	Naga-nadī	naga-nadI	False
7187	nada	Pañcanada	paYcanada	True
7187	nada	Mahā-nadī	mahA-nadI	False
7187	nada	Svar-	svarnada	False
7190	nadIzRa	Ati-	atinadIzRa	True
7193	nanda	Sa-	sananda	True
7193	nanda	Su-	sunanda	True
7196	nandana	Arka-	arkanandana	True
7196	nandana	Kāśyapa-	kASyapanandana	True
7196	nandana	Kuru-	kurunandana	True
7196	nandana	Kula-	kulanandana	True
7196	nandana	Nalinī-	nalinInandana	True
7196	nandana	Bhṛgu-	Bfgunandana	True
7196	nandana	Raghu-	raGunandana	True
7212	nam	Tri-nata	tri-nata	False
7215	namaskAra	Nis-namaskāra	nis-namaskAra	False
7221	namra	Vi-	vinamra	True
7225	naya	Apa-	apanaya	True
7225	naya	Dus-	dusnaya	False
7225	naya	Rāja-naya	rAja-naya	False
7225	naya	Su-	sunaya	True
7226	nayana	Tri-	trinayana	True
7226	nayana	Viṣama-	vizamanayana	True
7226	nayana	Sāśru-	sASrunayana	True
7226	nayana	Su-	sunayana	True
7229	naraka	Mahā-	mahAnaraka	True
7233	nartaka	Hariṇa-	hariRanartaka	True
7248	nava	Punar-	punarnava	True
7252	navata	Ekona-	ekonanavata	False
7252	navata	Eka-	ekanavata	True
7252	navata	Dvā-	dvAnavata	True
7252	navata	Tri-	trinavata	True
7252	navata	Catur-	caturnavata	True
7252	navata	Saptan˚	saptan˚	False
7252	navata	Aṣṭānavata	azwAnavata	False
7254	navati	Dvi-	dvinavati	True
7255	navatitama	Eka-, dvi-, tri-, catur-, pañcan-, ṣaṣ-, saptan-, aṣṭan-	eka-, dvi-, tri-, catur-, paYcan-, zaz-, saptan-, azwannavatitama	False
7255	navatitama	Navan-	navannavatitama	False
7261	navanIta	Samudra-	samudranavanIta	True
7271	naSvara	A-	anaSvara	True
7280	nasya	Chinna-nasya	Cinna-nasya	False
7282	nah	A-	anah	False
7285	nAka	Tri-	trinAka	True
7290	nAga	Diṅnāga	diNnAga	True
7290	nAga	Śiśu-	SiSunAga	True
7292	nAgara	Deva-nāgarī	deva-nAgarI	False
7303	nAqi	Garbha-nāḍī	garBa-nAqI	False
7306	nATa	A-	anATa	True
7306	nATa	Kāla-	kAlanATa	True
7306	nATa	Ku-	kunATa	True
7306	nATa	Gaurī-	gOrInATa	True
7306	nATa	Camū-	camUnATa	True
7306	nATa	Jagat-eka-	jagat-ekanATa	False
7306	nATa	Jagannātha	jagannATa	True
7306	nATa	Jīvita-	jIvitanATa	True
7306	nATa	Dharma-	DarmanATa	True
7306	nATa	Nakṣatra-	nakzatranATa	True
7306	nATa	Nara-	naranATa	True
7306	nATa	Nāki(n)-	nAki(n)nATa	False
7306	nATa	Prajā-	prajAnATa	True
7306	nATa	Prāṇa-	prARanATa	True
7306	nATa	Bhūmi-	BUminATa	True
7306	nATa	Yadu-	yadunATa	True
7306	nATa	Raghu-	raGunATa	True
7306	nATa	Rajanī-caya-	rajanI-cayanATa	False
7306	nATa	Viśva-	viSvanATa	True
7306	nATa	Sa-	sanATa	True
7311	nAda	Bhima-	BimanAda	False
7311	nAda	Mahā-	mahAnAda	True
7311	nAda	Megha-	meGanAda	True
7311	nAda	Siṃha-	siMhanAda	True
7322	nABi	Ūrṇa-	UrRanABi	True
7322	nABi	Cakra-	cakranABi	True
7322	nABi	Nis-	nisnABi	False
7322	nABi	Mṛga-	mfganABi	True
7322	nABi	Visa-	visanABi	True
7322	nABi	Vṛddha-	vfdDanABi	True
7322	nABi	Sa-	sanABi	True
7325	nABya	Sa-	sanABya	True
7329	nAmaDeya	Puṃnāmadheya	puMnAmaDeya	True
7331	nAman	A-	anAman	True
7331	nAman	Uṣṭra-	uzwranAman	False
7331	nAman	Gṛhīta-	gfhItanAman	True
7331	nAman	Dus-	dusnAman	False
7331	nAman	Pitṛ-	pitfnAman	True
7331	nAman	Mātṛ-	mAtfnAman	True
7331	nAman	Śyāla-	SyAlanAman	False
7331	nAman	Su-	sunAman	True
7331	nAman	Strī-	strInAman	True
7332	nAyaka	A-	anAyaka	True
7332	nAyaka	Ku-nāyaka	ku-nAyaka	False
7332	nAyaka	Kumudinī-	kumudinInAyaka	True
7332	nAyaka	Cakra-	cakranAyaka	True
7332	nAyaka	Daṇḍa-	daRqanAyaka	True
7332	nAyaka	Bhūta-nāyikā	BUta-nAyikA	False
7334	nAra	Kula-nārī	kula-nArI	False
7334	nAra	Divya-nārī	divya-nArI	False
7334	nAra	Prakāśa-nārī	prakASa-nArI	False
7348	nAla	Nābhi-nālā	nABi-nAlA	False
7348	nAla	Yantra-nāla	yantra-nAla	False
7356	nASa	Artha-	arTanASa	True
7356	nASa	Citta-	cittanASa	True
7356	nASa	Duḥsvapna-	duHsvapnanASa	True
7357	nASaka	Kṛta-	kftanASaka	True
7357	nASaka	Vighna-	viGnanASaka	True
7358	nASana	Kṛta-pūrva-	kfta-pUrvanASana	False
7358	nASana	Matsya-	matsyanASana	True
7359	nASin	A-	anASin	True
7363	nAsA	Karṇa-nāsā	karRa-nAsA	False
7363	nAsA	Tiryagnāsa	tiryagnAsa	True
7363	nAsA	Nāga-nāsā	nAga-nAsA	False
7363	nAsA	Sthūla-nāsa	sTUla-nAsa	False
7364	nAsikA	Agra-	agranAsikA	True
7364	nAsikA	Pūti-nāsika	pUti-nAsika	False
7364	nAsikA	Rakta-nāsika	rakta-nAsika	False
7364	nAsikA	Sthūla-	sTUlanAsikA	False
7383	niHsvana	Sāgara-ud-bhūta-	sAgara-ud-BUtaniHsvana	False
7392	nikAmatas	A-	anikAmatas	True
7407	niketa	A-	aniketa	True
7407	niketa	Catuṣpatha-niketā	catuzpaTa-niketA	False
7408	niketana	Vairocana-	vErocananiketana	True
7408	niketana	Svapna-	svapnaniketana	True
7424	nigraha	Upastha-	upasTanigraha	True
7424	nigraha	Dus-	dusnigraha	False
7424	nigraha	Su-	sunigraha	True
7430	niGna	Vāyu-	vAyuniGna	True
7441	nitya	A-	anitya	True
7441	nitya	Ātmanitya	Atmanitya	True
7441	nitya	Tapo-nitya	tapo-nitya	False
7442	nityatA	A-	anityatA	True
7443	nityatva	A-	anityatva	True
7447	nid	A-	anid	False
7458	nidrA	A-	anidrA	True
7458	nidrA	Ati-nidra	ati-nidra	False
7458	nidrA	Apa-	apanidrA	False
7458	nidrA	Unnidra	unnidra	True
7458	nidrA	Yoga-nidrā	yoga-nidrA	False
7458	nidrA	Yogi(n)-	yogi(n)nidrA	False
7458	nidrA	Vi-	vinidrA	True
7464	niDAna	Daṇḍa-	daRqaniDAna	True
7465	niDi	Ambu-	ambuniDi	True
7465	niDi	Kalā-	kalAniDi	True
7465	niDi	Jala-	jalaniDi	True
7465	niDi	Tapas-	tapasniDi	False
7465	niDi	Tejas-	tejasniDi	False
7465	niDi	Payas-	payasniDi	False
7465	niDi	Śila-jñāna-	Sila-jYAnaniDi	False
7468	ninada	Su-	suninada	True
7481	nipAta	Dhārā-	DArAnipAta	True
7485	nipAna	A-	anipAna	True
7491	nibanDana	Artha-	arTanibanDana	True
7491	nibanDana	Strī-	strInibanDana	True
7501	nimitta	A-	animitta	True
7501	nimitta	Atonimitta + m	atonimitta + m	False
7501	nimitta	Kim-	kimnimitta	False
7501	nimitta	Kutonimitta	kutonimitta	True
7501	nimitta	Dus-	dusnimitta	False
7502	nimittatas	A-	animittatas	True
7503	nimiz	A-	animiz	True
7504	nimiza	A-	animiza	True
7508	nimeza	A-	animeza	True
7510	nimnagA	Giri-	girinimnagA	True
7517	niyama	Sa-	saniyama	True
7524	niyoga	A-	aniyoga	True
7525	niyogin	A-	aniyogin	True
7532	niraya	Tiryaṅniraya	tiryaNniraya	True
7573	nirGAta	Sa-	sanirGAta	True
7575	nirGoza	Mahā-megha-ogha-	mahA-meGa-oGanirGoza	False
7587	nirdaSa	A-	anirdaSa	True
7590	nirdeSa	A-	anirdeSa	True
7598	nirBeda	A-	anirBeda	True
7620	niryAtana	Vaira-	vEraniryAtana	True
7642	nirvfti	Pari-	parinirvfti	True
7644	nirveda	A-	anirveda	True
7644	nirveda	Sa-nirveda + m	sa-nirveda + m	False
7674	nivAsa	Kva-	kvanivAsa	True
7684	niveSana	Antar-	antarniveSana	True
7688	niS	Dyu-	dyuniS	True
7688	niS	Mahā-	mahAniS	True
7692	niSA	Mahā-	mahAniSA	True
7695	niScaya	Eka-	ekaniScaya	True
7717	nizevin	Hrī-	hrInizevin	True
7751	nizpeza	Vajra-	vajranizpeza	True
7759	nisUdaka	Krauñca-	krOYcanisUdaka	True
7765	nistriMSa	Baddha-	badDanistriMSa	False
7778	nIca	Ucca-	uccanIca	True
7778	nIca	Mahā-	mahAnIca	True
7782	nIqa	Eka-	ekanIqa	True
7782	nIqa	Sa-	sanIqa	True
7784	nIti	A-	anIti	True
7784	nIti	Daṇḍa-	daRqanIti	True
7784	nIti	Rāja-nīti	rAja-nIti	False
7784	nIti	Su-	sunIti	True
7786	nITa	Su-	sunITa	True
7788	nIra	Kṣīra-	kzIranIra	True
7797	nIla	Ā-	AnIla	True
7797	nIla	Indra-	indranIla	True
7797	nIla	Kāṃsya-	kAMsyanIla	True
7797	nIla	Makā-	makAnIla	False
7797	nIla	Rāja(n)-	rAja(n)nIla	False
7803	nIvi	Toya-nīvī	toya-nIvI	False
7825	nfpa	Dus-	dusnfpa	False
7828	nfSaMsa	A-	anfSaMsa	True
7828	nfSaMsa	Su-	sunfSaMsa	True
7829	nfSaMsatA	A-	anfSaMsatA	True
7839	netra	A-yugma-	a-yugmanetra	False
7839	netra	Sahasra-	sahasranetra	True
7839	netra	Pari-	parinetra	False
7844	nemi	A-riṣṭa-	a-rizwanemi	False
7844	nemi	Kāla-	kAlanemi	True
7906	nyAya	A-	anyAya	True
7909	nyAsa	Caraṇa-	caraRanyAsa	True
7919	pakva	A-	apakva	True
7919	pakva	An-ati-pakva	an-ati-pakva	False
7919	pakva	Kāla-	kAlapakva	True
7923	pakza	A-jāta-	a-jAtapakza	False
7923	pakza	Kāka-	kAkapakza	True
7923	pakza	Kṛṣṇa-	kfzRapakza	True
7923	pakza	Keśa-	keSapakza	True
7923	pakza	Tri-	tripakza	True
7923	pakza	pūrva-	pUrvapakza	True
7923	pakza	Bhūmi-	BUmipakza	True
7923	pakza	Mahā-	mahApakza	True
7923	pakza	Vi-	vipakza	True
7923	pakza	Śatru-	Satrupakza	True
7923	pakza	Śukla-	Suklapakza	True
7923	pakza	Sa-	sapakza	True
7923	pakza	Sva-	svapakza	True
7931	pakzin	Jala-	jalapakzin	True
7934	pakzman	Ud-	udpakzman	False
7937	paNkaja	Sa-	sapaNkaja	True
7942	paNkti	Pada-	padapaNkti	True
7953	paYcaka	Pañcap˚	paYcap˚	False
7963	paYcama	Ardha-	arDapaYcama	True
7976	paYcASa	Eka-	ekapaYcASa	True
7976	paYcASa	Dvā-	dvApaYcASa	True
7976	paYcASa	Tri-	tripaYcASa	True
7976	paYcASa	Catuḥpañcāśa	catuHpaYcASa	True
7976	paYcASa	Pañcapañcāśa	paYcapaYcASa	True
7977	paYcASat	Dvā-	dvApaYcASat	True
7977	paYcASat	Catuḥpañcāśat	catuHpaYcASat	True
7980	paYcASattama	Eka-	ekapaYcASattama	True
7980	paYcASattama	Tri-	tripaYcASattama	True
7985	pawa	Ūrṇa-	UrRapawa	True
7985	pawa	Kāṇḍa-	kARqapawa	True
7985	pawa	Ku-	kupawa	True
7985	pawa	Citra-	citrapawa	True
7985	pawa	Dhvaja-	Dvajapawa	True
7985	pawa	Pracchada-	pracCadapawa	True
7985	pawa	Mukha-	muKapawa	True
7985	pawa	Srastottara-	srastottarapawa	True
7988	pawala	Akṣa-	akzapawala	True
7988	pawala	Abhra-	aBrapawala	False
7988	pawala	Nīla-	nIlapawala	True
7990	pawaha	Yaśas-	yaSaspawaha	False
7994	pawutva	A-	apawutva	True
7996	pawwa	Aṃśu-	aMSupawwa	True
7996	pawwa	Citra-	citrapawwa	True
7996	pawwa	Cīna-	cInapawwa	True
7996	pawwa	Tāmra-	tAmrapawwa	True
7996	pawwa	Rājapaṭṭa	rAjapawwa	True
7996	pawwa	Lalāṭa-	lalAwapawwa	True
7996	pawwa	Vaktra-	vaktrapawwa	True
7996	pawwa	Vīra-	vIrapawwa	True
7996	pawwa	Śilā-	SilApawwa	True
7997	pawwaka	Śilā-	SilApawwaka	True
8006	paR	Kara-	karapaR	False
8006	paR	Masi-	masipaR	False
8006	paR	Yathāpaṇya + m	yaTApaRya + m	False
8008	paRa	Ardha-	arDapaRa	True
8008	paRa	Dāsa-	dAsapaRa	False
8020	pat	Sāvitrī-	sAvitrIpat	False
8030	patAkA	Sa-patāka	sa-patAka	False
8032	pati	A-	apati	True
8032	pati	Anna-	annapati	True
8032	pati	Ap-	appati	True
8032	pati	Ambu-	ambupati	True
8032	pati	Artha-	arTapati	True
8032	pati	Avani-	avanipati	True
8032	pati	Aśva-	aSvapati	True
8032	pati	Uḍu-	uqupati	True
8032	pati	Umā-	umApati	True
8032	pati	Urvī-	urvIpati	True
8032	pati	Oṣadhi-	ozaDipati	True
8032	pati	Oṣadhī-	ozaDIpati	True
8032	pati	Kula-	kulapati	True
8032	pati	Kratu-	kratupati	True
8032	pati	Kṣiti-	kzitipati	True
8032	pati	Gaṇa-	gaRapati	True
8032	pati	Gṛha-	gfhapati	True
8032	pati	Go-	gopati	True
8032	pati	Gaurī-	gOrIpati	True
8032	pati	Graha-	grahapati	True
8032	pati	Camū-	camUpati	True
8032	pati	Jagat-	jagatpati	True
8032	pati	Jagatī-	jagatIpati	True
8032	pati	Tārā-	tArApati	True
8032	pati	Tridaśa-	tridaSapati	True
8032	pati	Dāna-	dAnapati	True
8032	pati	Dina-	dinapati	True
8032	pati	Deva-	devapati	True
8032	pati	Dvāra-	dvArapati	True
8032	pati	Nada-nadī-	nada-nadIpati	False
8032	pati	Nidhi-	niDipati	True
8032	pati	Nṛ-	nfpati	True
8032	pati	Paśu-	paSupati	True
8032	pati	Pitṛ-	pitfpati	True
8032	pati	Prajā-	prajApati	True
8032	pati	Prāṇa-	prARapati	True
8032	pati	Phaṇipati	PaRipati	True
8032	pati	Bhavānī-	BavAnIpati	True
8032	pati	Bhāṇḍa-	BARqapati	True
8032	pati	Aānā-bhāṇḍa-	aAnA-BARqapati	False
8032	pati	Bhū-	BUpati	True
8032	pati	Bhūmī-	BUmIpati	True
8032	pati	Bhṛgu-	Bfgupati	True
8032	pati	Bhoga-	Bogapati	True
8032	pati	Mahī-	mahIpati	True
8032	pati	Mṛga-	mfgapati	True
8032	pati	Raghu-	raGupati	True
8032	pati	Rati-	ratipati	True
8032	pati	Śacī-	SacIpati	True
8032	pati	Śālva-	SAlvapati	True
8032	pati	Śrī-	SrIpati	True
8032	pati	Sabhā-	saBApati	True
8032	pati	Sindhu-	sinDupati	True
8032	pati	Senā-	senApati	True
8032	pati	Svarga-	svargapati	True
8045	patnI	Eka-	ekapatnI	True
8045	patnI	Guru-	gurupatnI	True
8045	patnI	Deva-	devapatnI	True
8045	patnI	Dharma-	DarmapatnI	True
8045	patnI	Sa-	sapatnI	True
8048	patra	Arka-	arkapatra	True
8048	patra	Kaṅka-	kaNkapatra	True
8048	patra	Kara-	karapatra	True
8048	patra	Tvak-patra	tvak-patra	False
8048	patra	Danta-	dantapatra	True
8048	patra	Niṣ-patra	niz-patra	False
8048	patra	Bhūrja-	BUrjapatra	True
8048	patra	Yuga-	yugapatra	True
8048	patra	Śata-	Satapatra	True
8048	patra	Satp˚	satp˚	False
8048	patra	Svaccha-	svacCapatra	True
8049	patraka	Karṇa-patraka	karRa-patraka	False
8049	patraka	Yuga-	yugapatraka	True
8051	patrin	Kaṅka-	kaNkapatrin	True
8051	patrin	Puṣpa-	puzpapatrin	True
8056	paTin	Ardha-	arDapaTin	False
8056	paTin	Dharma-	DarmapaTin	True
8056	paTin	Saha-	sahapaTin	True
8057	paTya	A-	apaTya	True
8060	pad	A-pad	a-pad	False
8060	pad	Eka-pad	eka-pad	False
8060	pad	Catuṣpād	catuzpAd	True
8060	pad	Tīrtha-pad	tIrTa-pad	False
8060	pad	Tri-pad	tri-pad	False
8060	pad	Dvi-pad	dvi-pad	False
8060	pad	Sakasra-pād	sakasra-pAd	False
8061	pada	A-	apada	True
8061	pada	Āśrama-	ASramapada	True
8061	pada	Eka-	ekapada	True
8061	pada	Kṣetra-	kzetrapada	True
8061	pada	Citra-	citrapada	True
8061	pada	Jana-	janapada	True
8061	pada	Tri-	tripada	True
8061	pada	Druta-	drutapada	True
8061	pada	Dvi-	dvipada	True
8061	pada	Pañcapada	paYcapada	True
8061	pada	Bhādra-	BAdrapada	True
8061	pada	Bhū-	BUpada	True
8061	pada	Viṣṇu-	vizRupada	True
8063	padavI	Ghana-	GanapadavI	True
8063	padavI	Viveka-	vivekapadavI	True
8063	padavI	Smarana-	smaranapadavI	False
8063	padavI	Hāsya-	hAsyapadavI	True
8070	padAntara	A-padāntara + m	a-padAntara + m	False
8073	padDati	Pāda-	pAdapadDati	True
8074	padma	Abhi-	aBipadma	True
8074	padma	Bhrātṛ-padma-vana	BrAtf-padma-vana	False
8074	padma	Mahā-	mahApadma	True
8074	padma	Sa-	sapadma	True
8091	pannaga	Sa-pannaga	sa-pannaga	False
8094	payas	Apa-	apapayas	True
8094	payas	Gharma-	Garmapayas	True
8104	para	Tatpara	tatpara	True
8104	para	Daiva-	dEvapara	True
8104	para	Māna-	mAnapara	True
8104	para	Vigraha-	vigrahapara	True
8108	paratA	Tad-para + tā	tad-para + tA	False
8122	paraMpara	Karṇa-	karRaparaMpara	False
8125	paravant	A-dharma-	a-Darmaparavant	False
8131	paras	Parorajas	parorajas	True
8169	parikara	Sa-	saparikara	True
8181	parikriyA	Agni-	agniparikriyA	True
8189	pariKA	Khāta-gambhira-parikha	KAta-gamBira-pariKa	False
8193	parigraha	Duṣparigraha	duzparigraha	True
8193	parigraha	Niṣp˚	nizp˚	False
8219	paricCada	Agni-	agniparicCada	True
8219	paricCada	Sa-	saparicCada	True
8220	paricCeda	Bhāṣā-	BAzAparicCeda	True
8243	paritoza	A-	aparitoza	True
8243	paritoza	Sa-paritoṣa + m	sa-paritoza + m	False
8282	paripAlaka	Pṛthivī-	pfTivIparipAlaka	True
8348	parirakzaRa	A-	aparirakzaRa	True
8363	parivartin	A-	aparivartin	False
8372	parivAha	Sa-	saparivAha	True
8374	parivikrayin	Māṃsa-	mAMsaparivikrayin	True
8394	parivyaya	Sa-	saparivyaya	True
8419	parisara	Godāvarī-	godAvarIparisara	False
8439	parIkzA	Niṣparīkṣa	nizparIkza	True
8449	parus	Tri-	triparus	True
8450	parokza	A-	aparokza	True
8457	parRa	Aśva-	aSvaparRa	True
8457	parRa	Ṛtu-	ftuparRa	True
8457	parRa	Tāmra-parṇī	tAmra-parRI	False
8457	parRa	Śrī-	SrIparRa	True
8457	parRa	Saptap˚	saptap˚	False
8457	parRa	Su-	suparRa	True
8457	parRa	Tri-su-	tri-suparRa	False
8457	parRa	Sūpa-	sUpaparRa	False
8468	paryanta	A-	aparyanta	True
8493	parvaRa	Karma-parvaṇī	karma-parvaRI	False
8494	parvata	Agni-	agniparvata	True
8494	parvata	Amara-	amaraparvata	True
8494	parvata	Uttara-	uttaraparvata	True
8494	parvata	Jambu-	jambuparvata	True
8495	parvatIya	A-	aparvatIya	True
8496	parvan	A-	aparvan	True
8501	pala	Daśa(n)-	daSa(n)pala	False
8508	palASa	Sa-	sapalASa	True
8516	pallava	Aṃśuka-	aMSukapallava	True
8516	pallava	Kara-	karapallava	True
8516	pallava	Sa-	sapallava	True
8522	pavana	Danta-	dantapavana	True
8525	pavitra	A-	apavitra	True
8526	pavitraka	Sa-	sapavitraka	True
8532	paSu	Ghṛta-	GftapaSu	True
8532	paSu	Deva-	devapaSu	True
8532	paSu	Nara-	narapaSu	True
8532	paSu	Nṛ-	nfpaSu	True
8532	paSu	Piṣṭa-	pizwapaSu	True
8541	paScima	A-	apaScima	True
8541	paScima	Dakṣiṇa-	dakziRapaScima	True
8546	pA	A-	apA	False
8553	pAMsula	Vana-	vanapAMsula	True
8554	pAka	Karma(n)-	karma(n)pAka	False
8554	pAka	Kiṃpāka	kiMpAka	True
8554	pAka	Kumbhī-	kumBIpAka	True
8554	pAka	Punaḥpāka	punaHpAka	True
8554	pAka	Puras-	puraspAka	False
8554	pAka	Havya-	havyapAka	True
8555	pAkaja	A-	apAkaja	True
8563	pANkteya	A-	apANkteya	True
8580	pAwala	Satā-pāṭala	satA-pAwala	False
8584	pAWa	Vandipāṭha	vandipAWa	True
8585	pAWaka	Dharma-	DarmapAWaka	True
8585	pAWaka	Nakṣatra-	nakzatrapAWaka	True
8585	pAWaka	Madana-	madanapAWaka	True
8585	pAWaka	Stuti-	stutipAWaka	True
8590	pARi	A-rikta-	a-riktapARi	False
8590	pARi	Cakra-	cakrapARi	True
8590	pARi	Daṇḍa-	daRqapARi	True
8590	pARi	Dhanuṣpāṇi	DanuzpARi	True
8590	pARi	Rathāṅga	raTANga	True
8590	pARi	Vajra-	vajrapARi	True
8590	pARi	Śārṅga-	SArNgapARi	True
8603	pARqu	Puṣpa-	puzpapARqu	True
8603	pARqu	Vi-	vipARqu	True
8607	pARqura	Ā-	ApARqura	True
8607	pARqura	Vi-	vipARqura	True
8610	pAta	Asṛkpāta	asfkpAta	True
8610	pAta	Kūla-	kUlapAta	False
8610	pAta	Garbha-	garBapAta	True
8610	pAta	Caraṇa-	caraRapAta	True
8610	pAta	Dūra-	dUrapAta	True
8610	pAta	Dṛkpāta	dfkpAta	True
8610	pAta	Dhārā-	DArApAta	True
8610	pAta	Pakṣa-	pakzapAta	True
8610	pAta	Vi-pakṣa-	vi-pakzapAta	False
8610	pAta	Mahā-	mahApAta	True
8610	pAta	Vartma(n)-	vartma(n)pAta	False
8610	pAta	Vāṇa-	vARapAta	False
8610	pAta	Vilocana-	vilocanapAta	True
8612	pAtakin	Mahā-	mahApAtakin	True
8614	pAtana	Daṇḍa-	daRqapAtana	True
8614	pAtana	Dūra-	dUrapAtana	True
8616	pAtin	Eka-	ekapAtin	True
8616	pAtin	Daṇḍa-	daRqapAtin	True
8616	pAtin	Dūra-	dUrapAtin	True
8616	pAtin	Dūra-iṣu-	dUra-izupAtin	False
8616	pAtin	Pakṣa-	pakzapAtin	True
8616	pAtin	Pṛṣṭha-	pfzWapAtin	True
8620	pAtra	A-	apAtra	True
8620	pAtra	Uda(n)-	uda(n)pAtra	False
8620	pAtra	Upakrośa-	upakroSapAtra	False
8620	pAtra	Tāmra-	tAmrapAtra	True
8620	pAtra	Dāru-	dArupAtra	True
8620	pAtra	Dūra-	dUrapAtra	True
8620	pAtra	Dhūpa-	DUpapAtra	True
8620	pAtra	Piṇḍa-	piRqapAtra	True
8620	pAtra	Pūrṇa-	pUrRapAtra	True
8620	pAtra	Prasāda-	prasAdapAtra	True
8620	pAtra	Yāna-	yAnapAtra	True
8620	pAtra	Viśvāsa-	viSvAsapAtra	True
8620	pAtra	Su-	supAtra	True
8626	pATeya	A-	apATeya	True
8631	pAda	Adhaḥpāda	aDaHpAda	True
8631	pAda	Aṣṭa(n)-	azwa(n)pAda	False
8631	pAda	Eka-	ekapAda	True
8631	pAda	Guru-	gurupAda	False
8631	pAda	Candra-	candrapAda	True
8631	pAda	Jala-	jalapAda	True
8631	pAda	Jāla-	jAlapAda	True
8631	pAda	Deva-	devapAda	True
8631	pAda	Dvi-	dvipAda	True
8631	pAda	Rakta-	raktapAda	True
8631	pAda	Śīrṇa-	SIrRapAda	True
8631	pAda	Sthūla-	sTUlapAda	True
8631	pAda	Haṃsa-	haMsapAda	True
8639	pAdAta	Sa-ratha-	sa-raTapAdAta	False
8642	pAdika	Ardha-	arDapAdika	True
8644	pAdukA	Sa-pāduka	sa-pAduka	False
8648	pAna	Vīra-pāna	vIra-pAna	False
8648	pAna	Saha-	sahapAna	True
8653	pApa	A-	apApa	True
8653	pApa	Upa-	upapApa	True
8653	pApa	Dhūta-	DUtapApa	True
8653	pApa	Niṣpāpa	nizpApa	True
8653	pApa	Mahā-	mahApApa	True
8671	pAra	A-	apAra	True
8671	pAra	Duṣpāra	duzpAra	True
8671	pAra	Dūra-	dUrapAra	True
8671	pAra	Niṣpāra	nizpAra	True
8673	pAraga	Veda-	vedapAraga	True
8746	pArSvaga	Yuga-	yugapArSvaga	True
8754	pArzRigraha	Duṣpār˚	duzpAr˚	False
8755	pArzRigrAha	Duṣpār˚	duzpAr˚	False
8757	pAla	Aṅka-	aNkapAla	True
8757	pAla	Anta-	antapAla	True
8757	pAla	Avani-	avanipAla	True
8757	pAla	Udyāna-	udyAnapAla	True
8757	pAla	Kalpa-	kalpapAla	True
8757	pAla	Koṭṭa-	kowwapAla	True
8757	pAla	Kṣiti-	kzitipAla	True
8757	pAla	Kṣetra-	kzetrapAla	True
8757	pAla	Kṣmā-	kzmApAla	True
8757	pAla	Gṛha-	gfhapAla	True
8757	pAla	Go-	gopAla	True
8757	pAla	Caitya-	cEtyapAla	True
8757	pAla	Jagatī-	jagatIpAla	True
8757	pAla	Dikpāla	dikpAla	True
8757	pAla	Dvāra-	dvArapAla	True
8757	pAla	Dharma-	DarmapAla	True
8757	pAla	Paśu-	paSupAla	True
8757	pAla	Prajā-	prajApAla	True
8757	pAla	Bhoga-	BogapAla	True
8757	pAla	Loka-	lokapAla	True
8757	pAla	Vi-	vipAla	True
8757	pAla	Śiśu-	SiSupAla	True
8758	pAlaka	Kula-pālikā	kula-pAlikA	False
8758	pAlaka	Go-	gopAlaka	True
8758	pAlaka	Daṇḍa-	daRqapAlaka	True
8762	pAli	Aṅka-pālī	aNka-pAlI	False
8766	pAvana	Paṅkti-	paNktipAvana	True
8769	pASa	Karṇa-	karRapASa	True
8769	pASa	Kūṭa-	kUwapASa	True
8769	pASa	Keśa-	keSapASa	True
8769	pASa	Dharma-	DarmapASa	True
8769	pASa	Nāga-	nAgapASa	True
8769	pASa	Paśu-	paSupASa	True
8769	pASa	Vi-	vipASa	True
8780	pAzARa	Kaṣa-	kazapAzARa	True
8785	piNga	Eka-	ekapiNga	True
8785	piNga	Śveta-	SvetapiNga	True
8786	piNgala	Kṛṣṇa-	kfzRapiNgala	True
8800	piYja	Utpiñja	utpiYja	True
8801	piYjara	Ā-	ApiYjara	True
8801	piYjara	Pari-	paripiYjara	True
8812	piRqa	Pṛthak-	pfTakpiRqa	True
8812	piRqa	Saha-	sahapiRqa	False
8812	piRqa	A-sapiṇḍa	a-sapiRqa	False
8813	piRqaka	Bhinna-mastaka-piṇḍaka	Binna-mastaka-piRqaka	False
8819	piRqavat	Ayas-	ayaspiRqavat	False
8822	pitAmaha	Pūrva-	pUrvapitAmaha	True
8822	pitAmaha	Loka-	lokapitAmaha	True
8824	pitf	An-eka-	an-ekapitf	False
8824	pitf	Ku-	kupitf	True
8824	pitf	Sva-	svapitf	True
8835	pitta	Nāsā-rakta-	nAsA-raktapitta	False
8855	piplu	Mṛga-	mfgapiplu	True
8863	piSAca	Sa-	sapiSAca	True
8864	piSAcaka	Āśā-piśācikā	ASA-piSAcikA	False
8870	pizwapa	Tri-	tripizwapa	True
8875	pIWa	Pāda-	pAdapIWa	True
8875	pIWa	Pūga-	pUgapIWa	True
8875	pIWa	Bhadra-	BadrapIWa	True
8875	pIWa	Raṅga-	raNgapIWa	True
8881	pIqana	Graha-	grahapIqana	True
8882	pIqA	Graha-	grahapIqA	True
8883	pIta	Ā-	ApIta	True
8886	pIti	Sa-	sapIti	True
8886	pIti	Soma-	somapIti	True
8887	pITa	Go-pītha	go-pITa	False
8905	puMs	A-	apuMs	True
8905	puMs	Su-puṃs + ī	su-puMs + I	False
8905	puMs	Strī-	strIpuMs	True
8907	puMstva	A-	apuMstva	True
8913	pucCa	Kāla-	kAlapucCa	True
8913	pucCa	Go-	gopucCa	True
8913	pucCa	Dadhi-	daDipucCa	True
8913	pucCa	Hasta-	hastapucCa	True
8919	puwa	Adhara-	aDarapuwa	True
8919	puwa	Kṛta-añjali-	kfta-aYjalipuwa	False
8919	puwa	Nayana-	nayanapuwa	True
8919	puwa	Nāsā-	nAsApuwa	True
8919	puwa	Pakṣa-	pakzapuwa	True
8919	puwa	Bhāṇḍa-	BARqapuwa	True
8919	puwa	Mūtra-	mUtrapuwa	True
8920	puwaka	Ghrāṇa-	GrARapuwaka	True
8928	puRqra	Tri-	tripuRqra	True
8929	puRqraka	Kṛta-tri-	kfta-tripuRqraka	False
8940	putra	A-	aputra	True
8940	putra	Ārya-	Aryaputra	True
8940	putra	Kula-	kulaputra	True
8940	putra	Gādhi-	gADiputra	True
8940	putra	Taruṇa-	taruRaputra	False
8940	putra	Jīva-	jIvaputra	True
8940	putra	Dāsyās-	dAsyAsputra	False
8940	putra	Dharā-	DarAputra	True
8940	putra	Nanda-putrī	nanda-putrI	False
8940	putra	Niśā-	niSAputra	True
8940	putra	Pāṭali-	pAwaliputra	True
8940	putra	Marut-	marutputra	True
8940	putra	Rājaputra	rAjaputra	True
8940	putra	Lakṣmī-	lakzmIputra	True
8940	putra	Śilā-	SilAputra	True
8940	putra	Sa-	saputra	True
8940	putra	Satp˚	satp˚	False
8940	putra	Surya-	suryaputra	False
8941	putraka	A-	aputraka	True
8941	putraka	Kṛtrima-	kftrimaputraka	True
8941	putraka	Pāṭali-	pAwaliputraka	True
8941	putraka	Muni-	muniputraka	True
8941	putraka	Vastra-putrikā	vastra-putrikA	False
8945	putrin	Sa-	saputrin	True
8951	punar	Punaḥ-punar	punaH-punar	False
8961	pur	Tri-	tripur	True
8963	pura	Aṅga-purī	aNga-purI	False
8963	pura	Amara-pura	amara-pura	False
8963	pura	Avanti-	avantipura	True
8963	pura	Kanyā-pura	kanyA-pura	False
8963	pura	Kāñcana-pura	kAYcana-pura	False
8963	pura	Kāśi-purī	kASi-purI	False
8963	pura	Kumārī-pura	kumArI-pura	False
8963	pura	Kusuma-pura	kusuma-pura	False
8963	pura	Gaja-pura	gaja-pura	False
8963	pura	Gandharva-pura	ganDarva-pura	False
8963	pura	Go-	gopura	True
8963	pura	Pāṇḍara-dvāra-go-	pARqara-dvAra-gopura	False
8963	pura	Tri-pura	tri-pura	False
8963	pura	Daśa(n)-pura	daSa(n)-pura	False
8963	pura	Deva-pura	deva-pura	False
8963	pura	Nāga-pura	nAga-pura	False
8963	pura	Pañca(n)-pura	paYca(n)-pura	False
8963	pura	Mahā-purī	mahA-purI	False
8963	pura	Rukma-	rukmapura	True
8963	pura	Śākhā-	SAKApura	True
8963	pura	Śūra-	SUrapura	True
8963	pura	Hiraṇya-	hiraRyapura	True
8968	puraMjaya	Para-	parapuraMjaya	True
8975	puras	Dakṣiṇatas-puras	dakziRatas-puras	False
8980	purARa	niṣpurāṇa	nizpurARa	True
8996	puruza	A-dṛṣṭa-	a-dfzwapuruza	False
8996	puruza	Antara-pūruṣa	antara-pUruza	False
8996	puruza	Ādi-puruṣa	Adi-puruza	False
8996	puruza	Upari-	uparipuruza	True
8996	puruza	Eka-	ekapuruza	True
8996	puruza	Kiṃpuruṣa	kiMpuruza	True
8996	puruza	Kula-	kulapuruza	True
8996	puruza	Gūḍha-	gUQapuruza	True
8996	puruza	Tulā-	tulApuruza	True
8996	puruza	Dharmādhikāripuruṣa	DarmADikAripuruza	True
8996	puruza	Niṣpuruṣa	nizpuruza	True
8996	puruza	Prakṛti-	prakftipuruza	True
8996	puruza	Pramāṇa-	pramARapuruza	True
8996	puruza	Mūla-	mUlapuruza	True
8996	puruza	Rakṣika-	rakzikapuruza	True
8996	puruza	Rāja(n)-	rAja(n)puruza	False
8996	puruza	Satpuruṣa	satpuruza	True
9007	puroga	Agni-purogama	agni-purogama	False
9007	puroga	Prīti-puroga	prIti-puroga	False
9007	puroga	Yudhiṣṭhira-purogama	yuDizWira-purogama	False
9018	pulaka	Vi-	vipulaka	True
9029	puz	A-puṣṭa	a-puzwa	False
9029	puz	Anya-	anyapuz	True
9029	puz	Bali-	balipuz	False
9031	puzkara	Tri-	tripuzkara	True
9036	puzkala	Su-	supuzkala	True
9042	puzp	Su-	supuzp	False
9042	puzp	Suvarṇa-	suvarRapuzp	False
9043	puzpa	A-	apuzpa	True
9043	puzpa	Abhra-	aBrapuzpa	True
9043	puzpa	Kha-	Kapuzpa	True
9043	puzpa	Gandha-	ganDapuzpa	True
9043	puzpa	Jīva-	jIvapuzpa	True
9043	puzpa	Darbha-	darBapuzpa	True
9043	puzpa	Nāga-	nAgapuzpa	True
9043	puzpa	Bhāṇḍa-	BARqapuzpa	True
9043	puzpa	Lakṣmī-	lakzmIpuzpa	True
9043	puzpa	Viṣa-	vizapuzpa	True
9043	puzpa	Vīja-	vIjapuzpa	True
9043	puzpa	Śaṅkha-puṣpī	SaNKa-puzpI	False
9043	puzpa	Sa-	sapuzpa	True
9043	puzpa	Su-	supuzpa	True
9043	puzpa	Sūtra-	sUtrapuzpa	True
9060	pU	A-	apU	False
9060	pU	Śastra-	SastrapU	False
9061	pUga	Kāla-	kAlapUga	True
9062	pUj	Su-pūjita	su-pUjita	False
9064	pUjana	Atithi-pūjana	atiTi-pUjana	False
9066	pUjA	Agra-	agrapUjA	True
9066	pUjA	Atithi-	atiTipUjA	True
9066	pUjA	Tyakta-pūja	tyakta-pUja	False
9084	pUra	A-pūra	a-pUra	False
9084	pUra	Ali-	alipUra	False
9084	pUra	Karṇa-	karRapUra	True
9084	pUra	Kāma-	kAmapUra	True
9084	pUra	Ghṛta-	GftapUra	True
9084	pUra	Jala-	jalapUra	True
9084	pUra	Duṣpūra	duzpUra	True
9084	pUra	Pāṇi-	pARipUra	True
9084	pUra	Phala-	PalapUra	True
9084	pUra	Su-	supUra	True
9085	pUraka	Phala-	PalapUraka	True
9086	pUraRa	Gartā-	gartApUraRa	False
9100	pUrva	A-	apUrva	True
9100	pUrva	A-dṛṣṭa-	a-dfzwapUrva	False
9100	pUrva	Adya-	adyapUrva	False
9100	pUrva	An-āmaya-praśna-	an-Amaya-praSnapUrva	False
9100	pUrva	Anya-	anyapUrva	True
9100	pUrva	A-bodha-	a-boDapUrva	False
9100	pUrva	Aham-	ahampUrva	True
9100	pUrva	Tri-abda-	tri-abdapUrva	False
9100	pUrva	Dakṣiṇa-	dakziRapUrva	True
9100	pUrva	Pava-	pavapUrva	False
9100	pUrva	Pūrva-pūrva	pUrva-pUrva	False
9100	pUrva	Bhūta-	BUtapUrva	True
9100	pUrva	A-bhūta-	a-BUtapUrva	False
9100	pUrva	Mṛdu-	mfdupUrva	True
9100	pUrva	Yathā-pūrvam	yaTA-pUrvam	False
9100	pUrva	Sakhi-	saKipUrva	True
9100	pUrva	Strī-	strIpUrva	True
9100	pUrva	Smita-	smitapUrva	True
9101	pUrvaka	An-anya-pūrvikā	an-anya-pUrvikA	False
9101	pUrvaka	Aham-pūrvikā	aham-pUrvikA	False
9101	pUrvaka	Dārikā-dāna-	dArikA-dAnapUrvaka	False
9101	pUrvaka	Sāmānya-pratipatti-pūrvam	sAmAnya-pratipatti-pUrvam	False
9101	pUrvaka	Stri-	stripUrvaka	False
9115	pUrvin	A-pūrvin	a-pUrvin	False
9137	pfTak	Pṛthak-pṛthak	pfTak-pfTak	False
9166	pfzWa	Kāṇḍa-	kARqapfzWa	True
9166	pfzWa	Giri-	giripfzWa	True
9166	pfzWa	Tri-	tripfzWa	True
9166	pfzWa	Loha-	lohapfzWa	True
9166	pfzWa	Harmya-	harmyapfzWa	True
9172	pF	Ā-karṇa-	A-karRapF	False
9172	pF	Kalā-	kalApF	False
9172	pF	Vīja-	vIjapF	False
9184	pelava	Pari-	paripelava	True
9186	peSala	Ati-	atipeSala	True
9187	peSas	Viśva-	viSvapeSas	True
9187	peSas	Su-	supeSas	True
9195	pezaRi	Yantra-peṣaṇī	yantra-pezaRI	False
9233	poza	Paratas-	parataspoza	False
9234	pozaka	Vṛtti-	vfttipozaka	False
9249	pOtra	Putra-	putrapOtra	True
9250	pOtrin	Putra-	putrapOtrin	True
9257	pOrava	A-	apOrava	True
9262	pOruza	Daiva-antar-ita-	dEva-antar-itapOruza	False
9262	pOruza	Nis-	nispOruza	False
9300	prakampa	A-	aprakampa	True
9300	prakampa	Duṣprakampa	duzprakampa	True
9300	prakampa	Niṣpra˚	nizpra˚	False
9316	prakASa	A-	aprakASa	True
9316	prakASa	Ati-	atiprakASa	True
9316	prakASa	Duṣpr˚	duzpr˚	False
9316	prakASa	Niṣpr˚	nizpr˚	False
9316	prakASa	Su-	suprakASa	True
9332	prakfti	Duṣ-prakṛti	duz-prakfti	False
9350	prakzAlaka	Sadyas-	sadyasprakzAlaka	False
9353	prakzepaRa	Argha-	arGaprakzepaRa	False
9358	praKyAti	A-	apraKyAti	True
9362	pragarjana	Siṃha-	siMhapragarjana	True
9363	pragalBa	A-	apragalBa	True
9371	prage	Ati-	atiprage	True
9387	pracAra	Niṣpr˚	nizpr˚	False
9397	pracodin	Guṇa--cakra-	guRa--cakrapracodin	False
9415	prajA	A-praja	a-praja	False
9415	prajA	Sakṛt-praja	sakft-praja	False
9424	prajYa	Dīrgha-prajña	dIrGa-prajYa	False
9424	prajYa	Duṣprajña	duzprajYa	True
9424	prajYa	Sthita-	sTitaprajYa	True
9426	prajYAna	Duṣprajñāna	duzprajYAna	True
9432	praRaya	A-	apraRaya	True
9432	praRaya	Ati-	atipraRaya	True
9432	praRaya	Niṣpraṇaya	nizpraRaya	True
9432	praRaya	Sa-	sapraRaya	True
9435	praRayitA	Pāṇi-	pARipraRayitA	False
9436	praRayin	Pāṇi-praṇayinī	pARi-praRayinI	False
9440	praRAma	Sa-praṇāma + m	sa-praRAma + m	False
9460	pratara	Duṣpr˚	duzpr˚	False
9462	pratarka	Su-	supratarka	True
9467	pratApa	Niṣ-pratāpa	niz-pratApa	False
9480	pratikarman	A-	apratikarman	True
9484	pratikAra	A-pratikāra	a-pratikAra	False
9484	pratikAra	Niṣpratīkāra + m	nizpratIkAra + m	False
9498	pratikriyA	An-anya-pratikriya	an-anya-pratikriya	False
9498	pratikriyA	Niṣpratikriya	nizpratikriya	True
9513	pratiGa	A-	apratiGa	True
9513	pratiGa	Niṣ-pratigha	niz-pratiGa	False
9515	pratiGAtaka	A-	apratiGAtaka	True
9542	pratidvaMdva	A-	apratidvaMdva	True
9542	pratidvaMdva	Niṣpratidvandva	nizpratidvandva	True
9543	pratidvaMdvin	A-	apratidvaMdvin	True
9557	pratipakza	Satpratipakṣa	satpratipakza	True
9568	pratipAdaka	A-	apratipAdaka	True
9579	pratibala	A-	apratibala	True
9586	pratiBA	Utpanna-	utpannapratiBA	False
9586	pratiBA	Niṣpr˚	nizpr˚	False
9593	pratimA	A-pratima	a-pratima	False
9593	pratimA	Devatā-pratimā	devatA-pratimA	False
9593	pratimA	Puṣpita-palāśa-	puzpita-palASapratimA	False
9601	pratirUpa	A-	apratirUpa	True
9616	prativAraRa	Duṣpr˚	duzpr˚	False
9636	pratizWA	A-pratiṣṭha	a-pratizWa	False
9636	pratizWA	Janmapratiṣṭhā	janmapratizWA	True
9636	pratizWA	Su-	supratizWA	True
9654	pratIka	Su-	supratIka	True
9661	pratIti	A-	apratIti	True
9663	pratIpa	Niṣpr˚	nizpr˚	False
9673	pratyakza	A-	apratyakza	True
9684	pratyaya	A-	apratyaya	True
9708	pratyupakAra	Punaḥpr˚	punaHpr˚	False
9723	prada	Puṇya-	puRyaprada	True
9724	pradakziRa	Abhi-pradakṣi-ṇam	aBi-pradakzi-Ram	False
9730	pradAna	Avaskanda-	avaskandapradAna	False
9742	pradoza	Grahaṇī-	grahaRIpradoza	True
9746	praDAna	A-	apraDAna	True
9746	praDAna	Tad-	tadpraDAna	False
9746	praDAna	Dharma-	DarmapraDAna	True
9746	praDAna	Niṣpr˚	nizpr˚	False
9746	praDAna	Yathā-pradhāna + m	yaTA-praDAna + m	False
9746	praDAna	Viśuddha-sattva-	viSudDa-sattvapraDAna	False
9748	praDAnatA	A-pradhāna + tā	a-praDAna + tA	False
9759	prapAta	Giri-	giriprapAta	True
9759	prapAta	Jala-	jalaprapAta	True
9761	prapitAmaha	Vṛddha-	vfdDaprapitAmaha	True
9765	prabanDa	Ati-	atiprabanDa	True
9765	prabanDa	Kapaṭa-	kapawaprabanDa	True
9765	prabanDa	Dṛṣṭa-rasa-	dfzwa-rasaprabanDa	False
9771	praBava	Antara-	antarapraBava	True
9771	praBava	Prāñc-puṇya-	prAYc-puRyapraBava	False
9771	praBava	Vidveṣipr˚	vidvezipr˚	False
9771	praBava	Sparśa-maṇi-	sparSa-maRipraBava	False
9774	praBA	A-cira-prabhā	a-cira-praBA	False
9774	praBA	Ātmaprabha	AtmapraBa	True
9774	praBA	Niṣprabha	nizpraBa	True
9774	praBA	Mahātgama prabhā	mahAtgama praBA	False
9774	praBA	Sama-prabha	sama-praBa	False
9774	praBA	Su-	supraBA	True
9776	praBAva	Kiṃprabhāva	kiMpraBAva	True
9776	praBAva	Tathā-	taTApraBAva	True
9779	praBu	A-	apraBu	True
9779	praBu	Kim-	kimpraBu	True
9779	praBu	Campaka-	campakapraBu	True
9779	praBu	Jagat-	jagatpraBu	True
9781	praButva	A-	apraButva	True
9784	praBfti	Adya-	adyapraBfti	True
9784	praBfti	Tatas-	tataspraBfti	False
9791	pramA	A-	apramA	True
9792	pramARa	Ati-	atipramARa	True
9792	pramARa	Anu-	anupramARa	True
9795	pramAtAmaha	Vṛddha-	vfdDapramAtAmaha	True
9800	pramAda	A-	apramAda	True
9802	pramAdin	A-	apramAdin	True
9814	prayatna	A-	aprayatna	True
9814	prayatna	Niṣprayatna	nizprayatna	True
9824	prayoga	Artha-	arTaprayoga	True
9824	prayoga	Vidhi-	viDiprayoga	True
9824	prayoga	Su-	suprayoga	True
9827	prayojana	A-	aprayojana	False
9827	prayojana	Samāna-artha-	samAna-arTaprayojana	False
9833	pralamBa	Su-	supralamBa	True
9834	pralaya	Mahā-	mahApralaya	True
9835	pralApa	Su-	supralApa	True
9841	pravaktf	A-	apravaktf	True
9843	pravaRa	Dakṣiṇā-	dakziRApravaRa	True
9847	pravara	Śaṅkha-	SaNKapravara	True
9851	pravartana	A-	apravartana	True
9861	pravARI	Niṣ-pravāṇi	niz-pravARi	False
9863	pravAda	Loka-	lokapravAda	True
9868	pravAha	Vāri-	vAripravAha	True
9878	pravftti	Duṣpr˚	duzpr˚	False
9878	pravftti	Sneha-	snehapravftti	True
9880	praveka	Maṇi-	maRipraveka	True
9885	praveSa	Duṣpr˚	duzpr˚	False
9887	praveSana	Agni-	agnipraveSana	True
9904	praSna	Kuśala-	kuSalapraSna	True
9905	praSraya	Sa-praśraya + m	sa-praSraya + m	False
9909	prasakti	A-	aprasakti	True
9909	prasakti	Ati-	atiprasakti	True
9911	prasaNga	Ati-	atiprasaNga	True
9911	prasaNga	Kathā-	kaTAprasaNga	True
9911	prasaNga	Dharma-doṣa-	Darma-dozaprasaNga	False
9911	prasaNga	Vidhi-	viDiprasaNga	True
9921	prasAda	Duṣprasāda	duzprasAda	True
9921	prasAda	Dṛṣṭi-	dfzwiprasAda	True
9921	prasAda	Sa-	saprasAda	True
9921	prasAda	Su-	suprasAda	True
9923	prasAdana	Duṣpr˚	duzpr˚	False
9924	prasADana	Duṣpr˚	duzpr˚	False
9929	prasU	Masi-	masiprasU	True
9939	prasTa	Indra-	indraprasTa	True
9939	prasTa	Udaya-	udayaprasTa	True
9939	prasTa	Khāṇḍava-	KARqavaprasTa	True
9939	prasTa	Hima-	himaprasTa	True
9940	prasTAna	Mahā-	mahAprasTAna	True
9956	prahAra	Tala-	talaprahAra	True
9956	prahAra	Pāda-	pAdaprahAra	True
9966	prAMSu	Ati-	atiprAMSu	True
9972	prAkfta	Ati-	atiprAkfta	True
9994	prARa	Ati-prāṇa + m	ati-prARa + m	False
9994	prARa	Kṛcchra-	kfcCraprARa	True
9994	prARa	Gata-	gataprARa	True
9994	prARa	Niṣpr˚	nizpr˚	False
9994	prARa	Pati-	patiprARa	False
9994	prARa	Mahā-	mahAprARa	True
9994	prARa	Yaṣṭi-	yazwiprARa	True
10000	prARin	A-	aprARin	True
10003	prAtiBAvya	Darśana-	darSanaprAtiBAvya	True
10021	prApaRa	Duṣpr˚	duzpr˚	False
10024	prApti	A-	aprApti	True
10024	prApti	Akarmaprāpti	akarmaprApti	True
10024	prApti	Yathā-	yaTAprApti	True
10032	prAmARya	A-	aprAmARya	True
10035	prAya	Pra-siddha-kṣatriya-	pra-sidDa-kzatriyaprAya	False
10035	prAya	Priya-	priyaprAya	True
10035	prAya	Supta-jana-	supta-janaprAya	False
10035	prAya	Hiṃsā-	hiMsAprAya	True
10046	prArTana	Ā-lambita-	A-lambitaprArTana	False
10046	prArTana	Sa-phala-	sa-PalaprArTana	False
10051	prAvaraRa	Karṇa-	karRaprAvaraRa	True
10062	prASa	Dhūma-	DUmaprASa	True
10063	prASana	Anna-	annaprASana	True
10077	priya	A-	apriya	True
10077	priya	Putra-	putrapriya	True
10077	priya	Prāṇa-	prARapriya	True
10077	priya	Ati-prāṇa-	ati-prARapriya	False
10077	priya	Priyāpriya	priyApriya	True
10077	priya	Maru-	marupriya	True
10077	priya	Yavana-	yavanapriya	True
10077	priya	Raṇa-	raRapriya	True
10077	priya	Ramā-	ramApriya	True
10077	priya	Ravi-	ravipriya	True
10077	priya	Vana-	vanapriya	True
10077	priya	Vi-	vipriya	True
10077	priya	Sarva-	sarvapriya	True
10077	priya	Su-	supriya	True
10077	priya	Sura-	surapriya	True
10077	priya	Vṛhaspati-su-rata-	vfhaspati-su-ratapriya	False
10077	priya	Sneha-	snehapriya	True
10077	priya	Haya-	hayapriya	True
10077	priya	Hari-	haripriya	True
10086	prI	Su-prīta	su-prIta	False
10087	prIti	Nirupama-rasa	nirupama-rasa	False
10094	prekzaRa	Tiryak-	tiryakprekzaRa	True
10097	prekzin	Tiryak-	tiryakprekzin	True
10103	preman	Sthita-	sTitapreman	True
10103	preman	Prakṛṣṭa-	prakfzwapreman	False
10110	prezya	Grāma-	grAmaprezya	True
10133	plava	Aśma(n)-	aSma(n)plava	False
10133	plava	Marut-	marutplava	True
10138	plavana	Kuśa-	kuSaplavana	True
10143	plu	A-	aplu	False
10143	plu	Bhaya-	Bayaplu	False
10157	PaRa	Avākph˚	avAkP˚	False
10162	Pala	A-	aPala	True
10162	Pala	Karma(n)-	karma(n)Pala	False
10162	Pala	Kṛṣṭa-	kfzwaPala	True
10162	Pala	Kṣīṇa-	kzIRaPala	False
10162	Pala	Tri-	triPala	True
10162	Pala	Niṣph˚	nizP˚	False
10162	Pala	Puṇya-	puRyaPala	True
10162	Pala	Puraḥph˚	puraHP˚	False
10162	Pala	Marut-	marutPala	True
10162	Pala	Mahā-	mahAPala	True
10162	Pala	Manda-	mandaPala	True
10162	Pala	Muktā-	muktAPala	True
10162	Pala	Yathā-phala + m	yaTA-Pala + m	False
10162	Pala	Vi-	viPala	True
10162	Pala	Śāri-	SAriPala	True
10162	Pala	Śrī-	SrIPala	True
10162	Pala	Sa-	saPala	True
10162	Pala	Su-	suPala	True
10163	Palaka	Citra-	citraPalaka	True
10163	Palaka	Śilā-	SilAPalaka	True
10188	Pena	A-	aPena	True
10204	baRij	Pota-	potabaRij	True
10219	banD	A-	abanD	False
10220	banDa	Aṅka-	aNkabanDa	True
10220	banDa	Artha-	arTabanDa	True
10220	banDa	Lalita-artha-	lalita-arTabanDa	False
10220	banDa	Aśva-bandh + a	aSva-banD + a	False
10220	banDa	Āśā-	ASAbanDa	True
10220	banDa	Āsana-	AsanabanDa	True
10220	banDa	Keśa-	keSabanDa	True
10220	banDa	Daśa-bandha	daSa-banDa	False
10220	banDa	Paśu-	paSubanDa	True
10220	banDa	Pāṇi-	pARibanDa	True
10220	banDa	Pāda-	pAdabanDa	True
10220	banDa	Pāśa-	pASabanDa	True
10220	banDa	Maṇi-	maRibanDa	True
10220	banDa	Rāga-	rAgabanDa	True
10220	banDa	Vatsa-	vatsabanDa	False
10220	banDa	Su-	subanDa	True
10220	banDa	Setu-	setubanDa	True
10221	banDaka	Nāga-	nAgabanDaka	True
10221	banDaka	Pāśa-	pASabanDaka	True
10222	banDana	Nau-	nObanDana	True
10222	banDana	Pāśa-	pASabanDana	True
10222	banDana	Maṇi-	maRibanDana	True
10222	banDana	Lalita-pada-	lalita-padabanDana	False
10222	banDana	Sa-avaśeṣa-	sa-avaSezabanDana	False
10222	banDana	Sā-marthya-	sA-marTyabanDana	False
10225	banDu	A-	abanDu	True
10225	banDu	Kṣatra-	kzatrabanDu	True
10225	banDu	Brahmabandhu	brahmabanDu	True
10225	banDu	Rājanya-	rAjanyabanDu	True
10225	banDu	Vasanta-	vasantabanDu	True
10226	banDura	A-	abanDura	True
10228	banDya	A-	abanDya	True
10237	barha	Citra-	citrabarha	True
10239	barhin	Citra-	citrabarhin	True
10243	bala	A-	abala	True
10243	bala	Balābala	balAbala	True
10243	bala	Ati-	atibala	True
10243	bala	A-mogha-	a-moGabala	False
10243	bala	Kim-	kimbala	True
10243	bala	Tuṅga-	tuNgabala	True
10243	bala	Durbala	durbala	True
10243	bala	Nāga-	nAgabala	True
10243	bala	Pari-dus-	pari-dusbala	False
10243	bala	Mahā-	mahAbala	True
10243	bala	Yatha-bala + m	yaTa-bala + m	False
10243	bala	Vṛhadb˚	vfhadb˚	False
10243	bala	Sa-	sabala	True
10243	bala	Su-mahā-	su-mahAbala	False
10252	bali	Gṛha-bali	gfha-bali	False
10252	bali	Tri-balī	tri-balI	False
10252	bali	Sa-bali	sa-bali	False
10252	bali	Sa-puṣpa-	sa-puzpabali	False
10263	bahu	A-bhūyiṣṭha	a-BUyizWa	False
10263	bahu	Samāpta-bhūyiṣṭha	samApta-BUyizWa	False
10263	bahu	Su-bahu	su-bahu	False
10282	bADa	A-bādha	a-bADa	False
10282	bADa	Para-loka-	para-lokabADa	False
10282	bADa	Prāṇa-bādha	prARa-bADa	False
10282	bADa	Madana-	madanabADa	False
10282	bADa	Sa-	sabADa	True
10286	bAnDava	A-	abAnDava	True
10286	bAnDava	Hata-	hatabAnDava	True
10287	bAla	Dus-	dusbAla	False
10290	bAlaDi	Vakra-	vakrabAlaDi	True
10292	bAliSa	A-	abAliSa	True
10295	bAluka	Tapta-bāluka	tapta-bAluka	False
10295	bAluka	Rakta-bāluka	rakta-bAluka	False
10301	bAhu	Ud-	udbAhu	True
10301	bAhu	Catur-	caturbAhu	True
10301	bAhu	Dīrgha-	dIrGabAhu	True
10301	bAhu	Pṛthu-	pfTubAhu	True
10301	bAhu	Maha-	mahabAhu	False
10301	bAhu	Su-	subAhu	True
10310	bimba	Abhi-arka-bimba + m	aBi-arka-bimba + m	False
10310	bimba	Indu-	indubimba	True
10310	bimba	Nitamba-	nitambabimba	True
10310	bimba	Ratha-aṅga-croni-vimba	raTa-aNga-croni-vimba	False
10310	bimba	Hasta-	hastabimba	True
10311	bimbita	Prati-	pratibimbita	True
10320	bIBatsa	Ati-	atibIBatsa	True
10328	budDi	A-	abudDi	True
10328	budDi	Ati-manuṣya-	ati-manuzyabudDi	False
10328	budDi	Apekṣā-	apekzAbudDi	True
10328	budDi	Kṣudra-	kzudrabudDi	True
10328	budDi	Durb˚	durb˚	False
10328	budDi	Duṣṭa-	duzwabudDi	True
10328	budDi	Droha-	drohabudDi	True
10328	budDi	Dharma-	DarmabudDi	True
10328	budDi	Nirb˚	nirb˚	False
10328	budDi	Pāpa-	pApabudDi	True
10328	budDi	Bheda-	BedabudDi	True
10328	budDi	Manda-	mandabudDi	True
10328	budDi	Su-manda-	su-mandabudDi	False
10328	budDi	Mahā-	mahAbudDi	True
10328	budDi	Vikṛta-	vikftabudDi	True
10328	budDi	Vita-viruddha-	vita-virudDabudDi	False
10328	budDi	Su-	subudDi	True
10332	buD	A-	abuD	True
10333	buDa	A-	abuDa	True
10333	buDa	Durb˚	durb˚	False
10351	boDa	A-	aboDa	True
10351	boDa	Ātmabodha	AtmaboDa	True
10351	boDa	Durb˚	durb˚	False
10351	boDa	Su-	suboDa	True
10363	brahmaRya	A-	abrahmaRya	True
10367	brahman	A-	abrahman	True
10367	brahman	Mahā-	mahAbrahman	True
10367	brahman	Śabda-	Sabdabrahman	True
10367	brahman	Su-	subrahman	True
10377	brAhmaRa	A-	abrAhmaRa	True
10377	brAhmaRa	Go-	gobrAhmaRa	True
10379	brAhmaRya	Sva-brāhmaṇyā	sva-brAhmaRyA	False
10384	Bakta	Eka-	ekaBakta	True
10384	Bakta	Caturtha-	caturTaBakta	True
10386	Bakti	Kṣetra-	kzetraBakti	True
10386	Bakti	Dṛgbhakti	dfgBakti	True
10389	Bakz	A-	aBakz	False
10389	Bakz	Sarva-	sarvaBakz	False
10390	Bakza	Vāyu-	vAyuBakza	True
10390	Bakza	Sarva-	sarvaBakza	True
10392	BakzaRa	Vāyu-	vAyuBakzaRa	True
10394	Baga	Durbh˚	durB˚	False
10394	Baga	Su-	suBaga	True
10400	BaginI	Dharma-	DarmaBaginI	True
10404	BaNga	Asu-	asuBaNga	True
10404	BaNga	Utsāha-	utsAhaBaNga	False
10404	BaNga	Gṛha-	gfhaBaNga	True
10404	BaNga	Daṇḍa-	daRqaBaNga	True
10404	BaNga	Danta-	dantaBaNga	True
10404	BaNga	Durbh˚	durB˚	False
10404	BaNga	Patra-	patraBaNga	True
10404	BaNga	Puṣapa-	puzapaBaNga	False
10404	BaNga	Pṛṣṭha-	pfzWaBaNga	True
10404	BaNga	Pota-	potaBaNga	True
10404	BaNga	Praṇaya-	praRayaBaNga	True
10404	BaNga	Bhrū-	BrUBaNga	True
10404	BaNga	Sa-bhrū-bhaṅga + m	sa-BrU-BaNga + m	False
10404	BaNga	Sāra-	sAraBaNga	True
10404	BaNga	Hitā-	hitABaNga	True
10405	BaNgi	Patra-	patraBaNgi	True
10407	BaNgura	A-	aBaNgura	True
10409	Baj	Eka-	ekaBaj	False
10409	Baj	Sūrya-	sUryaBaj	False
10414	Bawa	Cāra-	cAraBawa	True
10414	Bawa	Bhū-	BUBawa	True
10414	Bawa	Mahā-	mahABawa	True
10414	Bawa	Vār-	vArBawa	True
10414	Bawa	Su-	suBawa	True
10414	Bawa	Sva-	svaBawa	True
10415	Bawwa	Su-	suBawwa	True
10423	BaRqi	Tri-bhaṇḍī̆	tri-BaRqĬ	False
10427	Badra	A-	aBadra	True
10427	Badra	Catur-	caturBadra	True
10427	Badra	Tuṅga-	tuNgaBadra	True
10427	Badra	Bala-	balaBadra	True
10427	Badra	Maṇi-	maRiBadra	True
10427	Badra	Sarvatobh˚	sarvatoB˚	False
10427	Badra	Rāma-	rAmaBadra	True
10427	Badra	Su-	suBadra	True
10431	Baya	A-	aBaya	True
10431	Baya	Akutobhaya	akutoBaya	True
10431	Baya	A-jātu-	a-jAtuBaya	False
10431	Baya	Apa-	apaBaya	True
10431	Baya	Nirbh˚	nirB˚	False
10431	Baya	Bhaṅga-	BaNgaBaya	False
10431	Baya	Vīta-	vItaBaya	True
10431	Baya	Sa-	saBaya	True
10435	Bara	Ati-	atiBara	True
10435	Bara	Apa-hṛta-	apa-hftaBara	False
10435	Bara	Durbh˚	durB˚	False
10435	Bara	Nirbh˚	nirB˚	False
10435	Bara	Su-	suBara	True
10450	Bartf	Kanyā-	kanyABartf	True
10450	Bartf	Gaṇa-	gaRaBartf	True
10450	Bartf	Jagatī-, bhū-, mahī-	jagatI-, BU-, mahIBartf	False
10450	Bartf	Paśu-	paSuBartf	True
10450	Bartf	Ruci-	ruciBartf	True
10450	Bartf	Svarga-	svargaBartf	True
10459	Barman	Garbha-	garBaBarman	True
10466	Bava	A-	aBava	True
10466	Bava	Araṇya-	araRyaBava	True
10466	Bava	Ātmabhava	AtmaBava	True
10466	Bava	Ādi-	AdiBava	True
10466	Bava	Durvāgbh˚	durvAgB˚	False
10466	Bava	Punarbh˚	punarB˚	False
10466	Bava	Maghā-	maGABava	True
10468	Bavana	Garbha-	garBaBavana	True
10468	Bavana	Deva-	devaBavana	True
10468	Bavana	Devī-	devIBavana	True
10469	Bavant	Atra-	atraBavant	True
10469	Bavant	Tatra-	tatraBavant	True
10476	Bavizya	Yad-	yadBavizya	True
10491	BA	Tatpr˚	tatpr˚	False
10491	BA	Su-	suBA	True
10493	BAga	A-	aBAga	True
10493	BAga	Agra-	agraBAga	True
10493	BAga	Adhobh˚	aDoB˚	False
10493	BAga	Ardha-	arDaBAga	True
10493	BAga	Aśīti-	aSItiBAga	True
10493	BAga	Catur-	caturBAga	True
10493	BAga	Tri-	triBAga	True
10493	BAga	Dāya-	dAyaBAga	True
10493	BAga	Digbh˚	digB˚	False
10493	BAga	Nimna-	nimnaBAga	True
10493	BAga	Para-	paraBAga	True
10493	BAga	Pāda-	pAdaBAga	True
10493	BAga	Purobhāga	puroBAga	True
10493	BAga	Mahā-	mahABAga	True
10493	BAga	Yajña-	yajYaBAga	True
10493	BAga	Śeṣa-	SezaBAga	True
10493	BAga	Ṣaḍbhāga	zaqBAga	True
10496	BAgin	Duḥkha-	duHKaBAgin	True
10496	BAgin	Dharma-	DarmaBAgin	True
10496	BAgin	Purobhāgin	puroBAgin	True
10496	BAgin	Manda-	mandaBAgin	True
10499	BAgya	A-	aBAgya	True
10499	BAgya	Para-	paraBAgya	True
10499	BAgya	Manda-	mandaBAgya	True
10499	BAgya	Mahā-	mahABAgya	True
10505	BAjana	Dīpa-	dIpaBAjana	True
10509	BARqa	Kṣura-	kzuraBARqa	True
10509	BARqa	Bhinna-	BinnaBARqa	True
10509	BARqa	Mahā-	mahABARqa	True
10509	BARqa	Sāra-	sAraBARqa	True
10519	BAnu	Citra-	citraBAnu	True
10519	BAnu	Vṛhad-bhānu	vfhad-BAnu	False
10519	BAnu	Svar-	svarBAnu	True
10524	BAra	Ati-	atiBAra	True
10524	BAra	Kāṣṭha-	kAzWaBAra	True
10524	BAra	Garbha-	garBaBAra	True
10536	BAryA	Ku-	kuBAryA	True
10536	BAryA	Sa-bhārya	sa-BArya	False
10542	BAva	A-	aBAva	True
10542	BAva	A-badhya-	a-baDyaBAva	False
10542	BAva	Ādhāra-ā-dheya-	ADAra-A-DeyaBAva	False
10542	BAva	Ārya-	AryaBAva	True
10542	BAva	Eka-	ekaBAva	True
10542	BAva	Kanyā-	kanyABAva	True
10542	BAva	Kṛta-	kftaBAva	True
10542	BAva	Tanu-	tanuBAva	True
10542	BAva	Dāsa-	dAsaBAva	True
10542	BAva	Durnīta-	durnItaBAva	True
10542	BAva	Dūra-	dUraBAva	True
10542	BAva	Droha-	drohaBAva	True
10542	BAva	Dvandva-	dvandvaBAva	False
10542	BAva	Punar-	punarBAva	True
10542	BAva	Pṛthagbhāva	pfTagBAva	True
10542	BAva	Prāpta-	prAptaBAva	True
10542	BAva	Bāla-	bAlaBAva	True
10542	BAva	Sadbhāva	sadBAva	True
10542	BAva	Sarva-	sarvaBAva	True
10542	BAva	Sādhu-	sADuBAva	True
10542	BAva	Sva-	svaBAva	True
10542	BAva	Strī-sva-	strI-svaBAva	False
10542	BAva	Sthāyigh˚	sTAyiG˚	False
10546	BAvana	Nyagbhāvana	nyagBAvana	True
10546	BAvana	Viśeṣa-	viSezaBAvana	False
10548	BAvin	Avaśyabh˚	avaSyaB˚	False
10548	BAvin	Tathā-	taTABAvin	True
10548	BAvin	Punar-	punarBAvin	True
10550	BAz	Su-	suBAz	False
10552	BAzA	Deśa-bhāṣā	deSa-BAzA	False
10552	BAzA	Vi-bhāṣā	vi-BAzA	False
10553	BAzin	Dus-	dusBAzin	False
10553	BAzin	Pūrva-	pUrvaBAzin	True
10553	BAzin	Mṛdu-	mfduBAzin	True
10555	BAs	A-cira-	a-ciraBAs	False
10555	BAs	Śaśāṅka-	SaSANkaBAs	True
10556	BAsa	Padma-	padmaBAsa	True
10556	BAsa	Pūṣabhāsā	pUzaBAsA	True
10569	BikzA	Durbhikṣa	durBikza	True
10569	BikzA	Subhikṣa	suBikza	True
10571	Bikzu	Śveta-	SvetaBikzu	True
10572	Bikzuka	Dharma-	DarmaBikzuka	True
10572	Bikzuka	Śākya-	SAkyaBikzuka	True
10575	Bitti	Sudhā-	suDABitti	True
10577	Bid	A-	aBid	True
10578	Bid	Yamunā-	yamunABid	True
10592	BI	A-	aBI	True
10592	BI	Divā-	divABI	False
10592	BI	Mahā-	mahABI	False
10592	BI	Su-	suBI	False
10593	BI	A-	aBI	True
10594	BIti	Divā-	divABIti	True
10595	BIma	Mahā-	mahABIma	True
10597	BIru	A-	aBIru	True
10597	BIru	Adhyavasāya-	aDyavasAyaBIru	True
10603	BIzaRa	Ati-	atiBIzaRa	True
10605	BIzma	Mahā-	mahABIzma	True
10608	Buj	Ā-	ABuj	True
10609	Buj	Ku-	kuBuj	False
10611	Buja	Ūrmi-	UrmiBuja	False
10611	Buja	Catur-	caturBuja	True
10611	Buja	Mahā-	mahABuja	True
10624	Buvana	Tri-	triBuvana	True
10630	BU	Ātmabhūta	AtmaBUta	True
10630	BU	Ittham-	itTamBU	False
10630	BU	Evam-	evamBU	False
10630	BU	Tīrtha-	tIrTaBU	False
10630	BU	Divā-	divABU	False
10630	BU	Mahā-	mahABU	False
10630	BU	Vahirbhūta	vahirBUta	True
10630	BU	Sadbh˚	sadB˚	False
10631	BU	Pāna-	pAnaBU	True
10631	BU	Malla-	mallaBU	True
10631	BU	Paricita-	paricitaBU	True
10637	BUti	Raṅga-	raNgaBUti	True
10637	BUti	Viyadbh˚	viyadB˚	False
10643	BUBft	Kula-	kulaBUBft	True
10646	BUmi	A-	aBUmi	True
10646	BUmi	Ati-	atiBUmi	True
10646	BUmi	Antar-	antarBUmi	True
10646	BUmi	Karma(n)-	karma(n)BUmi	False
10646	BUmi	Janma(n)-	janma(n)BUmi	False
10646	BUmi	Pana-	panaBUmi	False
10646	BUmi	Malla-	mallaBUmi	True
10646	BUmi	Badhya-	baDyaBUmi	True
10646	BUmi	Raṅga-	raNgaBUmi	True
10646	BUmi	Vāsa-	vAsaBUmi	True
10646	BUmi	Viśvāsa-	viSvAsaBUmi	True
10646	BUmi	Saṃketa-	saMketaBUmi	True
10646	BUmi	Sthāna-	sTAnaBUmi	True
10646	BUmi	Snca-	sncaBUmi	False
10646	BUmi	Siddha-	sidDaBUmi	True
10647	BUmikA	Catur-bhūmika	catur-BUmika	False
10647	BUmikA	Sapta(n)-	sapta(n)BUmikA	False
10651	BUya	Brahma(n)-	brahma(n)BUya	False
10651	BUya	Rāja(n)-	rAja(n)BUya	False
10660	BUzaRa	Para-	paraBUzaRa	True
10664	Bf	A-	aBf	False
10664	Bf	Kṣīra-	kzIraBf	False
10664	Bf	Bhṛtya	Bftya	True
10664	Bf	A-	aBf	False
10664	Bf	Su-	suBf	False
10677	Bftaka	Madhyama-	maDyamaBftaka	True
10678	Bfti	Piṇḍa-	piRqaBfti	True
10678	Bfti	Sudhā-	suDABfti	True
10678	Bfti	Hala-	halaBfti	True
10679	Bftya	Ku-	kuBftya	True
10679	Bftya	Kumāra-bhṛtyā	kumAra-BftyA	False
10679	Bftya	Protkaṭa-	protkawaBftya	True
10679	Bftya	Mūla-	mUlaBftya	True
10683	BfSa	Su-	suBfSa	True
10685	Bfzwi	Sahasra-	sahasraBfzwi	True
10690	Beda	A-	aBeda	True
10690	Beda	Anyonya-	anyonyaBeda	True
10690	Beda	Gati-	gatiBeda	True
10690	Beda	Granthi-	granTiBeda	True
10690	Beda	Durbh˚	durB˚	False
10690	Beda	Svara-	svaraBeda	True
10691	Bedaka	Gaṇḍa-	gaRqaBedaka	False
10693	Bedana	Puṭa-	puwaBedana	True
10694	Bedin	Marma(n)-	marma(n)Bedin	False
10694	Bedin	Vṛkṣa-	vfkzaBedin	True
10710	Boga	Kāma-	kAmaBoga	True
10710	Boga	Nāga-	nAgaBoga	True
10710	Boga	Nirbh˚	nirB˚	False
10715	Bogin	Kṛṣṇa-	kfzRaBogin	True
10717	Bojana	A-	aBojana	True
10717	Bojana	Ati-	atiBojana	True
10717	Bojana	Eka-	ekaBojana	True
10717	Bojana	Kṛmi-	kfmiBojana	True
10717	Bojana	Mleccha-	mlecCaBojana	True
10717	Bojana	Saha-	sahaBojana	True
10719	Bojin	Gṛha-	gfhaBojin	True
10719	Bojin	Bhujaṃga-	BujaMgaBojin	True
10719	Bojin	Śaṣpa-	SazpaBojin	False
10726	BOma	Antar-	antarBOma	True
10726	BOma	Bahu-	bahuBOma	True
10726	BOma	Sapta(n)-	sapta(n)BOma	False
10729	BraMS	Bhaya-	BayaBraMS	False
10730	BraMSa	Jāti-	jAtiBraMSa	True
10731	BraMSin	A-	aBraMSin	True
10736	Brajj	Tila-	tilaBrajj	False
10739	Bram	A-	aBram	True
10739	Bram	A-	aBram	True
10739	Bram	Su-saṃbhrānta	su-saMBrAnta	False
10749	BrAtf	Durbh˚	durB˚	False
10749	BrAtf	Dharma-	DarmaBrAtf	True
10749	BrAtf	Sa-	saBrAtf	True
10765	BrU	A-sita-	a-sitaBrU	False
10765	BrU	Nata-	nataBrU	True
10765	BrU	Sam-hata-	sam-hataBrU	False
10765	BrU	Su-bhrū	su-BrU	False
10788	makzikA	Nirmakṣika	nirmakzika	True
10788	makzikA	Madhu-	maDumakzikA	True
10791	maKa	Sa-	samaKa	False
10804	maNgala	A-	amaNgala	True
10804	maNgala	Kautuka-	kOtukamaNgala	True
10804	maNgala	Pāna-	pAnamaNgala	True
10804	maNgala	Sarva-	sarvamaNgala	True
10804	maNgala	Su-	sumaNgala	True
10813	majjA	Nirmajja	nirmajja	True
10821	maYjari	Kāma-, Madana-	kAma-, madanamaYjari	False
10821	maYjari	Lobha-mañjarī	loBa-maYjarI	False
10831	maWa	Gopāla-, Cakra-, Śūra-	gopAla-, cakra-, SUramaWa	False
10836	maRi	Indu-	indumaRi	True
10836	maRi	Kāca-	kAcamaRi	True
10836	maRi	Cintā-	cintAmaRi	True
10836	maRi	Cūḍā-	cUqAmaRi	True
10836	maRi	Jatu-	jatumaRi	True
10836	maRi	Masi-	masimaRi	True
10836	maRi	Latā-	latAmaRi	True
10836	maRi	Vi-mala-	vi-malamaRi	False
10836	maRi	Śikhā-	SiKAmaRi	True
10836	maRi	Śuci-	SucimaRi	True
10836	maRi	Sarpa-	sarpamaRi	True
10836	maRi	Sita-	sitamaRi	True
10836	maRi	Sūrya-	sUryamaRi	True
10836	maRi	Sparśa-	sparSamaRi	True
10839	maRimaya	Sita-maṇi + maya	sita-maRi + maya	False
10843	maRq	A-	amaRq	False
10844	maRqa	Dadhi-	daDimaRqa	True
10847	maRqapa	Adhikaraṇa-	aDikaraRamaRqapa	True
10847	maRqapa	Keli-	kelimaRqapa	True
10847	maRqapa	Garbha-	garBamaRqapa	True
10847	maRqapa	Paṭa-	pawamaRqapa	True
10847	maRqapa	Latā-	latAmaRqapa	True
10850	maRqala	Ādarśa-	AdarSamaRqala	True
10850	maRqala	Aśrama-	aSramamaRqala	False
10850	maRqala	Kṣmā-tala-	kzmA-talamaRqala	False
10850	maRqala	Tri-maṇḍalā	tri-maRqalA	False
10850	maRqala	Diṅ-maṇḍala	diN-maRqala	False
10850	maRqala	Prakṛti-	prakftimaRqala	True
10850	maRqala	Raṅga-	raNgamaRqala	False
10850	maRqala	Sūrya-	sUryamaRqala	True
10850	maRqala	Stana-	stanamaRqala	True
10853	maRqUka	Kūpa-	kUpamaRqUka	True
10859	mati	A-	amati	True
10859	mati	Eka-	ekamati	True
10859	mati	Kṛta-	kftamati	True
10859	mati	Durm˚	durm˚	False
10859	mati	Nindita-	ninditamati	False
10859	mati	Nirahaṃmati	nirahaMmati	True
10859	mati	Pratyut-panna-	pratyut-pannamati	False
10859	mati	Bahu-	bahumati	True
10859	mati	Manda-	mandamati	True
10859	mati	Mahā-	mahAmati	True
10859	mati	Yathā-mati	yaTA-mati	False
10859	mati	Vi-	vimati	True
10859	mati	Vidyamāna-	vidyamAnamati	True
10859	mati	Vipula-	vipulamati	True
10859	mati	Vṛthā-	vfTAmati	True
10859	mati	Su-	sumati	True
10864	matsara	Nirm˚	nirm˚	False
10864	matsara	Vīta-	vItamatsara	True
10864	matsara	Sa-	samatsara	True
10866	matsya	Pāka-	pAkamatsya	True
10871	maTana	Pura-	puramaTana	True
10871	maTana	Maḍhu-	maQumaTana	False
10874	mad	Mṛta-	mftamad	False
10876	mada	Durm˚	durm˚	False
10876	mada	Dhana-	Danamada	True
10876	mada	Nirm˚	nirm˚	False
10876	mada	Mahā-	mahAmada	True
10876	mada	Mṛga-	mfgamada	True
10876	mada	Rati-madā	rati-madA	False
10876	mada	Viśva-madā	viSva-madA	False
10876	mada	Sa-	samada	True
10876	mada	Sadā-	sadAmada	True
10876	mada	Su-	sumada	True
10878	madana	Un-madana	un-madana	False
10887	madgu	Kāka-	kAkamadgu	True
10893	maDu	Tri-	trimaDu	True
10903	maDura	Vāṅmadhura	vANmaDura	True
10910	maDya	Tanu-	tanumaDya	True
10910	maDya	Bhuja-	BujamaDya	True
10911	maDyaga	Bahu-	bahumaDyaga	True
10913	maDyandina	Ati-	atimaDyandina	True
10914	maDyama	Yava-	yavamaDyama	True
10914	maDyama	Su-	sumaDyama	True
10920	man	Bahu-	bahuman	False
10920	man	Sādhu-	sADuman	False
10920	man	Su	su	True
10922	manas	Anya-	anyamanas	True
10922	manas	Ud-	udmanas	False
10922	manas	Eka-	ekamanas	True
10922	manas	Durm˚	durm˚	False
10922	manas	Dvexhimanas	dvexhimanas	False
10922	manas	Pra-	pramanas	True
10922	manas	Prīti-	prItimanas	True
10922	manas	Mahā-	mahAmanas	True
10922	manas	Vaktumanas	vaktumanas	True
10922	manas	Vi-	vimanas	True
10922	manas	Śaṅkita-	SaNkitamanas	True
10922	manas	Sa-	samanas	True
10922	manas	Su-	sumanas	True
10922	manas	Su-sthita-	su-sTitamanas	False
10922	manas	Sthira-	sTiramanas	True
10928	manAk	A-	amanAk	True
10931	manIzA	Ku-maniṣa	ku-maniza	False
10933	manIzin	Ka-	kamanIzin	False
10935	manuja	Nis-	nismanuja	False
10936	manuzya	A-	amanuzya	True
10936	manuzya	Ati-	atimanuzya	True
10936	manuzya	Durm˚	durm˚	False
10936	manuzya	Nirm˚	nirm˚	False
10944	manohara	Su-	sumanohara	True
10946	mantu	Tri-	trimantu	True
10949	mantr	Durm˚	durm˚	False
10949	mantr	Su-	sumantr	False
10950	mantra	A-	amantra	True
10950	mantra	Ākṛṣṭi-	Akfzwimantra	True
10950	mantra	Durm˚	durm˚	False
10950	mantra	Nirm˚	nirm˚	False
10950	mantra	Viṣa-	vizamantra	True
10951	mantrajYa	Su-	sumantrajYa	True
10955	mantravid	A-	amantravid	True
10957	mantritA	Sa-mantritva	sa-mantritva	False
10958	mantrin	Durm˚	durm˚	False
10958	mantrin	Pradhāna-	praDAnamantrin	True
10958	mantrin	Mahā-	mahAmantrin	True
10961	manTa	Maṇi-	maRimanTa	True
10963	manTana	Amṛta-	amftamanTana	True
10967	manTin	Ūrdhva-	UrDvamanTin	True
10969	manda	Picu-	picumanda	True
10979	mandAra	Kṛta-	kftamandAra	True
10982	mandira	Avaskara-	avaskaramandira	True
10982	mandira	Keli-	kelimandira	True
10982	mandira	Jala-yantra-	jala-yantramandira	False
10984	mandra	Ā-	Amandra	True
10990	manyu	Abhi-	aBimanyu	True
10990	manyu	Aki-	akimanyu	False
10990	manyu	Vita-	vitamanyu	False
10990	manyu	Sa-	samanyu	True
11000	mayUKa	Unm˚	unm˚	False
11000	mayUKa	Śīta-	SItamayUKa	True
11005	maraRa	Ā-maraṇa + m	A-maraRa + m	False
11005	maraRa	Saha-	sahamaraRa	True
11027	martya	A-	amartya	True
11029	mardana	Ari-	arimardana	True
11029	mardana	Sarva-kṣatriya-	sarva-kzatriyamardana	False
11034	marman	Antar-	antarmarman	True
11034	marman	Śirom˚	Sirom˚	False
11041	maryAdA	A-maryāda	a-maryAda	False
11041	maryAdA	Agni-sākṣika-	agni-sAkzikamaryAdA	False
11041	maryAdA	An-apa-īkṣita-	an-apa-IkzitamaryAdA	False
11041	maryAdA	Durm˚	durm˚	False
11041	maryAdA	Nirm˚	nirm˚	False
11041	maryAdA	Bhinna-	BinnamaryAdA	False
11041	maryAdA	Sa-	samaryAdA	True
11044	marza	A-	amarza	True
11044	marza	Nis-a-	nis-amarza	False
11044	marza	Sāmarṣa	sAmarza	True
11045	marzaRa	A-	amarzaRa	True
11045	marzaRa	Agha-	aGamarzaRa	True
11045	marzaRa	Durm˚	durm˚	False
11047	mala	A-	amala	True
11047	mala	Kāṃsya-	kAMsyamala	True
11047	mala	Nirm˚	nirm˚	False
11047	mala	Bahu-	bahumala	True
11047	mala	Vi-	vimala	True
11047	mala	Śānta-	SAntamala	True
11047	mala	Sa-	samala	True
11053	malina	A-	amalina	True
11058	malla	Hastimalla	hastimalla	True
11058	malla	Gaṇeśa	gaReSa	True
11061	malli	Madhu-mallī	maDu-mallI	False
11061	malli	Raṅga-mallī	raNga-mallI	False
11065	maSaka	Daṃśa-	daMSamaSaka	True
11083	mastaka	Madhu-	maDumastaka	True
11088	maha	Dhanurmaha	Danurmaha	True
11090	mahant	Vi-	vimahant	True
11090	mahant	Su-	sumahant	True
11094	mahas	Pīyūṣa-	pIyUzamahas	True
11094	mahas	Mitra-	mitramahas	True
11094	mahas	Vi-	vimahas	True
11106	mahiman	A-kṛta-tyāga-	a-kfta-tyAgamahiman	False
11106	mahiman	A-mogha-	a-moGamahiman	False
11108	mahiza	Agra-	agramahiza	False
11111	mahIDara	Sa-mahī-dhara	sa-mahI-Dara	False
11119	mA	A-	amA	True
11122	mAMsa	Adhi-	aDimAMsa	True
11122	mAMsa	Danta-	dantamAMsa	True
11122	mAMsa	Nirm˚	nirm˚	False
11122	mAMsa	Pūti-	pUtimAMsa	True
11122	mAMsa	Pṛṣṭha-	pfzWamAMsa	True
11122	mAMsa	Mahā-	mahAmAMsa	True
11122	mAMsa	Vṛthā-	vfTAmAMsa	True
11161	mAtf	Go-	gomAtf	True
11161	mAtf	Jaganmātṛ	jaganmAtf	True
11161	mAtf	Nāga-	nAgamAtf	True
11161	mAtf	Raṅga-	raNgamAtf	True
11161	mAtf	Vi-	vimAtf	True
11161	mAtf	Veda-	vedamAtf	True
11161	mAtf	Śāṇḍilī-	SARqilImAtf	True
11162	mAtfka	Deva-mātṛ + ka	deva-mAtf + ka	False
11162	mAtfka	Raṅga-	raNgamAtfka	False
11166	mAtra	Akṣa-	akzamAtra	True
11166	mAtra	Aṅgula-	aNgulamAtra	True
11166	mAtra	Ati-	atimAtra	True
11166	mAtra	Artha-	arTamAtra	True
11166	mAtra	Ātma(n)-	Atma(n)mAtra	False
11166	mAtra	Etāvanmātra	etAvanmAtra	True
11166	mAtra	Kiyanmātra	kiyanmAtra	True
11166	mAtra	Krośa-	kroSamAtra	False
11166	mAtra	Kṣaṇa-mātra + m	kzaRa-mAtra + m	False
11166	mAtra	Jāta-	jAtamAtra	True
11166	mAtra	Jāti-	jAtimAtra	True
11166	mAtra	Jīva-	jIvamAtra	False
11166	mAtra	Tanmātra	tanmAtra	True
11166	mAtra	Tāla-mātra + m	tAla-mAtra + m	False
11166	mAtra	Tāvanmātra	tAvanmAtra	True
11166	mAtra	Darśana-	darSanamAtra	False
11166	mAtra	Dhyāta	DyAta	True
11166	mAtra	Naga-	nagamAtra	False
11166	mAtra	Nāma(n)-	nAma(n)mAtra	False
11166	mAtra	Padāti-	padAtimAtra	True
11166	mAtra	Pāpa-kṣaya-	pApa-kzayamAtra	False
11166	mAtra	Prāṇa-dhāraṇa-	prARa-DAraRamAtra	False
11166	mAtra	Bali-	balimAtra	True
11166	mAtra	Mahā-	mahAmAtra	True
11166	mAtra	Mūrta-	mUrtamAtra	True
11166	mAtra	Mūrti-	mUrtimAtra	False
11166	mAtra	Yuga-	yugamAtra	True
11166	mAtra	Varṣa-	varzamAtra	True
11166	mAtra	Vāṅmātra	vANmAtra	True
11166	mAtra	Rūpa-	rUpamAtra	True
11166	mAtra	Vārttā-	vArttAmAtra	True
11166	mAtra	Vitta-	vittamAtra	False
11166	mAtra	Śabda-	SabdamAtra	True
11166	mAtra	Śarīra-	SarIramAtra	True
11166	mAtra	Samādhāna-	samADAnamAtra	True
11166	mAtra	Saṃkṣepa-	saMkzepamAtra	True
11166	mAtra	Smṛta-	smftamAtra	True
11166	mAtra	Hastimātra	hastimAtra	True
11169	mAtsarya	Pus-	pusmAtsarya	False
11179	mADava	Latā-mādhavī	latA-mADavI	False
11184	mADurya	Bhrūkṣepālāpa-	BrUkzepAlApamADurya	True
11193	mAna	Ati-	atimAna	True
11193	mAna	A-bhagna-māna + m	a-Bagna-mAna + m	False
11193	mAna	Nirm˚	nirm˚	False
11193	mAna	Praṇaya-	praRayamAna	True
11193	mAna	Bahu-	bahumAna	True
11193	mAna	Māsa-	mAsamAna	True
11193	mAna	Sa-bahu-māna + m	sa-bahu-mAna + m	False
11197	mAnava	Kapaṭa-	kapawamAnava	False
11197	mAnava	Daṇḍa-	daRqamAnava	True
11200	mAnasa	Anya-	anyamAnasa	True
11200	mAnasa	An-anya-	an-anyamAnasa	False
11200	mAnasa	Pūrṇa-	pUrRamAnasa	True
11200	mAnasa	Hṛṣṭa-	hfzwamAnasa	True
11202	mAnin	A-	amAnin	True
11202	mAnin	Ati-	atimAnin	True
11202	mAnin	A-stena-	a-stenamAnin	False
11202	mAnin	Dhṛṣṭa-	DfzwamAnin	True
11202	mAnin	Paṇḍita-	paRqitamAnin	True
11202	mAnin	Puruṣa-	puruzamAnin	True
11202	mAnin	Prājña-	prAjYamAnin	True
11202	mAnin	Śūra-	SUramAnin	True
11202	mAnin	Su-bhaga-	su-BagamAnin	False
11203	mAnuza	A-	amAnuza	True
11203	mAnuza	Ati-	atimAnuza	True
11203	mAnuza	Divya-	divyamAnuza	True
11208	mAndya	A-	amAndya	False
11216	mAya	A-	amAya	True
11216	mAya	Deva-	devamAya	True
11216	mAya	Bahu-	bahumAya	True
11216	mAya	Su-	sumAya	True
11223	mAyin	A-	amAyin	True
11223	mAyin	Durm˚	durm˚	False
11226	mAra	A-	amAra	True
11226	mAra	Dhundhu-	DunDumAra	True
11226	mAra	Paśu-	paSumAra	True
11226	mAra	Mahā-mārī	mahA-mArI	False
11226	mAra	Śiśu-	SiSumAra	True
11227	mAraka	Paśu-māra + ka	paSu-mAra + ka	False
11233	mArIca	Saha-	sahamArIca	True
11234	mAruta	Ati-	atimAruta	True
11234	mAruta	Paścānmāruta	paScAnmAruta	True
11234	mAruta	Puromāruta	puromAruta	True
11238	mArga	Ambara-cara-	ambara-caramArga	False
11238	mArga	Ardha-	arDamArga	True
11238	mArga	Āhāra-niḥsaraṇa-	AhAra-niHsaraRamArga	False
11238	mArga	Unm˚	unm˚	False
11238	mArga	Karma(n)-	karma(n)mArga	False
11238	mArga	Kula-	kulamArga	True
11238	mArga	Kṛta-	kftamArga	True
11238	mArga	Tri-	trimArga	True
11238	mArga	Deva-	devamArga	True
11238	mArga	Nakṣatra-	nakzatramArga	True
11238	mArga	Rāja(n)-	rAja(n)mArga	False
11247	mArjAra	Araṇya-	araRyamArjAra	True
11254	mArdava	Su-	sumArdava	True
11257	mAla	Akṣa-	akzamAla	True
11257	mAla	Ketu-	ketumAla	True
11257	mAla	Nakṣatra-	nakzatramAla	False
11257	mAla	Nara-	naramAla	False
11257	mAla	Vana-	vanamAla	True
11257	mAla	Vandana-	vandanamAla	False
11257	mAla	Varṇa-	varRamAla	False
11257	mAla	Haṃsa-	haMsamAla	False
11257	mAla	Hema-	hemamAla	False
11262	mAlika	Vandana-	vandanamAlika	False
11264	mAlin	Aṃśu-	aMSumAlin	True
11264	mAlin	Akṣa-	akzamAlin	True
11264	mAlin	Ūrmi-	UrmimAlin	True
11264	mAlin	Kapāla-	kapAlamAlin	True
11264	mAlin	Gaṇḍa-	gaRqamAlin	True
11264	mAlin	Jālaka-	jAlakamAlin	True
11264	mAlin	Nagara-	nagaramAlin	True
11264	mAlin	Padma-	padmamAlin	True
11264	mAlin	Pura-	puramAlin	False
11264	mAlin	Marīci-	marIcimAlin	True
11264	mAlin	Vana-	vanamAlin	True
11264	mAlin	Vīci-	vIcimAlin	True
11264	mAlin	Hema-	hemamAlin	True
11267	mAlya	Gandha-	ganDamAlya	True
11270	mAza	Mahā-	mahAmAza	True
11274	mAs	Puṣpa-	puzpamAs	True
11275	mAsa	Ardha-	arDamAsa	True
11275	mAsa	Garbha-	garBamAsa	True
11275	mAsa	Puṣpa-	puzpamAsa	True
11275	mAsa	Pūrṇa-	pUrRamAsa	True
11281	mAsika	Aṣṭamāsika	azwamAsika	True
11281	mAsika	Ṣaṇmāsika	zaRmAsika	True
11301	mittra	A-	amittra	False
11301	mittra	Ku-	kumittra	False
11301	mittra	Nis-a-	nis-amittra	False
11301	mittra	Dhana-	Danamittra	False
11301	mittra	Sa-	samittra	False
11301	mittra	Su-	sumittra	False
11308	miTuna	Go-	gomiTuna	True
11317	miSra	Ārya-	AryamiSra	True
11324	mih	Puru-	purumih	False
11341	mukuwa	Pratāpa-	pratApamukuwa	True
11347	muktA	Śaṅkha-	SaNKamuktA	True
11351	muKa	Aṅguli-	aNgulimuKa	True
11351	muKa	Aja-mukhī	aja-muKI	False
11351	muKa	Adhom˚	aDom˚	False
11351	muKa	Abhi-	aBimuKa	True
11351	muKa	Ayom˚	ayom˚	False
11351	muKa	Avāṅm˚	avANm˚	False
11351	muKa	Aśru-	aSrumuKa	True
11351	muKa	Aśva-	aSvamuKa	True
11351	muKa	Udaṅmukha	udaNmuKa	True
11351	muKa	Unm˚	unm˚	False
11351	muKa	Ūlkā-	UlkAmuKa	False
11351	muKa	Ūrdhva-	UrDvamuKa	True
11351	muKa	Ṛtu-	ftumuKa	True
11351	muKa	Eka-	ekamuKa	True
11351	muKa	Kaṅka-	kaNkamuKa	True
11351	muKa	Kathā-	kaTAmuKa	True
11351	muKa	Kālā	kAlA	True
11351	muKa	Kālikā-	kAlikAmuKa	True
11351	muKa	Kravya-	kravyamuKa	True
11351	muKa	Go-	gomuKa	True
11351	muKa	Catur-	caturmuKa	True
11351	muKa	Jaya-sthala-	jaya-sTalamuKa	False
11351	muKa	Jyotirmukha	jyotirmuKa	True
11351	muKa	Jvālā-	jvAlAmuKa	True
11351	muKa	Dakṣiṇā-	dakziRAmuKa	True
11351	muKa	Dakṣiṇā-abhi-	dakziRA-aBimuKa	False
11351	muKa	Dadhi-	daDimuKa	True
11351	muKa	Darī-	darImuKa	True
11351	muKa	Daśa(n)-	daSa(n)muKa	False
11351	muKa	Diṅm˚	diNm˚	False
11351	muKa	Durm˚	durm˚	False
11351	muKa	Dūta-	dUtamuKa	True
11351	muKa	Nandi-	nandimuKa	True
11351	muKa	Nāndī-	nAndImuKa	True
11351	muKa	Niśā-	niSAmuKa	True
11351	muKa	Payas-	payasmuKa	False
11351	muKa	Parāṅ-mukha	parAN-muKa	False
11351	muKa	Pari-vṛtta-ardha-	pari-vftta-arDamuKa	False
11351	muKa	Pūrva-paścānmukha	pUrva-paScAnmuKa	False
11351	muKa	Prāṅmukha	prANmuKa	True
11351	muKa	Phaṇi(n)-	PaRi(n)muKa	False
11351	muKa	Baḍavā-	baqavAmuKa	True
11351	muKa	Bali-	balimuKa	True
11351	muKa	Bhṛkuṭi-	BfkuwimuKa	False
11351	muKa	Sa-bhṛkuṭi-	sa-BfkuwimuKa	False
11351	muKa	Mahā-	mahAmuKa	True
11351	muKa	Mātṛ-	mAtfmuKa	True
11351	muKa	Mleccha-	mlecCamuKa	True
11351	muKa	Vi-	vimuKa	True
11351	muKa	Śāstra-vi-	SAstra-vimuKa	False
11351	muKa	Vināśonmukha	vinASonmuKa	True
11351	muKa	Śaṅkha-	SaNKamuKa	True
11351	muKa	Śata-	SatamuKa	True
11351	muKa	Śilī-	SilImuKa	True
11351	muKa	Ṣaṇm˚	zaRm˚	False
11351	muKa	Sa-kala-indu-	sa-kala-indumuKa	False
11351	muKa	Sam-	sammuKa	True
11351	muKa	Sarvatomukha	sarvatomuKa	True
11351	muKa	Su-	sumuKa	True
11351	muKa	Sūcī-	sUcImuKa	True
11351	muKa	Senā-	senAmuKa	True
11351	muKa	Stana-	stanamuKa	True
11351	muKa	Svasti-	svastimuKa	True
11355	muKara	Unmukhara-	unmuKaramuKara	False
11358	muKya	Dvi-ja-	dvi-jamuKya	False
11358	muKya	Vāra-mukhyā	vAra-muKyA	False
11363	muc	A-	amuc	True
11363	muc	Jīvanm˚	jIvanm˚	False
11381	muRqa	Daṇḍimuṇḍa	daRqimuRqa	True
11386	mud	Krīḍā-	krIqAmud	True
11390	mudgara	Kūṭa-	kUwamudgara	True
11391	mudrA	Aṅguli-	aNgulimudrA	True
11391	mudrA	Nāma(n)-	nAma(n)mudrA	False
11391	mudrA	Pāda-	pAdamudrA	True
11391	mudrA	Vi-mudra	vi-mudra	False
11391	mudrA	Sa-mudra	sa-mudra	False
11392	mudrikA	Aṅguli-	aNgulimudrikA	True
11395	muni	Mahā-	mahAmuni	True
11406	murC	Krodha-	kroDamurC	False
11410	muSala	Kaṅkāla-muṣala	kaNkAla-muzala	False
11410	muSala	Cakra-muṣala	cakra-muzala	False
11410	muSala	Danta-muṣala	danta-muzala	False
11427	musta	Sa-bhadra-musta	sa-Badra-musta	False
11428	mustaka	Bhadra-	Badramustaka	True
11431	muh	A-mūḍha	a-mUQa	False
11431	muh	Diṅmūḍha	diNmUQa	True
11431	muh	Mahā-mūḍha	mahA-mUQa	False
11431	muh	Ati-mugdha	ati-mugDa	False
11434	muhUrta	Durmuhūrta	durmuhUrta	True
11449	mUrta	A-	amUrta	True
11451	mUrti	Aṣṭa(n)-	azwa(n)mUrti	False
11451	mUrti	Tapas-	tapasmUrti	False
11451	mUrti	Tejas-	tejasmUrti	False
11451	mUrti	Tri-	trimUrti	True
11453	mUrtimant	Viśva-	viSvamUrtimant	True
11455	mUrDan	Raṇa-	raRamUrDan	True
11455	mUrDan	Tri-	trimUrDan	True
11461	mUla	Unmūla	unmUla	True
11461	mUla	Jyeṣṭhā-	jyezWAmUla	True
11461	mUla	Tapas-	tapasmUla	False
11461	mUla	Danta-	dantamUla	True
11461	mUla	Dhana-	DanamUla	True
11461	mUla	Dharma-	DarmamUla	True
11461	mUla	Nirmūla	nirmUla	True
11461	mUla	Pāda-	pAdamUla	True
11461	mUla	Baddha	badDa	True
11461	mUla	Vismaya-karṣa-	vismaya-karzamUla	False
11461	mUla	Sa-mūla + m	sa-mUla + m	False
11462	mUlaka	Mastaka-	mastakamUlaka	True
11466	mUlya	Bahu-	bahumUlya	True
11466	mUlya	Bahu-svarṇa-lakṣa-	bahu-svarRa-lakzamUlya	False
11474	mfga	Ikā-	ikAmfga	False
11474	mfga	Kṛṣṇa-	kfzRamfga	True
11474	mfga	Krīḍā-	krIqAmfga	True
11474	mfga	Gaura-	gOramfga	True
11474	mfga	Citra-	citramfga	True
11474	mfga	Tārā-	tArAmfga	True
11474	mfga	Mahā-	mahAmfga	True
11474	mfga	Mahī-	mahImfga	True
11474	mfga	Māyā-	mAyAmfga	True
11474	mfga	Śākhā-	SAKAmfga	True
11474	mfga	Śālā-	SAlAmfga	True
11474	mfga	Hemamṛga	hemamfga	True
11487	mfj	Su-mṛṣṭa	su-mfzwa	False
11503	mfttikA	Pāṇḍu-mṛttika	pARqu-mfttika	False
11503	mfttikA	Pūti-mṛttika	pUti-mfttika	False
11505	mftyu	Apa-	apamftyu	True
11505	mftyu	Pratyāsanna-	pratyAsannamftyu	True
11505	mftyu	Mahā-	mahAmftyu	True
11505	mftyu	Viṣa-	vizamftyu	True
11521	mfdvIkA	Pṛthu-	pfTumfdvIkA	True
11529	mfzA	A-	amfzA	True
11535	meKalA	Maṇi-mekhala	maRi-meKala	False
11537	meGa	Gṛha-	gfhameGa	True
11553	meDa	Aśva-, Turaga-, Turaṅgama-	aSva-, turaga-, turaNgamameDa	False
11553	meDa	Gṛha-	gfhameDa	True
11553	meDa	Dus-	dusmeDa	False
11553	meDa	Nara-	narameDa	True
11553	meDa	Pitṛ-	pitfmeDa	True
11555	meDAvin	Dus-	dusmeDAvin	False
11558	meDya	A-	ameDya	True
11564	meru	Su-	sumeru	True
11573	mEtra	Durmaitra	durmEtra	True
11583	mETunin	Divā-	divAmETunin	True
11594	mokzaRa	Prāṇa-	prARamokzaRa	True
11595	moGa	A-	amoGa	True
11607	mohana	Kūṭa-	kUwamohana	True
11610	mOktika	Gaja-	gajamOktika	True
11613	mOKya	Grāma-	grAmamOKya	True
11619	mOna	Cintā-	cintAmOna	False
11627	mOli	Ardha-indu-	arDa-indumOli	False
11627	mOli	Cakra-	cakramOli	True
11627	mOli	Niśākara-kalā-	niSAkara-kalAmOli	False
11654	mlE	A-	amlE	False
11660	yakzma	Rājayakṣman	rAjayakzman	True
11663	yaj	A-	ayaj	False
11667	yajana	Deva-	devayajana	True
11670	yajYa	A-	ayajYa	True
11670	yajYa	Ṛṣi-	fziyajYa	True
11670	yajYa	Graha-	grahayajYa	True
11670	yajYa	Japa-	japayajYa	True
11670	yajYa	Nāma(n)-	nAma(n)yajYa	False
11670	yajYa	Pañca(n)-	paYca(n)yajYa	False
11670	yajYa	Pāka-	pAkayajYa	True
11670	yajYa	Prastāva-	prastAvayajYa	True
11670	yajYa	Mahā-	mahAyajYa	True
11670	yajYa	Vidhi-	viDiyajYa	True
11676	yajvan	A-	ayajvan	True
11678	yat	An-	anyat	True
11678	yat	Para-	parayat	False
11685	yatna	A-	ayatna	True
11685	yatna	Sa-	sayatna	True
11686	yatnatas	A-	ayatnatas	True
11689	yaTA	Tad-	tadyaTA	True
11705	yantf	Deha-	dehayantf	False
11706	yantr	A-	ayantr	False
11706	yantr	Su-	suyantr	False
11707	yantra	Kodaṇḍa-	kodaRqayantra	False
11707	yantra	Kūṭa-	kUwayantra	True
11707	yantra	Gṛha-	gfhayantra	True
11707	yantra	Ghaṭikā-	GawikAyantra	True
11707	yantra	Jala-	jalayantra	True
11707	yantra	Tāla-	tAlayantra	True
11707	yantra	Taila-	tElayantra	True
11707	yantra	Toya-	toyayantra	True
11707	yantra	Dhārā-	DArAyantra	True
11707	yantra	Dhraja-	Drajayantra	False
11707	yantra	Nāḍī-	nAqIyantra	True
11707	yantra	Mahā-	mahAyantra	True
11707	yantra	Su-	suyantra	False
11707	yantra	Sūtra-	sUtrayantra	True
11707	yantra	Strī-	strIyantra	True
11707	yantra	Sva-māyā-	sva-mAyAyantra	False
11708	yantraka	Jala-	jalayantraka	True
11709	yantraRa	Niryantraṇa	niryantraRa	True
11709	yantraRa	Mukha-	muKayantraRa	True
11711	yam	Vāgyata	vAgyata	True
11712	yama	Kāla-anta + ka-	kAla-anta + kayama	False
11726	yava	Kāka-	kAkayava	True
11726	yava	Tri-	triyava	True
11730	yavana	Kāla-	kAlayavana	True
11739	yaSas	A-	ayaSas	True
11739	yaSas	Ati-	atiyaSas	True
11739	yaSas	Apa-	apayaSas	True
11739	yaSas	Pṛthu-	pfTuyaSas	True
11739	yaSas	Mahā-	mahAyaSas	True
11739	yaSas	Su-	suyaSas	True
11741	yaSasya	A-	ayaSasya	True
11743	yazwi	Ketu-	ketuyazwi	True
11743	yazwi	Gātra-	gAtrayazwi	True
11743	yazwi	Tulā-	tulAyazwi	True
11743	yazwi	Dhvaja-	Dvajayazwi	True
11743	yazwi	Bhāra-	BArayazwi	True
11743	yazwi	Vāsa-	vAsayazwi	True
11743	yazwi	Hāra-	hArayazwi	True
11748	yA	Krama-	kramayA	False
11750	yAc	A-	ayAc	False
11750	yAc	Ati-	atiyAc	False
11758	yAjaka	Grāma-	grAmayAjaka	True
11758	yAjaka	Nakṣatra-grāma-	nakzatra-grAmayAjaka	False
11761	yAjin	Ātma(n)-	Atma(n)yAjin	False
11761	yAjin	Grāma-	grAmayAjin	True
11761	yAjin	Soma-	somayAjin	True
11761	yAjin	Havis-	havisyAjin	False
11769	yAtrA	Tīrtha-	tIrTayAtrA	True
11769	yAtrA	Deva-	devayAtrA	True
11769	yAtrA	Deha-	dehayAtrA	True
11769	yAtrA	Prāṇa-	prARayAtrA	True
11769	yAtrA	Loka-	lokayAtrA	True
11770	yAtrika	Siddha-	sidDayAtrika	True
11773	yAdava	Niry˚	niry˚	False
11776	yAna	Ākāśa-	AkASayAna	True
11776	yAna	Uṣṭra-	uzwrayAna	True
11776	yAna	Khara-	KarayAna	True
11776	yAna	Go-	goyAna	True
11776	yAna	Jala-	jalayAna	True
11776	yAna	Deva-	devayAna	True
11776	yAna	Nara-	narayAna	True
11776	yAna	Nārī-	nArIyAna	True
11776	yAna	Nau-	nOyAna	True
11776	yAna	Pitṛ-	pitfyAna	True
11776	yAna	Pṛṣṭha-	pfzWayAna	True
11776	yAna	Śata-sahasra-	Sata-sahasrayAna	False
11776	yAna	Siṃha-	siMhayAna	False
11777	yApana	Kāla-	kAlayApana	True
11778	yAma	A-vinoda-dīrgha-	a-vinoda-dIrGayAma	False
11778	yAma	Tri-	triyAma	True
11778	yAma	Yāta-	yAtayAma	True
11792	yAvaka	Sa-	sayAvaka	True
11802	yu	A-	ayu	False
11802	yu	Go-	goyu	False
11802	yu	Su-	suyu	False
11805	yukti	Sva-	svayukti	True
11807	yuga	Ambara-	ambarayuga	True
11807	yuga	Kṛta-	kftayuga	True
11807	yuga	Go-	goyuga	True
11807	yuga	Catur-	caturyuga	True
11807	yuga	Tri-	triyuga	True
11807	yuga	Deva-	devayuga	True
11807	yuga	Pañca(n)-	paYca(n)yuga	False
11807	yuga	Mahā-	mahAyuga	True
11810	yugala	Kaṇṭha-niveśita-hasta-	kaRWa-niveSita-hastayugala	False
11810	yugala	Vastra-	vastrayugala	True
11812	yugma	A-	ayugma	True
11812	yugma	Vastra-	vastrayugma	True
11817	yuj	A-	ayuj	True
11817	yuj	Kṣema-yukta + m	kzema-yukta + m	False
11817	yuj	Tapas-	tapasyuj	False
11817	yuj	Vidhāna-	viDAnayuj	False
11823	yuD	A-	ayuD	False
11823	yuD	Kūṭa-	kUwayuD	False
11823	yuD	Dvandva-	dvandvayuD	False
11837	yuvan	Vāra-yuvati	vAra-yuvati	False
11837	yuvan	Sura-yuvati	sura-yuvati	False
11843	yUTa	Nīryātha	nIryATa	False
11853	yoga	A-	ayoga	True
11853	yoga	Ati-	atiyoga	True
11853	yoga	Artha-	arTayoga	False
11853	yoga	Kathā-	kaTAyoga	True
11853	yoga	Karma(n)-	karma(n)yoga	False
11853	yoga	Kāla-	kAlayoga	True
11853	yoga	Krama-	kramayoga	True
11853	yoga	Cūrṇa-	cUrRayoga	True
11853	yoga	Daṇḍa-	daRqayoga	True
11853	yoga	Duryoga	duryoga	True
11853	yoga	Daiva-	dEvayoga	True
11853	yoga	Dhyāna-	DyAnayoga	True
11853	yoga	Nakṣatra-	nakzatrayoga	True
11853	yoga	Nidrā-	nidrAyoga	True
11853	yoga	Pūrṇa-	pUrRayoga	True
11853	yoga	Bhakti-	Baktiyoga	True
11853	yoga	Yathā-yoga + m	yaTA-yoga + m	False
11853	yoga	Vāsa-	vAsayoga	True
11853	yoga	Vidhi-	viDiyoga	True
11853	yoga	Sāra-	sArayoga	True
11853	yoga	Stri-dharma-	stri-Darmayoga	False
11853	yoga	Sthāna-	sTAnayoga	True
11859	yogin	Kāla-	kAlayogin	True
11859	yogin	Ku-	kuyogin	True
11859	yogin	Nakṣatra-	nakzatrayogin	True
11860	yogya	Kṛta-	kftayogya	True
11862	yojana	Ā-yojana + m	A-yojana + m	False
11862	yojana	Vāṇa-	vARayojana	False
11862	yojana	Saptayojanī	saptayojanI	True
11866	yoDa	Vasanta-	vasantayoDa	True
11866	yoDa	Hata-sarva-	hata-sarvayoDa	False
11867	yoDin	Agra-	agrayoDin	True
11867	yoDin	Kūṭa-	kUwayoDin	True
11867	yoDin	Gaja-	gajayoDin	True
11867	yoDin	Dvandva-	dvandvayoDin	False
11868	yoni	A-	ayoni	True
11868	yoni	Antya-	antyayoni	True
11868	yoni	Ambhoja-	amBojayoni	True
11868	yoni	Eka-	ekayoni	True
11868	yoni	Kumbha-	kumBayoni	True
11868	yoni	Citta-	cittayoni	True
11868	yoni	Jagat-	jagatyoni	False
11868	yoni	Jīva-	jIvayoni	True
11868	yoni	Tiryagyoni	tiryagyoni	True
11868	yoni	Dury˚	dury˚	False
11868	yoni	Deva-	devayoni	True
11868	yoni	Padma-	padmayoni	True
11868	yoni	Pāpa-	pApayoni	True
11868	yoni	Purā-	purAyoni	True
11868	yoni	Vi-yonī	vi-yonI	False
11868	yoni	Vi-hīna-	vi-hInayoni	False
11868	yoni	Śaila-sutā-caraṇa-rāga-	SEla-sutA-caraRa-rAgayoni	False
11868	yoni	Saṃkalpa-	saMkalpayoni	True
11868	yoni	Sva-	svayoni	True
11871	yozA	Garbha-	garBayozA	True
11871	yozA	Deva-	devayozA	True
11872	yozit	Kula-	kulayozit	True
11872	yozit	Paṇya-	paRyayozit	True
11877	yOgapadya	A-	ayOgapadya	True
11883	yOvana	Sthira-	sTirayOvana	True
11889	raMhas	Ati-	atiraMhas	True
11889	raMhas	Vāta-	vAtaraMhas	True
11897	rakza	Kṣetra-	kzetrarakza	True
11897	rakza	Go-	gorakza	True
11897	rakza	Cakra-	cakrarakza	True
11897	rakza	Nagara-	nagararakza	False
11897	rakza	Pura-	purarakza	True
11897	rakza	Senā-	senArakza	True
11898	rakzaka	A-	arakzaka	True
11898	rakzaka	Aṅga-	aNgarakzaka	True
11898	rakzaka	Go-	gorakzaka	True
11898	rakzaka	Bkūmi-	bkUmirakzaka	False
11898	rakzaka	Śasya-	Sasyarakzaka	True
11903	rakzitf	A-	arakzitf	True
11904	rakzin	Nagara-, Nagarī-	nagara-, nagarIrakzin	False
11904	rakzin	Paśu-	paSurakzin	True
11912	raNka	Raṇa-	raRaraNka	True
11916	raNga	Keli-	keliraNga	True
11916	raNga	Pūrva-	pUrvaraNga	True
11916	raNga	Rāja(n)-	rAja(n)raNga	False
11916	raNga	Su-	suraNga	True
11921	racanA	Kūṭa-	kUwaracanA	True
11921	racanA	Keśa-	keSaracanA	True
11921	racanA	Pakṣa-	pakzaracanA	True
11921	racanA	Paṭa-	pawaracanA	False
11921	racanA	Vacana-	vacanaracanA	True
11921	racanA	Vihita-durga-racana	vihita-durga-racana	False
11921	racanA	Vyūha-	vyUharacanA	True
11922	raja	Nīraja	nIraja	True
11924	rajata	Mahā-	mahArajata	True
11925	rajana	Mahā-	mahArajana	True
11930	rajas	A-	arajas	True
11930	rajas	Nīrajas	nIrajas	True
11930	rajas	Parorajas	parorajas	True
11930	rajas	Vi-	virajas	True
11930	rajas	Sa-	sarajas	True
11935	rajju	Karkaṭaka-	karkawakarajju	False
11935	rajju	Kāṣṭha-	kAzWarajju	True
11935	rajju	Pāśa-	pASarajju	True
11938	raYj	Ā-	AraYj	False
11938	raYj	Jiva-	jivaraYj	False
11938	raYj	Su-	suraYj	False
11940	raYjana	Loka-	lokaraYjana	True
11940	raYjana	Strī-	strIraYjana	True
11944	raRa	Priya-	priyaraRa	True
11944	raRa	Mahā-	mahAraRa	True
11950	rati	Dharma-	Darmarati	True
11953	ratna	Sa-mauli-	sa-mOliratna	False
11958	raTa	Ati-	atiraTa	True
11958	raTa	Kīrti-	kIrtiraTa	True
11958	raTa	Krīḍā-	krIqAraTa	True
11958	raTa	Citra-	citraraTa	True
11958	raTa	Daśa(n)-	daSa(n)raTa	False
11958	raTa	Patra-	patraraTa	True
11958	raTa	Puṣpa-	puzparaTa	True
11958	raTa	Bhīma-	BImaraTa	True
11958	raTa	Manoratha	manoraTa	True
11958	raTa	Samāgama-manoratha	samAgama-manoraTa	False
11958	raTa	Marut-	marutraTa	False
11958	raTa	Mahā-	mahAraTa	True
11958	raTa	Viṣṇu-	vizRuraTa	True
11958	raTa	Sa-	saraTa	True
11958	raTa	Haṃsa-	haMsaraTa	True
11968	raTin	A-	araTin	True
11972	rada	Dri-	drirada	False
11972	rada	Vajra-	vajrarada	True
11979	ranDra	Karṇa-	karRaranDra	True
11979	ranDra	Nīrandhra	nIranDra	True
11982	raB	Su-	suraB	False
11984	raBasa	Ati-	atiraBasa	True
11984	raBasa	Ambhas-vindu-grahaṇa-	amBas-vindu-grahaRaraBasa	False
11984	raBasa	Sa-rabhasa + m	sa-raBasa + m	False
11985	ram	Deva-	devaram	True
11985	ram	Nirmāṇa-	nirmARaram	False
11985	ram	Su-	suram	True
11985	ram	Vara-su-	vara-suram	False
11986	rama	Manas-	manasrama	False
11988	ramaRa	Para-	pararamaRa	True
11995	ramBa	Go-rambha	go-ramBa	False
11997	raya	Āśu-	ASuraya	False
11997	raya	Śānta-	SAntaraya	True
12002	rava	Kala-	kalarava	True
12002	rava	Ghaṇṭā-	GaRwArava	True
12002	rava	Caṇḍa-	caRqarava	True
12002	rava	Nirara	nirara	False
12002	rava	Bhīma-vega-	BIma-vegarava	False
12002	rava	Madana-kāku-	madana-kAkurava	False
12002	rava	Vīṇa-	vIRarava	False
12002	rava	Śārṅga-	SArNgarava	True
12007	raSmi	Uṣṇa-	uzRaraSmi	True
12007	raSmi	Śita-	SitaraSmi	False
12007	raSmi	Syūma-	syUmaraSmi	True
12010	rasa	A-	arasa	True
12010	rasa	Anu-	anurasa	True
12010	rasa	Anna-	annarasa	True
12010	rasa	Amṛta-	amftarasa	True
12010	rasa	Ikṣu-	ikzurasa	True
12010	rasa	Eha-	eharasa	False
12010	rasa	Kanaka-	kanakarasa	True
12010	rasa	Kāma-	kAmarasa	True
12010	rasa	Kṣudra-	kzudrarasa	True
12010	rasa	Gandha-	ganDarasa	True
12010	rasa	Go-	gorasa	True
12010	rasa	Nīrasa	nIrasa	True
12010	rasa	Piṣṭa	pizwa	True
12010	rasa	Praṇipāta-	praRipAtarasa	True
12010	rasa	Yakṣa-	yakzarasa	True
12010	rasa	Yathā-rasa + m	yaTA-rasa + m	False
12010	rasa	Vi-	virasa	True
12010	rasa	Śṛṅgāra-eka-	SfNgAra-ekarasa	False
12010	rasa	Sa-	sarasa	True
12010	rasa	Siddha-	sidDarasa	True
12010	rasa	Su-	surasa	True
12010	rasa	Sva-	svarasa	True
12010	rasa	Svādu-	svAdurasa	True
12014	rasana	Nīrasana	nIrasana	True
12023	rah	A-	arah	False
12026	rahasya	Deva-	devarahasya	True
12026	rahasya	Sa-	sarahasya	True
12026	rahasya	Sa-prayoga-	sa-prayogarahasya	False
12028	rA	Kirti-	kirtirA	False
12030	rAkzasa	Jala-rākṣasī	jala-rAkzasI	False
12030	rAkzasa	Brahmarākṣasa	brahmarAkzasa	True
12030	rAkzasa	Mānuṣa-	mAnuzarAkzasa	True
12030	rAkzasa	Sadevāsura-	sadevAsurarAkzasa	True
12032	rAga	Aṅga-	aNgarAga	True
12032	rAga	Apa-	aparAga	True
12032	rAga	Kṛtrima-	kftrimarAga	False
12032	rAga	Padma-	padmarAga	True
12032	rAga	Puṣpa-	puzparAga	True
12032	rAga	Vi-	virAga	True
12032	rAga	Vīta-	vItarAga	True
12032	rAga	Sa-	sarAga	True
12032	rAga	Haridrā-	haridrArAga	True
12035	rAgin	Vi-	virAgin	True
12041	rAj	Araṇya-	araRyarAj	True
12041	rAj	Asura-	asurarAj	True
12041	rAj	Indu-	indurAj	True
12041	rAj	Eka-	ekarAj	True
12041	rAj	Kratu-	kraturAj	True
12041	rAj	Giri-	girirAj	True
12041	rAj	Tṛṇa-	tfRarAj	True
12041	rAj	Deva-	devarAj	True
12041	rAj	Dharma-	DarmarAj	True
12041	rAj	Nāga-	nAgarAj	True
12041	rAj	Mṛga-	mfgarAj	True
12041	rAj	Yakṣa-	yakzarAj	True
12041	rAj	Viśva-	viSvarAj	True
12041	rAj	Sva-	svarAj	True
12042	rAja	Amara-	amararAja	True
12042	rAja	Amara-śatru-	amara-SatrurAja	False
12042	rAja	Ādi-	AdirAja	True
12042	rAja	Ṛkṣa-	fkzarAja	True
12042	rAja	Tṛṇa-	tfRarAja	True
12042	rAja	Deva-	devarAja	True
12042	rAja	Dvija-	dvijarAja	True
12042	rAja	Dharma-	DarmarAja	True
12042	rAja	Nada-	nadarAja	True
12042	rAja	Nāga-	nAgarAja	True
12042	rAja	Pitṛ-	pitfrAja	True
12042	rAja	Bhujaga-	BujagarAja	True
12042	rAja	Bhṛṅga-	BfNgarAja	True
12042	rAja	Mahā-	mahArAja	True
12042	rAja	Mṛga-	mfgarAja	True
12042	rAja	Yakṣa-	yakzarAja	True
12042	rAja	Yuvarāja	yuvarAja	True
12042	rAja	Rājarāja	rAjarAja	True
12042	rAja	Vighna-	viGnarAja	True
12042	rAja	Vimāna-	vimAnarAja	True
12042	rAja	Śaila-	SElarAja	True
12042	rAja	Sindhu-	sinDurAja	True
12042	rAja	Sukha-	suKarAja	True
12042	rAja	Sura-	surarAja	True
12042	rAja	Saubha-	sOBarAja	True
12043	rAjaka	Mahā-	mahArAjaka	True
12043	rAjaka	Sa-	sarAjaka	True
12049	rAjan	A-	arAjan	True
12049	rAjan	Kāśi-	kASirAjan	True
12049	rAjan	Dharma-rājan	Darma-rAjan	False
12049	rAjan	Nāga-	nAgarAjan	True
12050	rAjanya	A-	arAjanya	True
12059	rAji	Nīla-rāji	nIla-rAji	False
12059	rAji	Vana-rāj + i	vana-rAj + i	False
12063	rAjya	Deva-	devarAjya	True
12063	rAjya	Pṛthivī-	pfTivIrAjya	True
12063	rAjya	Mahā-	mahArAjya	True
12063	rAjya	Yuvarājya-	yuvarAjyarAjya	False
12063	rAjya	Hṛta-	hftarAjya	True
12066	rAti	A-	arAti	True
12066	rAti	Vāyasa-a-	vAyasa-arAti	False
12068	rAtraka	Pañca(n)-	paYca(n)rAtraka	False
12069	rAtri	Kāla-	kAlarAtri	True
12069	rAtri	Yakṣa-rātri	yakza-rAtri	False
12069	rAtri	Śiva-rātri	Siva-rAtri	False
12069	rAtri	Śeṣa-rātri	Seza-rAtri	False
12070	rAtrikA	Pañca(n)-	paYca(n)rAtrikA	False
12073	rAD	Su-	surAD	False
12079	rAma	Paraśu-	paraSurAma	True
12079	rAma	Bala-	balarAma	True
12084	rAva	Dīrgha-	dIrGarAva	True
12088	rASi	Agni-	agnirASi	True
12088	rASi	Ambu-	amburASi	True
12088	rASi	Brahma(n)-	brahma(n)rASi	False
12088	rASi	Yaśas-	yaSasrASi	False
12089	rAzwra	Su-	surAzwra	True
12093	rAsa	Dūrāsa	dUrAsa	False
12098	rAhu	Sa-	sarAhu	True
12102	rikTa	Gotra-	gotrarikTa	True
12107	ric	A-	aric	False
12110	ripu	Krauñca-	krOYcaripu	True
12121	riz	A-riṣṭa	a-rizwa	False
12140	ruc	Ghana-	Ganaruc	True
12140	ruc	Phaṇā-maṇi-sahasra-	PaRA-maRi-sahasraruc	False
12140	ruc	Vistārita-varṇa-saṃkara-	vistArita-varRa-saMkararuc	False
12140	ruc	Śīta-	SItaruc	True
12140	ruc	A-śīta-	a-SItaruc	False
12142	ruci	Uṣṇa-	uzRaruci	True
12142	ruci	Daṇḍa-ruci	daRqa-ruci	False
12142	ruci	Pratigraha-	pratigraharuci	False
12142	ruci	Māṃsa-	mAMsaruci	True
12142	ruci	Viśeṣa-vikrama-	viSeza-vikramaruci	False
12142	ruci	Saṃsarga-	saMsargaruci	False
12142	ruci	Sphurita-	sPuritaruci	False
12142	ruci	Sva-	svaruci	True
12147	ruj	Niruj	niruj	False
12149	rujA	A-ruja	a-ruja	False
12149	rujA	Nīruja	nIruja	True
12149	rujA	Sa-ruja	sa-ruja	False
12149	rujA	Su-	surujA	False
12158	rud	Araṇya-	araRyarud	False
12161	ruD	A-	aruD	False
12161	ruD	Smṛti-	smftiruD	False
12173	ruz	Ati-ruṣ	ati-ruz	False
12173	ruz	Sa-ruṣ	sa-ruz	False
12174	ruh	Dūrūḍha	dUrUQa	True
12174	ruh	Su-	suruh	False
12175	ruha	Jagati-	jagatiruha	False
12175	ruha	Jala-	jalaruha	True
12175	ruha	Tanū-	tanUruha	True
12175	ruha	Tīra-	tIraruha	True
12175	ruha	Vīja-kāṇḍa-	vIja-kARqaruha	False
12180	rUp	Su-nirūpita	su-nirUpita	False
12181	rUpa	A-	arUpa	True
12181	rUpa	Ati-	atirUpa	True
12181	rUpa	Anya-	anyarUpa	True
12181	rUpa	An-eka-	an-ekarUpa	False
12181	rUpa	Aśra-	aSrarUpa	False
12181	rUpa	Kāma-	kAmarUpa	True
12181	rUpa	Kiṃrūpa	kiMrUpa	True
12181	rUpa	Tathā-	taTArUpa	True
12181	rUpa	Garbha-	garBarUpa	True
12181	rUpa	Deśa-	deSarUpa	True
12181	rUpa	Naṣṭa-	nazwarUpa	True
12181	rUpa	Nānā-	nAnArUpa	True
12181	rUpa	Padma-	padmarUpa	True
12181	rUpa	Puṃrūpa	puMrUpa	True
12181	rUpa	Pūrva-	pUrvarUpa	True
12181	rUpa	Prāpta-	prAptarUpa	True
12181	rUpa	Bharya-	BaryarUpa	False
12181	rUpa	Yukta-	yuktarUpa	True
12181	rUpa	Vi-	virUpa	True
12181	rUpa	Viśva-	viSvarUpa	True
12181	rUpa	Sa-	sarUpa	True
12181	rUpa	Saṃkalpa-	saMkalparUpa	True
12181	rUpa	Sva-	svarUpa	True
12181	rUpa	Ātmasrarūpa	AtmasrarUpa	False
12181	rUpa	Stri-sva-	stri-svarUpa	False
12181	rUpa	Hṛṣṭa-	hfzwarUpa	True
12182	rUpaka	Mahā-	mahArUpaka	True
12182	rUpaka	Vi-	virUpaka	True
12184	rUpavant	Adhika-	aDikarUpavant	True
12184	rUpavant	Stri-sva-	stri-svarUpavant	False
12185	rUpin	A-	arUpin	True
12185	rUpin	Anya-	anyarUpin	True
12185	rUpin	Kuñjara-	kuYjararUpin	True
12185	rUpin	Kṣapaṇaka-	kzapaRakarUpin	False
12185	rUpin	Tathā-	taTArUpin	True
12185	rUpin	Deva-	devarUpin	True
12185	rUpin	Mṛga-	mfgarUpin	True
12185	rUpin	Sādhana-	sADanarUpin	True
12185	rUpin	Sva-	svarUpin	True
12185	rUpin	Strī-sva-	strI-svarUpin	False
12186	rUpya	Sama-	samarUpya	True
12194	reKA	Candra-	candrareKA	True
12194	reKA	Patra-	patrareKA	True
12194	reKA	Sama-rekha	sama-reKa	False
12199	reRu	Trasa-	trasareRu	True
12199	reRu	Rakta-	raktareRu	True
12199	reRu	Sikatā-	sikatAreRu	False
12199	reRu	Su-	sureRu	True
12201	retas	Ūrdhva-	UrDvaretas	True
12201	retas	Kumbha-	kumBaretas	True
12201	retas	Vasu-	vasuretas	True
12201	retas	Vahni-	vahniretas	True
12201	retas	Viśva-	viSvaretas	True
12201	retas	Hiraṇya-	hiraRyaretas	True
12205	repas	Vi-	virepas	True
12206	rePa	Dvi-	dvirePa	True
12222	roga	A-	aroga	True
12222	roga	Kṣudroga	kzudroga	True
12222	roga	Tṛṣā-	tfzAroga	True
12222	roga	Niroga	niroga	False
12222	roga	Pāṇḍu-	pARquroga	True
12222	roga	Pāpa-	pAparoga	True
12222	roga	Sa-	saroga	True
12222	roga	Hṛd-	hfdroga	True
12225	rogin	A-	arogin	True
12225	rogin	Pāṇḍu-	pARqurogin	True
12225	rogin	Pāpa-	pAparogin	True
12226	rocaka	A-	arocaka	True
12227	rocana	Go-rocanā	go-rocanA	False
12227	rocana	Vaṃśa-roc hanā	vaMSa-roc hanA	False
12229	rocis	Vasu-	vasurocis	True
12233	roDa	Prāṇa-	prARaroDa	True
12243	roman	Ūrdhva-	UrDvaroman	True
12243	roman	Kāñcana-	kAYcanaroman	False
12243	roman	Stabdha-	stabDaroman	True
12250	roza	Vi-	viroza	True
12250	roza	Sa-	saroza	True
12265	rOdra	Ati-	atirOdra	True
12265	rOdra	Soma-	somarOdra	True
12271	rOrava	Mahā-	mahArOrava	True
12276	lakz	A-	alakz	False
12276	lakz	Su-lakṣita	su-lakzita	False
12277	lakza	Vi-	vilakza	True
12277	lakza	Sthūla-	sTUlalakza	True
12278	lakzaRa	A-	alakzaRa	True
12278	lakzaRa	Ajahallakṣaṇā	ajahallakzaRA	True
12278	lakzaRa	Kṛta-	kftalakzaRa	True
12278	lakzaRa	Ṛgyajuḥsāmalakṣaṇa	fgyajuHsAmalakzaRa	False
12278	lakzaRa	Jñāna-	jYAnalakzaRa	True
12278	lakzaRa	Dvi-	dvilakzaRa	True
12278	lakzaRa	Nirlakṣaṇa	nirlakzaRa	True
12278	lakzaRa	Rājalakṣaṇa	rAjalakzaRa	True
12278	lakzaRa	Lakṣita-	lakzitalakzaRa	True
12278	lakzaRa	Vi-	vilakzaRa	True
12278	lakzaRa	Viśeṣa-	viSezalakzaRa	True
12278	lakzaRa	Sāmānya-	sAmAnyalakzaRa	True
12278	lakzaRa	Su-	sulakzaRa	True
12281	lakzmaRa	Saha-	sahalakzmaRa	True
12283	lakzmI	A-	alakzmI	True
12283	lakzmI	A-kṛśa-	a-kfSalakzmI	False
12283	lakzmI	Jaya-	jayalakzmI	True
12283	lakzmI	Mahā-	mahAlakzmI	True
12283	lakzmI	Rājalakṣmī	rAjalakzmI	True
12288	lag	Pāda-	pAdalag	False
12288	lag	Pṛṣṭha-	pfzWalag	False
12288	lag	Śubha-	SuBalag	False
12288	lag	Hastāgra-	hastAgralag	False
12296	laGu	A-	alaGu	True
12296	laGu	Pari-	parilaGu	True
12316	lajjA	Nirlajja	nirlajja	True
12316	lajjA	Sa-	salajjA	False
12331	latA	Amṛta-	amftalatA	True
12331	latA	Ud-patāka-bhuja-laṭa	ud-patAka-Buja-lawa	False
12331	latA	Kalpa-	kalpalatA	True
12331	latA	Nāga-	nAgalatA	True
12331	latA	Bāhu-	bAhulatA	True
12331	latA	Bhrū-	BrUlatA	True
12331	latA	Bhū-	BUlatA	True
12331	latA	Muktā-	muktAlatA	True
12331	latA	Mohana-	mohanalatA	True
12331	latA	Romalatā	romalatA	True
12331	latA	Taḍillatā	taqillatA	True
12331	latA	Vetra-	vetralatA	True
12331	latA	Sūrya-	sUryalatA	True
12331	latA	Soma-	somalatA	True
12332	latikA	Aṅgu-	aNgulatikA	False
12332	latikA	Amṛta-	amftalatikA	True
12332	latikA	Būhu-	bUhulatikA	False
12341	lamba	Ā-gaṇḍa-	A-gaRqalamba	False
12346	lambin	A-	alambin	False
12346	lambin	An-ati-	an-atilambin	False
12346	lambin	Pūrva-ardha-	pUrva-arDalambin	False
12352	laya	A-	alaya	True
12354	lal	Durlalita	durlalita	True
12354	lal	Su-	sulal	False
12358	lalAwa	Mahā-	mahAlalAwa	True
12365	lava	Jñāna-	jYAnalava	False
12369	lavaRa	A-kṣāra-lavaṇa	a-kzAra-lavaRa	False
12380	las	Durvitasita	durvitasita	False
12385	lahari	Ānanda-	Anandalahari	True
12388	lAkzA	Caraṇa-	caraRalAkzA	False
12393	lAGava	Guru-	gurulAGava	True
12393	lAGava	Hasta-	hastalAGava	True
12400	lAYCana	Mṛga-	mfgalAYCana	True
12400	lAYCana	Śrī-vatsa-	SrI-vatsalAYCana	False
12400	lAYCana	Śaśa-	SaSalAYCana	True
12407	lABa	A-	alABa	True
12407	lABa	Guṇa-a-	guRa-alABa	False
12407	lABa	Durlābha	durlABa	True
12407	lABa	Dvi-guṇa-	dvi-guRalABa	False
12407	lABa	Lābha-a-	lABa-alABa	False
12407	lABa	Siddhi-	sidDilABa	True
12411	lAlasa	Darśana-	darSanalAlasa	True
12411	lAlasa	Pati-	patilAlasa	True
12417	lAva	Puṣpa-	puzpalAva	True
12424	likzA	Yūkā-likṣa	yUkA-likza	False
12425	liK	Citra-	citraliK	True
12425	liK	Dur-lekhya	dur-leKya	False
12430	liNga	Ṛtu-	ftuliNga	True
12430	liNga	Tri-	triliNga	True
12430	liNga	Deva-	devaliNga	True
12430	liNga	Nirliṅga	nirliNga	True
12430	liNga	Puṃliṅga	puMliNga	True
12430	liNga	Viṣṇuliṅgī	vizRuliNgI	True
12430	liNga	Strī-	strIliNga	True
12433	liNgin	A-	aliNgin	True
12433	liNgin	Ārya-	AryaliNgin	True
12433	liNgin	Dvija-	dvijaliNgin	True
12433	liNgin	Mārjāra-	mArjAraliNgin	True
12434	lip	A-medhya-lipta	a-meDya-lipta	False
12444	lih	Rasanā-	rasanAlih	True
12445	lI	A-	alI	True
12447	lIlA	Sa-līla	sa-lIla	False
12451	luYcaka	Keśa-	keSaluYcaka	True
12467	lup	A-	alup	False
12470	luB	Ati-	atiluB	True
12470	luB	Guṇa-	guRaluB	False
12482	leKa	Indu-	induleKa	False
12482	leKa	Candra-	candraleKa	True
12482	leKa	Citra-	citraleKa	True
12482	leKa	Patra-	patraleKa	False
12482	leKa	Sa-patra-lekha	sa-patra-leKa	False
12482	leKa	Śaśilekhā	SaSileKA	True
12482	leKa	Hṛllekha	hflleKa	True
12487	lepa	Nirlepa	nirlepa	True
12487	lepa	Piṇḍī-	piRqIlepa	True
12487	lepa	Vajra-	vajralepa	True
12490	lepana	Bhūmi-	BUmilepana	True
12495	leSa	Aśru-	aSruleSa	True
12495	leSa	Prāleya-	prAleyaleSa	True
12495	leSa	Sukha-	suKaleSa	True
12495	leSa	Sa-	saleSa	True
12500	loka	A-	aloka	True
12500	loka	Aṅga-	aNgaloka	True
12500	loka	Amara-	amaraloka	True
12500	loka	Indra-	indraloka	True
12500	loka	Go-	goloka	True
12500	loka	Gṛha-	gfhaloka	False
12500	loka	Jana-	janaloka	True
12500	loka	Jīva-	jIvaloka	True
12500	loka	Tapoloka	tapoloka	True
12500	loka	Tala-	talaloka	True
12500	loka	Tri-	triloka	True
12500	loka	Nara-vīra-	nara-vIraloka	False
12500	loka	Para-	paraloka	True
12500	loka	Paura-	pOraloka	True
12500	loka	Brahmaloka	brahmaloka	True
12500	loka	Lokāloka	lokAloka	True
12500	loka	Vi-	viloka	True
12507	locana	Cāru-	cArulocana	True
12507	locana	Tri-	trilocana	True
12507	locana	Vāma-	vAmalocana	True
12507	locana	Sthira-	sTiralocana	True
12507	locana	Hari-	harilocana	True
12521	loBa	A-	aloBa	True
12521	loBa	Ati-	atiloBa	True
12524	loman	Asi-	asiloman	True
12526	lomaSa	Haṃsa-	haMsalomaSa	True
12528	lola	Ā-	Alola	True
12528	lola	Mahā-	mahAlola	True
12538	loha	Kṛṣṇa-	kfzRaloha	True
12538	loha	Nīla-	nIlaloha	True
12538	loha	Pañcaloha	paYcaloha	True
12538	loha	Mahā-	mahAloha	True
12538	loha	Ravi-	raviloha	True
12538	loha	Sāra-	sAraloha	True
12541	lohamaya	Sarva-	sarvalohamaya	True
12543	lohita	Dhūmra-	DUmralohita	True
12543	lohita	Nīla-	nIlalohita	True
12548	lOkika	A-	alOkika	True
12548	lOkika	Jīva-	jIvalOkika	True
12550	lOlya	A-	alOlya	True
12550	lOlya	Ati-	atilOlya	True
12550	lOlya	Jihvā-	jihvAlOlya	True
12550	lOlya	Manas-	manaslOlya	False
12555	vaMSa	A-	avaMSa	True
12555	vaMSa	Ādi-	AdivaMSa	True
12555	vaMSa	Jarjara-	jarjaravaMSa	False
12555	vaMSa	Nāsā-	nAsAvaMSa	True
12555	vaMSa	Pṛṣṭha-	pfzWavaMSa	True
12555	vaMSa	Raghu-	raGuvaMSa	True
12555	vaMSa	Soma-	somavaMSa	True
12558	vaMSya	Mahā-	mahAvaMSya	True
12558	vaMSya	Viśuddha-	viSudDavaMSya	True
12570	vaktra	Dadhi-	daDivaktra	True
12570	vaktra	Danta-	dantavaktra	True
12570	vaktra	Daśavaktra	daSavaktra	True
12570	vaktra	Pañcavaktra	paYcavaktra	True
12570	vaktra	Mahā-	mahAvaktra	True
12571	vakra	Aṣṭā-	azwAvakra	True
12589	vac	An-	anvac	True
12589	vac	Ardha-	arDavac	False
12589	vac	Durukta	durukta	True
12589	vac	Punar-	punarvac	False
12589	vac	Pratikūla-	pratikUlavac	False
12592	vacana	A-	avacana	True
12592	vacana	Tathya-	taTyavacana	True
12592	vacana	Priya-	priyavacana	True
12592	vacana	Pratikūla-	pratikUlavacana	True
12592	vacana	Vīśeṣa-	vISezavacana	False
12592	vacana	Su-	suvacana	True
12596	vacas	Durvacas	durvacas	True
12596	vacas	Sadvacas	sadvacas	True
12596	vacas	Su-	suvacas	True
12636	vaRwaka	Hṛd-	hfdvaRwaka	True
12647	vatsa	Śrī-	SrIvatsa	True
12650	vatsala	Vara-	varavatsala	False
12650	vatsala	Sahaja-	sahajavatsala	True
12656	vadana	Maṃsa-piṇḍa-gṛhīta-	maMsa-piRqa-gfhItavadana	False
12656	vadana	Su-	suvadana	True
12663	vaDa	A-	avaDa	True
12663	vaDa	Ātmavadha	AtmavaDa	True
12663	vaDa	Go-	govaDa	True
12663	vaDa	Śiśu-pāla-	SiSu-pAlavaDa	False
12663	vaDa	Śuddha-	SudDavaDa	True
12668	vaDU	Kula-	kulavaDU	True
12668	vaDU	Nava-	navavaDU	True
12668	vaDU	Nāga-	nAgavaDU	True
12668	vaDU	Preṣya-	prezyavaDU	True
12668	vaDU	Vāra-	vAravaDU	True
12668	vaDU	Svar-, Svarga-	svar-, svargavaDU	False
12673	van	Tridaśa-	tridaSavan	False
12673	van	Sa-nāka-vanita	sa-nAka-vanita	False
12674	vana	Asi-patra-	asi-patravana	False
12674	vana	Citra-	citravana	True
12674	vana	Tapovana	tapovana	True
12674	vana	Nir-vaṇa	nir-vaRa	False
12674	vana	Paraśu-	paraSuvana	True
12674	vana	Pitṛ-	pitfvana	True
12674	vana	Pramada-	pramadavana	True
12674	vana	Mahā-	mahAvana	True
12691	vandana	Pāda-	pAdavandana	True
12711	vam	Durvānta	durvAnta	True
12719	vayas	Gata-	gatavayas	True
12719	vayas	Pūrva-	pUrvavayas	True
12719	vayas	Sa-	savayas	True
12728	vara	Kāma-	kAmavara	True
12728	vara	Datta-	dattavara	True
12728	vara	Dvija-	dvijavara	True
12728	vara	Pika-	pikavara	False
12728	vara	Pura-	puravara	True
12728	vara	Prāpta-	prAptavara	True
12728	vara	Muni-	munivara	True
12728	vara	Raghu-	raGuvara	True
12728	vara	Vīra-	vIravara	True
12728	vara	Sarovara	sarovara	True
12728	vara	Sarit-	saritvara	False
12740	varAwaka	Kim-	kimvarAwaka	False
12743	varAha	Mahā-	mahAvarAha	True
12760	varga	Āpta-	Aptavarga	True
12760	varga	Catur-	caturvarga	True
12760	varga	Tri-	trivarga	True
12760	varga	Dāsa-	dAsavarga	True
12760	varga	Pātra-	pAtravarga	True
12760	varga	Bandhu-	banDuvarga	True
12760	varga	Bhṛtya-	Bftyavarga	True
12760	varga	Rakṣi(n)-	rakzi(n)varga	False
12767	varcasvin	Brahman-	brahmanvarcasvin	False
12769	varja	Tṛca-	tfcavarja	False
12769	varja	Tvad-varja + m	tvad-varja + m	False
12769	varja	Parvavarja + m	parvavarja + m	False
12772	varRa	A-	avarRa	True
12772	varRa	Agni-	agnivarRa	True
12772	varRa	Eka-	ekavarRa	True
12772	varRa	Jyeṣṭha-	jyezWavarRa	True
12772	varRa	Durvarṇa	durvarRa	True
12772	varRa	Dhūmra-	DUmravarRa	True
12772	varRa	Bhinna-	BinnavarRa	True
12772	varRa	Madhu-	maDuvarRa	True
12772	varRa	Megha-	meGavarRa	True
12772	varRa	Yathārha-	yaTArhavarRa	True
12772	varRa	Labdha-	labDavarRa	True
12772	varRa	Vi-	vivarRa	True
12772	varRa	Sa-	savarRa	True
12772	varRa	Sama-	samavarRa	True
12772	varRa	Su-	suvarRa	True
12772	varRa	Hiraṇya-	hiraRyavarRa	True
12773	varRaka	Tri-	trivarRaka	True
12777	varRin	Vara-varṇinī	vara-varRinI	False
12783	vartikA	Yoga-	yogavartikA	True
12784	vartin	Ucchāstra-	ucCAstravartin	True
12784	vartin	Unmārga-	unmArgavartin	True
12784	vartin	Guṇa-	guRavartin	True
12784	vartin	Guru-	guruvartin	True
12784	vartin	Cakra-	cakravartin	True
12784	vartin	Dūra-	dUravartin	True
12784	vartin	Ati-dūra-	ati-dUravartin	False
12784	vartin	Pārśva-	pArSvavartin	True
12784	vartin	Purovartin	purovartin	True
12784	vartin	Pratikūla-	pratikUlavartin	True
12784	vartin	Vaśa-	vaSavartin	True
12784	vartin	Sama-	samavartin	True
12784	vartin	Hasta-	hastavartin	True
12788	vartman	Ākāśa-	AkASavartman	True
12788	vartman	Kṛṣṇa-	kfzRavartman	True
12788	vartman	Ghana-	Ganavartman	True
12788	vartman	Rājavartman	rAjavartman	True
12793	varDana	Kamala-	kamalavarDana	True
12793	varDana	Kula-	kulavarDana	True
12793	varDana	Nandi-	nandivarDana	True
12793	varDana	Nābhi-	nABivarDana	True
12793	varDana	Puṇya-	puRyavarDana	True
12793	varDana	Meru-	meruvarDana	True
12793	varDana	Ratna-	ratnavarDana	True
12793	varDana	Vaṃśa-	vaMSavarDana	True
12793	varDana	Varṣa-	varzavarDana	True
12798	varpas	Ghora-	Goravarpas	True
12799	varman	Varman	varman	True
12799	varman	Dharma-	Darmavarman	True
12799	varman	Nirjita-	nirjitavarman	True
12804	varza	A-	avarza	True
12804	varza	Aṣṭavarṣa	azwavarza	True
12804	varza	Tirovarṣa	tirovarza	True
12804	varza	Dvādaśavarṣa	dvAdaSavarza	False
12804	varza	Pra-	pravarza	True
12804	varza	Śara-	Saravarza	True
12806	varzaRa	A-	avarzaRa	True
12811	varzin	A-pātra-	a-pAtravarzin	False
12811	varzin	Abhīṣṭa-	aBIzwavarzin	False
12811	varzin	Citra-	citravarzin	True
12811	varzin	Ṣaṣṭi-	zazwivarzin	True
12827	valaya	Akṣa-sūtra-	akza-sUtravalaya	False
12827	valaya	Ku-	kuvalaya	True
12827	valaya	Bhū-	BUvalaya	True
12827	valaya	Lekhā-	leKAvalaya	True
12827	valaya	Vratati-	vratativalaya	True
12833	valita	An-ativalita	an-ativalita	False
12838	valka	Danta-	dantavalka	True
12853	vallaBa	Kuvera-	kuveravallaBa	True
12853	vallaBa	Śrī-	SrIvallaBa	True
12854	vallaBatA	Ati-	ativallaBatA	True
12856	vallari	Alaka-	alakavallari	False
12856	vallari	Viṣa-vallarī	viza-vallarI	False
12856	vallari	Soma-	somavallari	True
12858	valli	Nāga-vallī̆	nAga-vallĬ	False
12858	valli	Sūrya-vallī	sUrya-vallI	False
12866	vaSa	A-	avaSa	True
12866	vaSa	Aṅkuśa-	aNkuSavaSa	True
12866	vaSa	Ātmavaśa	AtmavaSa	True
12866	vaSa	Karmavaśa	karmavaSa	True
12866	vaSa	Krodha-	kroDavaSa	True
12866	vaSa	Daiva-	dEvavaSa	True
12866	vaSa	Nidrā-	nidrAvaSa	True
12866	vaSa	Para-	paravaSa	True
12866	vaSa	Mantra-oṣadhi-	mantra-ozaDivaSa	False
12866	vaSa	Moha-	mohavaSa	False
12866	vaSa	Vi-	vivaSa	True
12866	vaSa	Sva-	svavaSa	True
12878	vaSya	A-vaśya + m	a-vaSya + m	False
12878	vaSya	Kāma-	kAmavaSya	True
12887	vas	Grāma-	grAmavas	False
12893	vasati	Garbha-vasati	garBa-vasati	False
12893	vasati	Durvasati	durvasati	True
12893	vasati	Ramaṇa-vasati	ramaRa-vasati	False
12894	vasana	Su-	suvasana	True
12895	vasanta	Su-	suvasanta	True
12899	vasu	Punar-	punarvasu	True
12899	vasu	Purā-	purAvasu	True
12899	vasu	Mitrāvasu	mitrAvasu	True
12899	vasu	Vibhā-	viBAvasu	True
12902	vasuDA	Kṣetra-	kzetravasuDA	True
12913	vasti	Indra-	indravasti	True
12914	vastu	A-	avastu	True
12914	vastu	A-dvitīya-	a-dvitIyavastu	False
12914	vastu	Grathita-	graTitavastu	False
12918	vastra	Antar-	antarvastra	True
12918	vastra	Vi-	vivastra	True
12918	vastra	Snāna-	snAnavastra	True
12923	vah	An-	anvah	True
12923	vah	Navoḍhā	navoQA	True
12937	vA	A-	avA	False
12940	vAka	Nis-	nisvAka	False
12941	vAkya	Nirvākya	nirvAkya	True
12941	vAkya	Mahā-	mahAvAkya	True
12954	vAc	An-ṛta-	an-ftavAc	False
12954	vAc	A-bhaya-	a-BayavAc	False
12954	vAc	A-mogha-	a-moGavAc	False
12954	vAc	Āpta-	AptavAc	True
12954	vAc	Durvāc	durvAc	True
12954	vAc	Duṣṭa-	duzwavAc	True
12954	vAc	Nirvāc	nirvAc	True
12954	vAc	Pra-	pravAc	True
12954	vAc	Satya-	satyavAc	True
12963	vAcika	Tri-	trivAcika	True
12963	vAcika	Daṇḍa-	daRqavAcika	True
12964	vAcyatA	A-	avAcyatA	True
12965	vAja	Gṛdhra-	gfDravAja	True
12965	vAja	Citra-	citravAja	True
12965	vAja	Patra-	patravAja	True
12966	vAjin	Śveta-	SvetavAjin	True
12971	vAYCA	Sva-	svavAYCA	True
12973	vAwa	Govāṭa	govAwa	True
12973	vAwa	Puṣpa-vāṭī	puzpa-vAwI	False
12973	vAwa	Yajña-	yajYavAwa	True
12973	vAwa	Veśa-vāṭa	veSa-vAwa	False
12973	vAwa	Śmaśāna-	SmaSAnavAwa	True
12975	vAwikA	Vṛkṣa-	vfkzavAwikA	True
12980	vARa	A-sama-, Kusuma-	a-sama-, kusumavARa	False
12980	vARa	Dṛṣṭi-	dfzwivARa	False
12980	vARa	Vāra-	vAravARa	True
12989	vAta	A-	avAta	True
12989	vAta	Anu-	anuvAta	True
12989	vAta	Nirvāta	nirvAta	True
12989	vAta	Purovāta	purovAta	True
12989	vAta	Pūti-	pUtivAta	True
12989	vAta	Prati-	prativAta	True
12996	vAtala	A-	avAtala	True
13005	vAda	Artha-	arTavAda	True
13005	vAda	Āśīrvāda	ASIrvAda	True
13005	vAda	Itihāsa-	itihAsavAda	False
13005	vAda	Uccais-	uccEsvAda	False
13005	vAda	Dharma-	DarmavAda	True
13005	vAda	Pakṣa-	pakzavAda	True
13005	vAda	Pāṇi-	pARivAda	True
13005	vAda	Pratikūla-	pratikUlavAda	True
13005	vAda	Mithyā-	miTyAvAda	True
13005	vAda	Loka-	lokavAda	True
13005	vAda	Viṇā-	viRAvAda	False
13005	vAda	Sāma(n)-	sAma(n)vAda	False
13005	vAda	Hīna-	hInavAda	True
13005	vAda	Hetu-	hetuvAda	True
13006	vAdaka	Pāṇi-	pARivAdaka	True
13011	vAdin	Artha-	arTavAdin	True
13011	vAdin	Ahaṃvādin	ahaMvAdin	True
13011	vAdin	Uttara-	uttaravAdin	True
13011	vAdin	Ṛta-	ftavAdin	True
13011	vAdin	Dharma-	DarmavAdin	True
13011	vAdin	Paṇḍita-	paRqitavAdin	True
13011	vAdin	Pārva-	pArvavAdin	False
13011	vAdin	Pratīkūla-	pratIkUlavAdin	False
13011	vAdin	Priya-	priyavAdin	True
13011	vAdin	Brahmavādin	brahmavAdin	True
13011	vAdin	Mantra-	mantravAdin	True
13011	vAdin	Mithyā-	miTyAvAdin	True
13011	vAdin	Satya-	satyavAdin	True
13011	vAdin	Hīna-	hInavAdin	True
13026	vApi	Svar-vāpī	svar-vApI	False
13032	vAya	Tantu-, Tantra-	tantu-, tantravAya	False
13032	vAya	Tunna-	tunnavAya	True
13037	vAyasa	Nis-	nisvAyasa	False
13038	vAyu	Mahā-	mahAvAyu	True
13041	vAra	Eka-vāra + m	eka-vAra + m	False
13041	vAra	Bahu-	bahuvAra	True
13041	vAra	Madhu-	maDuvAra	True
13041	vAra	Ravi-	ravivAra	True
13041	vAra	Vāṇa-	vARavAra	True
13041	vAra	Viśva-	viSvavAra	True
13041	vAra	Soma-	somavAra	True
13046	vAraRa	Atapa-, Uṣṇa-	atapa-, uzRavAraRa	False
13046	vAraRa	Digvāraṇa	digvAraRa	True
13046	vAraRa	Hasta-	hastavAraRa	True
13051	vAri	Kuśa-	kuSavAri	True
13051	vAri	Kṣārāmlodakavāri	kzArAmlodakavAri	False
13051	vAri	Candana-	candanavAri	True
13051	vAri	Netra-	netravAri	True
13056	vAriDi	Kṣīra-	kzIravAriDi	True
13063	vArtta	Gala-	galavArtta	True
13063	vArtta	Durvārttā	durvArttA	True
13063	vArtta	Mithyā-	miTyAvArtta	False
13063	vArtta	Lubdhaka-	lubDakavArtta	False
13077	vArzika	Daśavārṣika	daSavArzika	True
13077	vArzika	Dvādaśa(n)-	dvAdaSa(n)vArzika	False
13077	vArzika	Ūna-dvi-	Una-dvivArzika	False
13095	vAzpa	Antar-	antarvAzpa	True
13095	vAzpa	Ud-	udvAzpa	True
13095	vAzpa	Sa-vāṣpa + m	sa-vAzpa + m	False
13097	vAs	Su-	suvAs	False
13098	vAsa	Udavāsa	udavAsa	True
13098	vAsa	Garbha-	garBavAsa	True
13098	vAsa	Gṛha-	gfhavAsa	True
13098	vAsa	Go-	govAsa	True
13098	vAsa	Jala-	jalavAsa	True
13098	vAsa	Tapovāsa	tapovAsa	True
13098	vAsa	Paṭa-	pawavAsa	True
13098	vAsa	Bhūta-	BUtavAsa	True
13098	vAsa	Markaṭa-	markawavAsa	True
13098	vAsa	Yathā-vāsa + m	yaTA-vAsa + m	False
13098	vAsa	Reṇu-	reRuvAsa	True
13098	vAsa	Vāri-	vArivAsa	True
13098	vAsa	Śayanīya-	SayanIyavAsa	True
13098	vAsa	Sa-	savAsa	True
13098	vAsa	Su-	suvAsa	True
13099	vAsana	Go-	govAsana	True
13099	vAsana	Durvāsanā	durvAsanA	True
13099	vAsana	Nirvāsana	nirvAsana	True
13099	vAsana	Vana-	vanavAsana	True
13099	vAsana	Sam-ud-chinna-	sam-ud-CinnavAsana	False
13106	vAsas	Adhas-	aDasvAsas	False
13106	vAsas	Uttara-	uttaravAsas	True
13106	vAsas	Eka-	ekavAsas	True
13106	vAsas	Kṛtti-	kfttivAsas	True
13106	vAsas	Cīra-	cIravAsas	True
13106	vAsas	Cīra-valkala-	cIra-valkalavAsas	False
13106	vAsas	Danta-	dantavAsas	True
13106	vAsas	Digvāsas	digvAsas	True
13106	vAsas	Durvāsas	durvAsas	True
13106	vAsas	Nīla-	nIlavAsas	True
13106	vAsas	Sa-	savAsas	True
13109	vAsin	Kāma-	kAmavAsin	True
13109	vAsin	Grāma-	grAmavAsin	True
13109	vAsin	Vana-	vanavAsin	True
13109	vAsin	Sāmanta-	sAmantavAsin	True
13109	vAsin	Su-	suvAsin	True
13109	vAsin	Sva-	svavAsin	True
13120	vAstu	Pura-	puravAstu	True
13120	vAstu	Pṛṣṭha-	pfzWavAstu	True
13126	vAha	Ambu-	ambuvAha	True
13126	vAha	Gandha-	ganDavAha	True
13126	vAha	Jala-	jalavAha	True
13126	vAha	Puruṣa-	puruzavAha	True
13126	vAha	Bhāra-	BAravAha	True
13126	vAha	Marudvāha	marudvAha	True
13126	vAha	Rājavāha	rAjavAha	True
13126	vAha	Vāyu-	vAyuvAha	True
13126	vAha	Vāri-	vArivAha	True
13126	vAha	Śuka-	SukavAha	True
13126	vAha	Sādhu-	sADuvAha	True
13126	vAha	Sārtha-	sArTavAha	True
13126	vAha	Skandha-	skanDavAha	True
13126	vAha	Havya-	havyavAha	True
13126	vAha	Hastivāha	hastivAha	True
13127	vAhaka	Jala-	jalavAhaka	True
13127	vAhaka	Tāmbula-	tAmbulavAhaka	False
13127	vAhaka	Ratha-	raTavAhaka	True
13127	vAhaka	Śiśu-	SiSuvAhaka	True
13127	vAhaka	Skandha-	skanDavAhaka	True
13128	vAhana	Dvija-	dvijavAhana	True
13128	vAhana	Nara-	naravAhana	True
13128	vAhana	Mahiṣa-	mahizavAhana	True
13128	vAhana	Megha-	meGavAhana	True
13128	vAhana	Yama-	yamavAhana	True
13128	vAhana	Vāri-	vArivAhana	True
13128	vAhana	Śāli-	SAlivAhana	True
13128	vAhana	Śikhi(n)-	SiKi(n)vAhana	False
13128	vAhana	Śveta-	SvetavAhana	True
13128	vAhana	Hari-	harivAhana	True
13128	vAhana	Havya-	havyavAhana	True
13128	vAhana	Hotra-	hotravAhana	True
13130	vAhika	Bhāra-	BAravAhika	True
13131	vAhin	Daṇḍa-	daRqavAhin	True
13131	vAhin	Nara-	naravAhin	True
13131	vAhin	Mala-	malavAhin	True
13131	vAhin	Lomavāhin	lomavAhin	True
13131	vAhin	Vega-	vegavAhin	True
13131	vAhin	Sādhu-	sADuvAhin	True
13134	vAhya	A-	avAhya	True
13134	vAhya	Loka-	lokavAhya	True
13139	vi	Bahu-	bahuvi	True
13140	viMSa	Ekona-	ekonaviMSa	False
13140	viMSa	Eka-	ekaviMSa	True
13140	viMSa	Dvā-	dvAviMSa	True
13140	viMSa	Trayo-viṃśa	trayo-viMSa	False
13140	viMSa	Catur-	caturviMSa	True
13140	viMSa	Pañcaviṃśa	paYcaviMSa	True
13140	viMSa	Ṣaḍviṃśa	zaqviMSa	True
13140	viMSa	Triṃśadviṃśa	triMSadviMSa	True
13141	viMSaka	Eka-	ekaviMSaka	True
13143	viMSati	Eka-	ekaviMSati	True
13143	viMSati	Dvā-	dvAviMSati	True
13143	viMSati	Trayo-viṃśati	trayo-viMSati	False
13143	viMSati	Catur-	caturviMSati	True
13143	viMSati	Aṣṭāviṃśati	azwAviMSati	True
13144	viMSatitama	Eka-	ekaviMSatitama	True
13144	viMSatitama	Dvā-	dvAviMSatitama	True
13151	vikatTana	A-	avikatTana	True
13151	vikatTana	Dus-	dusvikatTana	False
13162	vikala	A-	avikala	True
13163	vikalpa	A-vikalpa	a-vikalpa	False
13163	vikalpa	Daṇḍa-	daRqavikalpa	True
13163	vikalpa	Nis-	nisvikalpa	False
13163	vikalpa	Sa-	savikalpa	True
13168	vikAra	Citta-	cittavikAra	True
13168	vikAra	Nis-	nisvikAra	False
13168	vikAra	Romavikāra	romavikAra	True
13171	vikArin	A-	avikArin	True
13175	vikASa	Sa-	savikASa	True
13186	vikrama	A-	avikrama	True
13186	vikrama	Caṇḍa-	caRqavikrama	True
13186	vikrama	Tulya-	tulyavikrama	True
13186	vikrama	Tri-	trivikrama	True
13186	vikrama	Satya-	satyavikrama	True
13189	vikraya	Ātmavikraya	Atmavikraya	True
13189	vikraya	Kraya-	krayavikraya	True
13191	vikrayin	Apatya-	apatyavikrayin	True
13191	vikrayin	Kratu-	kratuvikrayin	True
13191	vikrayin	Māṃsa-	mAMsavikrayin	True
13194	vikriyA	Bhūta-	BUtavikriyA	True
13194	vikriyA	Sa-romavikriya	sa-romavikriya	False
13196	viklava	A-	aviklava	True
13199	vikzepa	Citta-	cittavikzepa	True
13199	vikzepa	Dṛṣṭi-	dfzwivikzepa	True
13204	vigama	Divasa-	divasavigama	True
13207	vigAha	Dus-	dusvigAha	False
13209	vigraha	Ā-vṛta-	A-vftavigraha	False
13209	vigraha	Sa-	savigraha	True
13215	viGAta	Danta-	dantaviGAta	True
13218	viGna	A-	aviGna	True
13218	viGna	Apa-vighna + m	apa-viGna + m	False
13218	viGna	Kṣaṇa-	kzaRaviGna	True
13223	vicakzaRa	Kārya-	kAryavicakzaRa	False
13223	vicakzaRa	Saṃdhi-	saMDivicakzaRa	True
13223	vicakzaRa	Su-	suvicakzaRa	True
13229	vicAra	A-vicāra + m	a-vicAra + m	False
13229	vicAra	Nis-	nisvicAra	False
13229	vicAra	Su-	suvicAra	True
13229	vicAra	Svapna-	svapnavicAra	True
13231	vicArin	Svapna-	svapnavicArin	True
13233	vicikitsA	Nis-vicikitsa + m	nis-vicikitsa + m	False
13236	vicezwA	Dus-	dusvicezwA	False
13236	vicezwA	Nis-	nisvicezwA	False
13243	vicyuti	Garbha-	garBavicyuti	True
13243	vicyuti	Saṅga-	saNgavicyuti	True
13246	vij	An-	anvij	False
13250	vijaya	Digvijaya	digvijaya	True
13252	vijayin	Samara-	samaravijayin	True
13262	vijYAna	A-	avijYAna	True
13262	vijYAna	Su-	suvijYAna	True
13268	viwapa	Namra-	namraviwapa	False
13279	viqAla	Vana-	vanaviqAla	True
13290	vitarka	Dus-	dusvitarka	False
13290	vitarka	Sa-vitarka + m	sa-vitarka + m	False
13305	viTura	A-	aviTura	True
13306	vid	A-	avid	True
13306	vid	Veda-	vedavid	True
13306	vid	Śastra-	Sastravid	False
13306	vid	Vidyamāna	vidyamAna	True
13306	vid	A-	avid	True
13307	vid	Citrakarmavid	citrakarmavid	True
13307	vid	Jyotirvid	jyotirvid	True
13307	vid	Tad-	tadvid	True
13307	vid	Dharma-	Darmavid	True
13307	vid	Sarva-dharma-	sarva-Darmavid	False
13307	vid	Veda-	vedavid	True
13327	vidyA	A-	avidyA	True
13327	vidyA	Ātmavidyā	AtmavidyA	True
13327	vidyA	Adhyātma-	aDyAtmavidyA	True
13327	vidyA	Kṛta-	kftavidyA	False
13327	vidyA	Tarka-	tarkavidyA	True
13327	vidyA	Dus-	dusvidyA	False
13327	vidyA	Dhanus-	DanusvidyA	False
13327	vidyA	Nakṣatra-	nakzatravidyA	True
13327	vidyA	Nis-	nisvidyA	False
13327	vidyA	Nīti-	nItividyA	True
13327	vidyA	Sa-	savidyA	False
13327	vidyA	Sadvidyā	sadvidyA	True
13327	vidyA	Sam-pūrṇa-	sam-pUrRavidyA	False
13349	viDavA	A-	aviDavA	True
13350	viDA	An-eka-vidha	an-eka-viDa	False
13350	viDA	Aṣṭa-vidha	azwa-viDa	False
13350	viDA	Asmad-	asmadviDA	False
13350	viDA	Evam-	evamviDA	False
13350	viDA	Kati-	kativiDA	False
13350	viDA	Guṇa-	guRaviDA	False
13350	viDA	Catur-	caturviDA	False
13350	viDA	Tathā-	taTAviDA	False
13350	viDA	Tad-	tadviDA	False
13350	viDA	Tādṛgvidha	tAdfgviDa	True
13350	viDA	Tri-	triviDA	True
13350	viDA	Tvad-	tvadviDA	True
13350	viDA	Daśa-vidha	daSa-viDa	False
13350	viDA	Dus-	dusviDA	False
13350	viDA	Dri-	driviDA	False
13350	viDA	Navavidha	navaviDa	True
13350	viDA	Nānā-	nAnAviDA	False
13350	viDA	Pṛthagv˚	pfTagv˚	False
13350	viDA	Bahu-	bahuviDA	False
13350	viDA	Mad-	madviDA	False
13350	viDA	Yathā-	yaTAviDA	False
13350	viDA	Vi-	viviDA	True
13350	viDA	Ṣaḍvidha-	zaqviDaviDA	False
13350	viDA	Sa-	saviDA	True
13350	viDA	Saptavidha	saptaviDa	True
13350	viDA	Su-	suviDA	False
13351	viDAtf	Anāgata-	anAgataviDAtf	True
13352	viDAna	Tathā-	taTAviDAna	True
13352	viDAna	Puṃvat-	puMvatviDAna	False
13353	viDAyin	Bhaya-	BayaviDAyin	True
13354	viDi	A-	aviDi	True
13354	viDi	Karmavidhi	karmaviDi	True
13354	viDi	Kriyā-	kriyAviDi	True
13354	viDi	Chadma-vidhi	Cadma-viDi	False
13354	viDi	Dus-	dusviDi	False
13354	viDi	Paribhava-	pariBavaviDi	True
13354	viDi	Prasādhana-	prasADanaviDi	True
13354	viDi	Prāyaścitta-	prAyaScittaviDi	True
13354	viDi	Bhavadvidhi	BavadviDi	True
13354	viDi	Bheda-	BedaviDi	True
13354	viDi	Maṅgala-	maNgalaviDi	True
13354	viDi	Yathā-	yaTAviDi	True
13354	viDi	Viśeṣa-	viSezaviDi	True
13354	viDi	Śṛṅgāra-	SfNgAraviDi	True
13357	viDitsA	Nir-vidhitsa	nir-viDitsa	False
13371	viDvaMsin	A-	aviDvaMsin	False
13374	vinaya	A-	avinaya	True
13374	vinaya	Dus-	dusvinaya	False
13374	vinaya	Sa-	savinaya	True
13376	vinayavant	A-	avinayavant	True
13381	vinASa	A-	avinASa	True
13384	vinASin	A-	avinASin	True
13397	viniScaya	Pāpa-	pApaviniScaya	True
13397	viniScaya	Sva-dharma-artha-	sva-Darma-arTaviniScaya	False
13400	vinoda	Nis-	nisvinoda	False
13400	vinoda	Vilapana-	vilapanavinoda	True
13403	vindu	Suvarṇa-	suvarRavindu	True
13403	vindu	Hiraṇya-	hiraRyavindu	False
13404	vinDya	Nis-	nisvinDya	False
13406	vinyAsa	Akṣara-	akzaravinyAsa	True
13419	viparyaya	Karmaviparyaya	karmaviparyaya	True
13419	viparyaya	Bhāgya-	BAgyaviparyaya	True
13422	vipAka	Karmavipāka	karmavipAka	True
13422	vipAka	Daśā-	daSAvipAka	True
13422	vipAka	Dus-	dusvipAka	False
13422	vipAka	Daiva-dus-	dEva-dusvipAka	False
13428	vipina	Ati-	ativipina	True
13429	vipula	Su-	suvipula	True
13451	viplava	Prāṇa-	prARaviplava	False
13458	viBaNga	Āśā-	ASAviBaNga	False
13459	viBava	Galita-	galitaviBava	False
13463	viBAga	Digvi˚	digvi˚	False
13473	viBIzaRa	Su-	suviBIzaRa	True
13485	viBrama	Citta-	cittaviBrama	True
13485	viBrama	Dṛṣṭi-	dfzwiviBrama	True
13485	viBrama	Sa-	saviBrama	True
13495	vimarSa	Nis-	nisvimarSa	False
13495	vimarSa	Sa-vimarśa + m	sa-vimarSa + m	False
13516	viyoga	A-	aviyoga	True
13516	viyoga	Sadviyoga	sadviyoga	True
13524	virala	A-	avirala	True
13524	virala	Pra-	pravirala	True
13526	viraha	Prathama-	praTamaviraha	True
13541	virudDatA	A-	avirudDatA	False
13547	viroDa	Vacana-	vacanaviroDa	True
13547	viroDa	Smṛti-	smftiviroDa	True
13548	viroDana	A-	aviroDana	True
13549	viroDin	Deśa-kāla-	deSa-kAlaviroDin	False
13552	vila	Ud-	udvila	True
13552	vila	Mahā-	mahAvila	True
13552	vila	Sthālī-	sTAlIvila	True
13558	vilamba	A-	avilamba	True
13562	vilaya	Su-	suvilaya	True
13566	vilAsa	Bhrū-	BrUvilAsa	True
13566	vilAsa	Sa-	savilAsa	True
13569	vilAsin	Vāra-	vAravilAsin	False
13569	vilAsin	Sura-	suravilAsin	False
13585	vilva	Cira-	ciravilva	True
13587	vivaDa	Udaka-	udakavivaDa	False
13589	vivara	Karṇa-	karRavivara	True
13589	vivara	Nāsā-	nAsAvivara	True
13593	vivartin	A-	avivartin	False
13593	vivartin	Pārśva-	pArSvavivartin	True
13597	vivAda	A-	avivAda	True
13597	vivAda	Nis-	nisvivAda	False
13597	vivAda	Śānta-	SAntavivAda	True
13597	vivAda	Sīmā-	sImAvivAda	True
13610	viveka	A-	aviveka	True
13613	vivekin	A-	avivekin	True
13618	viS	Svar-veśyā	svar-veSyA	False
13621	viSaNka	A-	aviSaNka	True
13621	viSaNka	Nis-	nisviSaNka	False
13636	viSiKa	Kaṭākṣa-	kawAkzaviSiKa	True
13640	viSeza	A-viśeṣa + m	a-viSeza + m	False
13640	viSeza	Tapoviśeṣa	tapoviSeza	True
13640	viSeza	Daśā-	daSAviSeza	True
13640	viSeza	Nis-	nisviSeza	False
13640	viSeza	Prasādhana-	prasADanaviSeza	True
13640	viSeza	Rasa-	rasaviSeza	True
13640	viSeza	Sa-	saviSeza	True
13641	viSezaka	Patra-	patraviSezaka	True
13641	viSezaka	Vi-pra-naṣṭa-	vi-pra-nazwaviSezaka	False
13641	viSezaka	Sa-	saviSezaka	True
13642	viSezajYa	A-	aviSezajYa	True
13643	viSezaRa	Nis-	nisviSezaRa	False
13643	viSezaRa	Sa-	saviSezaRa	True
13646	viSezatas	Sa-	saviSezatas	True
13652	viSozaRa	Tālu-	tAluviSozaRa	True
13666	viSrAva	Loka-viśruti	loka-viSruti	False
13668	viSleza	Citta-	cittaviSleza	True
13689	viSvAsa	A-	aviSvAsa	True
13691	viSvAsin	A-	aviSvAsin	True
13697	viz	Karṇa-	karRaviz	True
13698	viza	Karṇa-	karRaviza	True
13698	viza	Dūṣī-	dUzIviza	True
13698	viza	Dṛṣṭi-	dfzwiviza	True
13698	viza	Nis-	nisviza	False
13698	viza	Netra-	netraviza	True
13698	viza	Mahā-	mahAviza	True
13698	viza	Lālā-	lAlAviza	True
13699	vizaNga	Nis-	nisvizaNga	False
13705	vizama	Vākya-vajra-	vAkya-vajravizama	False
13709	vizaya	A-	avizaya	True
13709	vizaya	An-anya-	an-anyavizaya	False
13709	vizaya	Avakāśa-	avakASavizaya	False
13709	vizaya	Cakṣurviṣaya	cakzurvizaya	True
13709	vizaya	A-cakṣus-	a-cakzusvizaya	False
13709	vizaya	Guṇa-samudaya-avāpti-	guRa-samudaya-avAptivizaya	False
13709	vizaya	Nis-	nisvizaya	False
13709	vizaya	Nīti-	nItivizaya	True
13709	vizaya	Palāyana-	palAyanavizaya	True
13709	vizaya	Mitra-	mitravizaya	True
13709	vizaya	Yuvati-	yuvativizaya	False
13709	vizaya	Śruti-	Srutivizaya	True
13709	vizaya	Sva-	svavizaya	True
13714	vizARa	Nis-	nisvizARa	False
13714	vizARa	Śaśa-	SaSavizARa	True
13716	vizAda	A-	avizAda	True
13716	vizAda	Sa-viṣāda + m	sa-vizAda + m	False
13725	vizkira	Nakha-	naKavizkira	True
13725	vizkira	Smera-	smeravizkira	True
13726	vizwapa	Tri-	trivizwapa	True
13730	vizwA	Go-viṣṭhā	go-vizWA	False
13730	vizwA	Mukha-viṣṭhā	muKa-vizWA	False
13747	visaMvAdin	A-	avisaMvAdin	True
13754	visarpin	Manda-	mandavisarpin	True
13766	vistara	Ati-	ativistara	True
13766	vistara	Sa-	savistara	True
13766	vistara	Su-vistara + m	su-vistara + m	False
13770	vistAra	Ati-	ativistAra	True
13774	vispazwa	A-	avispazwa	True
13779	vismaya	Sa-vismaya	sa-vismaya	False
13793	vihaMga	Nis-	nisvihaMga	False
13796	vihati	Praṇaya-	praRayavihati	True
13804	vihAra	Jayendra-	jayendravihAra	True
13804	vihAra	Nis-	nisvihAra	False
13804	vihAra	Hiṃsā-	hiMsAvihAra	True
13815	vihvala	A-	avihvala	True
13815	vihvala	Pari-	parivihvala	True
13825	vIci	A-	avIci	True
13825	vIci	Mahā-	mahAvIci	True
13827	vIja	A-	avIja	True
13827	vIja	Agni-	agnivIja	True
13827	vIja	Upta-	uptavIja	False
13827	vIja	Uśīra-	uSIravIja	True
13827	vIja	Nīti-	nItivIja	False
13827	vIja	Maṇi-	maRivIja	True
13827	vIja	Mantra-	mantravIja	True
13827	vIja	Raṅga-	raNgavIja	True
13827	vIja	Sva-	svavIja	True
13827	vIja	Hara-	haravIja	True
13827	vIja	Hari-	harivIja	True
13833	vIjya	Mahā-	mahAvIjya	True
13835	vIRA	Danta-	dantavIRA	True
13835	vIRA	Sūtra-	sUtravIRA	True
13840	vITi	Aja-vīthī	aja-vITI	False
13840	vITi	Ghana-vīthi-vīthi	Gana-vITi-vITi	False
13840	vITi	Nakṣatra-vīthī	nakzatra-vITI	False
13840	vITi	Nabhovīthī	naBovITI	True
13840	vITi	Nāga-vīthī	nAga-vITI	False
13840	vITi	Sura-vīthī	sura-vITI	False
13848	vIra	A-	avIra	True
13848	vIra	Eka-	ekavIra	True
13848	vIra	Mahā-	mahAvIra	True
13848	vIra	Su-	suvIra	True
13858	vIruD	Nis-	nisvIruD	False
13861	vIrya	A-mogha-	a-moGavIrya	False
13861	vIrya	Nis-	nisvIrya	False
13861	vIrya	Mahā-	mahAvIrya	True
13861	vIrya	Vi-citra-	vi-citravIrya	False
13861	vIrya	Sama-	samavIrya	True
13861	vIrya	Su-	suvIrya	True
13867	vf	Ūrdhva-	UrDvavf	False
13867	vf	Svayam-	svayamvf	False
13872	vfka	A-	avfka	True
13872	vfka	Śālā-	SAlAvfka	True
13876	vfkza	Asi-patra-	asi-patravfkza	False
13876	vfkza	Kalpa-	kalpavfkza	True
13876	vfkza	Kṣīra-	kzIravfkza	True
13876	vfkza	Caitya-	cEtyavfkza	True
13876	vfkza	Dīpa-	dIpavfkza	True
13876	vfkza	Nis-	nisvfkza	False
13877	vfkzaka	A-	avfkzaka	True
13886	vft	Ārya-	Aryavft	False
13886	vft	Iti-	itivft	False
13886	vft	Kalyāṇa-	kalyARavft	False
13886	vft	Kāma-	kAmavft	False
13886	vft	Kim-	kimvft	False
13886	vft	Guru-	guruvft	False
13886	vft	Chandov˚	Candov˚	False
13886	vft	Tejov˚	tejov˚	False
13886	vft	Dus-	dusvft	False
13886	vft	A-dus-	a-dusvft	False
13886	vft	Ati-dus-	ati-dusvft	False
13886	vft	Purā-	purAvft	False
13886	vft	Pūrva-	pUrvavft	False
13886	vft	Maṅgalādeśa-	maNgalAdeSavft	False
13886	vft	Yathā-vṛtta + m	yaTA-vftta + m	False
13886	vft	Veda-	vedavft	False
13886	vft	Sadv˚	sadv˚	False
13886	vft	Sādhu-	sADuvft	False
13886	vft	Su-	suvft	True
13886	vft	Sva-	svavft	False
13893	vfttAnta	Sadvṛ˚	sadvf˚	False
13894	vftti	A-	avftti	True
13894	vftti	Anyathā-	anyaTAvftti	True
13894	vftti	A-vyāpya-	a-vyApyavftti	False
13894	vftti	Uñcha-	uYCavftti	True
13894	vftti	Evam-	evamvftti	False
13894	vftti	Garva-	garvavftti	False
13894	vftti	Citta-	cittavftti	True
13894	vftti	Jyeṣṭha-	jyezWavftti	True
13894	vftti	A-jyeṣṭha-	a-jyezWavftti	False
13894	vftti	Tad-vṛtti	tad-vftti	False
13894	vftti	Tamas-	tamasvftti	False
13894	vftti	Dus-	dusvftti	False
13894	vftti	Dyūta-	dyUtavftti	True
13894	vftti	Dhairya-	DEryavftti	True
13894	vftti	Pataṅga-	pataNgavftti	False
13894	vftti	Para-adhīna-	para-aDInavftti	False
13894	vftti	Parokṣa-	parokzavftti	True
13894	vftti	Pratikūla-	pratikUlavftti	True
13894	vftti	Bhāgya-	BAgyavftti	True
13894	vftti	Vaka-	vakavftti	True
13894	vftti	Vāgurā-	vAgurAvftti	True
13894	vftti	Vaiśya-	vESyavftti	True
13894	vftti	Śīla-	SIlavftti	True
13894	vftti	Śvavṛtti	Svavftti	True
13894	vftti	Sama-	samavftti	True
13894	vftti	Sādhu-	sADuvftti	True
13894	vftti	Sva-	svavftti	True
13895	vfttitA	An-āyatta-vṛttitā	an-Ayatta-vfttitA	False
13902	vfdDa	Kula-	kulavfdDa	True
13902	vfdDa	Vayas-	vayasvfdDa	False
13902	vfdDa	Vidyā-vayas-	vidyA-vayasvfdDa	False
13902	vfdDa	Sa-bāla-	sa-bAlavfdDa	False
13904	vfdDi	Kāla-	kAlavfdDi	True
13904	vfdDi	Kusīda-	kusIdavfdDi	True
13904	vfdDi	Cakra-	cakravfdDi	True
13906	vfD	Tapov˚	tapov˚	False
13908	vfnta	Tāla-	tAlavfnta	True
13908	vfnta	Dīrgha-	dIrGavfnta	True
13908	vfnta	Stana-	stanavfnta	True
13910	vfnda	Eka-	ekavfnda	True
13916	vfScika	Patra-	patravfScika	False
13918	vfza	Kṣmā-	kzmAvfza	True
13918	vfza	Go-	govfza	True
13918	vfza	Nis-	nisvfza	False
13921	vfzaRa	Tikṣṇa-	tikzRavfzaRa	False
13924	vfzaBa	Go-	govfzaBa	True
13924	vfzaBa	Nara-vara-	nara-varavfzaBa	False
13930	vfzwi	A-	avfzwi	True
13930	vfzwi	Prājya-	prAjyavfzwi	True
13930	vfzwi	Śilā-	SilAvfzwi	True
13940	vega	Caṇḍa-	caRqavega	True
13940	vega	Nis-	nisvega	False
13940	vega	Mahā-	mahAvega	True
13940	vega	Viṣa-	vizavega	True
13940	vega	Sa-vega + m	sa-vega + m	False
13948	veRa	Kṛṣṇa-	kfzRaveRa	False
13949	veRi	Eka-venī̆	eka-venĬ	False
13949	veRi	Puṣpa-veṇī	puzpa-veRI	False
13949	veRi	Pra-veṇī̆	pra-veRĬ	False
13950	veRu	Tri-	triveRu	True
13953	vetana	Ubhaya-	uBayavetana	True
13953	vetana	Kṛta-	kftavetana	True
13953	vetana	Nis-	nisvetana	False
13964	veda	A-	aveda	True
13964	veda	Āyurveda	Ayurveda	True
13964	veda	Kṣatra-	kzatraveda	True
13964	veda	Gandharva-	ganDarvaveda	True
13964	veda	Catur-	caturveda	True
13964	veda	Tri-	triveda	True
13964	veda	Dus-	dusveda	False
13964	veda	Dhanurveda	Danurveda	True
13964	veda	Pari-	pariveda	True
13965	vedana	Prasava-	prasavavedana	False
13967	vedas	Viśva-	viSvavedas	True
13967	vedas	Sarva-	sarvavedas	True
13973	vedi	Uttara-vedi	uttara-vedi	False
13973	vedi	Ud-vedi	ud-vedi	False
13973	vedi	Vahis-vedi	vahis-vedi	False
13976	vedin	Kanyā-	kanyAvedin	True
13976	vedin	Karuṇa-	karuRavedin	True
13976	vedin	Gambhīra-	gamBIravedin	True
13976	vedin	Nīti-	nItivedin	True
13976	vedin	Puruṣa-antara-	puruza-antaravedin	False
13980	veDana	Dṛḍha-	dfQaveDana	True
13982	veDin	Koṭi-	kowiveDin	True
13982	veDin	Śabda-	SabdaveDin	True
13982	veDin	Śīghra-	SIGraveDin	True
13986	vepaTu	Ati-	ativepaTu	True
13988	vepaTumant	Ati-	ativepaTumant	True
13991	vema	Su-vema	su-vema	False
13995	vela	Ati-vela + m	ati-vela + m	False
13995	vela	Anu-vela + m	anu-vela + m	False
13995	vela	Ud-vela	ud-vela	False
13995	vela	Toya-velā	toya-velA	False
13995	vela	Mahā-vela	mahA-vela	False
13999	veSa	Agni-	agniveSa	True
13999	veSa	Abhisaraṇa-	aBisaraRaveSa	False
13999	veSa	Ārya-	AryaveSa	True
13999	veSa	Kapaṭa-yuvati-	kapawa-yuvativeSa	False
13999	veSa	Kṛta-	kftaveSa	True
13999	veSa	Puṃveśa	puMveSa	True
13999	veSa	Śṛṅgāra-	SfNgAraveSa	True
13999	veSa	Sa-	saveSa	True
14002	veSin	Sarva-	sarvaveSin	True
14003	veSman	Krīḍā-	krIqAveSman	True
14003	veSman	Jatu-	jatuveSman	True
14003	veSman	Pāyu-kṣālana-	pAyu-kzAlanaveSman	False
14003	veSman	Bandhana-	banDanaveSman	True
14003	veSman	Vāsa-	vAsaveSman	True
14003	veSman	Śmaśāna-	SmaSAnaveSman	True
14007	vezwa	Karṇa-	karRavezwa	True
14007	vezwa	Danta-	dantavezwa	True
14007	vezwa	Patra-	patravezwa	True
14008	vezwaka	Danta-	dantavezwaka	True
14009	vezwana	Ud-	udvezwana	True
14029	vEklavya	Sa-vaiklavya + m	sa-vEklavya + m	False
14032	vEcakzaRya	Ati-	ativEcakzaRya	True
14046	vEtaMsika	Dyūta-	dyUtavEtaMsika	True
14055	vEdarBa	Danta-	dantavEdarBa	True
14064	vEdya	Viṣa-	vizavEdya	True
14064	vEdya	Svar-	svarvEdya	True
14072	vEDavya	A-	avEDavya	True
14072	vEDavya	Bāla-	bAlavEDavya	True
14096	vEyAkaraRa	Prathama-	praTamavEyAkaraRa	True
14100	vEra	Nis-	nisvEra	False
14104	vErAgya	Sa-vairāgya + m	sa-vErAgya + m	False
14109	vErin	Dṛḍha-	dfQavErin	True
14109	vErin	Pūrva-	pUrvavErin	True
14114	vElakzya	Sa-	savElakzya	True
14134	vEzamya	Ati-	ativEzamya	True
14144	voQf	Dhūrvoḍhṛ	DUrvoQf	True
14151	vyakti	A-sakala-	a-sakalavyakti	False
14152	vyagra	A-	avyagra	True
14155	vyaNga	A-	avyaNga	True
14161	vyajana	Bāla-	bAlavyajana	True
14163	vyaYjana	A-	avyaYjana	True
14163	vyaYjana	A-jāta-	a-jAtavyaYjana	False
14163	vyaYjana	Nis-	nisvyaYjana	False
14164	vyatikara	Dṛṣṭa-	dfzwavyatikara	True
14164	vyatikara	Vārtā-	vArtAvyatikara	False
14177	vyaTA	A-vyatha	a-vyaTa	False
14177	vyaTA	Guru-	guruvyaTA	False
14177	vyaTA	Nirvyatha	nirvyaTa	True
14177	vyaTA	Sa-	savyaTA	False
14178	vyaD	Su-	suvyaD	False
14178	vyaD	An-	anvyaD	False
14189	vyapekzA	Nirvyapekṣa	nirvyapekza	True
14189	vyapekzA	Sa-	savyapekzA	True
14190	vyaBicAra	Sa-	savyaBicAra	True
14193	vyaBicAritva	Svatva-	svatvavyaBicAritva	True
14194	vyaBicArin	A-	avyaBicArin	True
14197	vyaya	A-	avyaya	True
14197	vyaya	Ati-	ativyaya	True
14197	vyaya	Bhojana-	Bojanavyaya	True
14197	vyaya	Su-alpa-	su-alpavyaya	False
14201	vyalIka	Nis-	nisvyalIka	False
14209	vyavasAyin	A-	avyavasAyin	True
14210	vyavasTA	A-vyavastha	a-vyavasTa	False
14215	vyavahAra	Yathā-vyavahāra + m	yaTA-vyavahAra + m	False
14224	vyasana	Āyudha-	AyuDavyasana	False
14224	vyasana	Nau-	nOvyasana	True
14224	vyasana	Bala-	balavyasana	True
14224	vyasana	Mūla-	mUlavyasana	True
14226	vyasanin	A-	avyasanin	True
14226	vyasanin	Mānotsehaparākrama-	mAnotsehaparAkramavyasanin	False
14226	vyasanin	Sūta-	sUtavyasanin	True
14228	vyAkaraRa	Garbha-	garBavyAkaraRa	True
14228	vyAkaraRa	Garbhiṇī-	garBiRIvyAkaraRa	True
14230	vyAkulatA	Nirvyākulatā	nirvyAkulatA	True
14240	vyAGra	Nis-	nisvyAGra	False
14241	vyAja	Nis-	nisvyAja	False
14241	vyAja	Sa-vyāja	sa-vyAja	False
14247	vyADa	Dharma-	DarmavyADa	True
14247	vyADa	Mṛga-	mfgavyADa	True
14250	vyADi	Nis-	nisvyADi	False
14257	vyApad	Viraha-	virahavyApad	True
14261	vyApAra	A-	avyApAra	True
14261	vyApAra	Kim-	kimvyApAra	False
14261	vyApAra	Dṛgvyāpāra	dfgvyApAra	False
14261	vyApAra	Nis-	nisvyApAra	False
14261	vyApAra	Vāgvy˚	vAgvy˚	False
14290	vyucCettf	A-	avyucCettf	True
14304	vyUha	Garbha-	garBavyUha	True
14304	vyUha	Cakra-	cakravyUha	True
14304	vyUha	Daṇḍa-	daRqavyUha	True
14304	vyUha	Maṇḍala-	maRqalavyUha	False
14306	vye	Yajña-	yajYavye	False
14306	vye	Su-	suvye	False
14310	vraj	Dus-	dusvraj	False
14311	vraja	Go-	govraja	True
14311	vraja	Netra-	netravraja	False
14316	vraRa	A-	avraRa	True
14316	vraRa	A-kṛta-	a-kftavraRa	False
14316	vraRa	Nis-	nisvraRa	False
14316	vraRa	Vi-stārita-bahu-	vi-stArita-bahuvraRa	False
14318	vrata	A-	avrata	True
14318	vrata	Arka-	arkavrata	True
14318	vrata	Asi-dhārā-	asi-DArAvrata	False
14318	vrata	Ārya-	Aryavrata	True
14318	vrata	Indu-	induvrata	True
14318	vrata	Indra-	indravrata	True
14318	vrata	Go-	govrata	True
14318	vrata	Gaurī-	gOrIvrata	True
14318	vrata	Daṇḍa-	daRqavrata	False
14318	vrata	Dṛḍha-	dfQavrata	True
14318	vrata	Deva-	devavrata	True
14318	vrata	Dhṛta-	Dftavrata	True
14318	vrata	Niyama-	niyamavrata	False
14318	vrata	Nis-	nisvrata	False
14318	vrata	Pati-	pativrata	True
14318	vrata	Payovrata	payovrata	True
14318	vrata	Brahmavrata	brahmavrata	True
14318	vrata	Madhu-	maDuvrata	True
14318	vrata	Mahā-	mahAvrata	True
14318	vrata	Māruta-	mArutavrata	True
14318	vrata	Mauna-	mOnavrata	True
14318	vrata	Yata-	yatavrata	True
14318	vrata	Yama-	yamavrata	True
14318	vrata	Rahasya-	rahasyavrata	True
14318	vrata	Vipula-	vipulavrata	True
14318	vrata	Sam-śita-	sam-Sitavrata	False
14318	vrata	Satya-	satyavrata	True
14318	vrata	Su-	suvrata	True
14318	vrata	Stuti-	stutivrata	True
14322	vratin	Go-	govratin	True
14322	vratin	Deva-	devavratin	True
14322	vratin	Mahā-	mahAvratin	True
14322	vratin	Vaka-	vakavratin	True
14327	vrAta	Vṛṣavrāta	vfzavrAta	True
14332	vrIqa	Sa-	savrIqa	True
14344	SaMs	A-śasta	a-Sasta	False
14349	Sak	A-	aSak	False
14352	Sakawa	Rohiṇī-	rohiRISakawa	True
14354	SakawikA	Mṛcchakatikā	mfcCakatikA	False
14359	Sakuna	A-	aSakuna	True
14363	SakuntalA	Abhijñāna-	aBijYAnaSakuntalA	True
14368	Sakti	A-	aSakti	True
14368	Sakti	Ananta-, Amara-, Ugra-, Deva-	ananta-, amara-, ugra-, devaSakti	False
14368	Sakti	Ātmaśakti	AtmaSakti	True
14368	Sakti	Yathā-	yaTASakti	True
14368	Sakti	Rati-	ratiSakti	True
14368	Sakti	Śiva-	SivaSakti	True
14373	Saktu	Dadhi-	daDiSaktu	False
14375	Sakra	Ati-	atiSakra	True
14379	SaNk	Nitya-	nityaSaNk	False
14381	SaNkA	A-śaṅka	a-SaNka	False
14381	SaNkA	Nis-śaṅka	nis-SaNka	False
14381	SaNkA	Vita-	vitaSaNkA	False
14381	SaNkA	Sa-	saSaNkA	False
14383	SaNku	Tri-	triSaNku	True
14383	SaNku	Danta-	dantaSaNku	True
14383	SaNku	Loha-	lohaSaNku	True
14386	SaNKa	Mahā-	mahASaNKa	True
14386	SaNKa	Sa-	saSaNKa	True
14386	SaNKa	Saṃdhyā-	saMDyASaNKa	True
14386	SaNKa	Sthūla-	sTUlaSaNKa	False
14386	SaNKa	Hema-	hemaSaNKa	True
14399	SaWa	A-	aSaWa	True
14399	SaWa	Danta-	dantaSaWa	True
14407	Sata	Adhyardha-	aDyarDaSata	True
14407	Sata	Ardha-	arDaSata	True
14407	Sata	Aṣṭaśata	azwaSata	True
14407	Sata	Eka-	ekaSata	True
14407	Sata	Tāvacchata	tAvacCata	True
14407	Sata	Tri-	triSata	True
14407	Sata	Daśaśata	daSaSata	True
14407	Sata	Daśa-raśmi-	daSa-raSmiSata	False
14407	Sata	Dvi-	dviSata	True
14407	Sata	Pañcaśata	paYcaSata	True
14407	Sata	Paraḥśata	paraHSata	True
14411	Satatama	Dvi-	dviSatatama	True
14411	Satatama	Tri-	triSatatama	True
14411	Satatama	Catuḥśatatama	catuHSatatama	True
14411	Satatama	Pañcaśatatama	paYcaSatatama	True
14411	Satatama	Navaśatatama	navaSatatama	True
14411	Satatama	Dvāviṃśati-	dvAviMSatiSatatama	True
14423	Satru	Indra-	indraSatru	True
14423	Satru	Krauñca-	krOYcaSatru	True
14423	Satru	Deva-	devaSatru	True
14423	Satru	Bahu-	bahuSatru	True
14423	Satru	Vibudha-	vibuDaSatru	True
14423	Satru	Vṛtra-	vftraSatru	True
14441	SaPa	Eka-	ekaSaPa	True
14441	SaPa	Dvi-	dviSaPa	True
14441	SaPa	Mukha-	muKaSaPa	True
14445	Sabda	jaya-	jayaSabda	True
14445	Sabda	Tāla-	tAlaSabda	True
14445	Sabda	Niḥśabda	niHSabda	True
14445	Sabda	Sa-śabda	sa-Sabda	False
14445	Sabda	Sādhu-	sADuSabda	True
14456	Sami	Mahā-śamī	mahA-SamI	False
14467	Saya	Guhā-	guhASaya	True
14467	Saya	Divā-	divASaya	True
14467	Saya	Nitya-	nityaSaya	True
14475	SayyA	A-dhaḥśayya	a-DaHSayya	False
14475	SayyA	Garbha-	garBaSayyA	True
14475	SayyA	Pṛthak-	pfTakSayyA	True
14475	SayyA	Bhū-	BUSayyA	True
14475	SayyA	Mahā-	mahASayyA	True
14475	SayyA	Vīra-	vIraSayyA	True
14477	Sara	A-yugma-	a-yugmaSara	False
14477	Sara	Kusuma-	kusumaSara	True
14477	Sara	Pañcaśara	paYcaSara	True
14477	Sara	Puṣpa-	puzpaSara	True
14477	Sara	Sa-	saSara	True
14477	Sara	Hari-	hariSara	True
14480	SaraRa	A-	aSaraRa	True
14480	SaraRa	Aśaraṇī-kṛta	aSaraRI-kfta	False
14480	SaraRa	Agni-	agniSaraRa	True
14483	Sarad	Pariṇata-śarad	pariRata-Sarad	False
14499	SarAva	Śaktu-	SaktuSarAva	False
14503	SarIra	A-	aSarIra	True
14503	SarIra	Liṅga-	liNgaSarIra	True
14503	SarIra	Śeṣa-	SezaSarIra	True
14503	SarIra	Sūkṣma-	sUkzmaSarIra	True
14505	SarIrin	A-	aSarIrin	True
14507	SarkarA	Guḍa-	guqaSarkarA	True
14507	SarkarA	Niḥśarkara	niHSarkara	True
14507	SarkarA	Maṇi-śaṅkha-śarkara	maRi-SaNKa-Sarkara	False
14507	SarkarA	Vṛhat-tuhinaśarkara	vfhat-tuhinaSarkara	False
14527	SalAkA	Ayas-kānta-	ayas-kAntaSalAkA	False
14527	SalAkA	Niḥśalāka	niHSalAka	True
14527	SalAkA	Vaṃśa-	vaMSaSalAkA	True
14529	Salka	Mahā-	mahASalka	True
14529	Salka	Sa-	saSalka	True
14531	Salya	Nis-	nisSalya	False
14531	Salya	Vi-	viSalya	True
14531	Salya	Sa-	saSalya	True
14538	Savara	Smara-	smaraSavara	False
14541	Savas	Satya-	satyaSavas	True
14553	Sastra	Ati-	atiSastra	True
14553	Sastra	Nis-	nisSastra	False
14553	Sastra	Nyasta-	nyastaSastra	True
14553	Sastra	Mahā-	mahASastra	True
14553	Sastra	Vi-	viSastra	True
14560	SAka	Utpala-	utpalaSAka	True
14560	SAka	Kāla-	kAlaSAka	True
14560	SAka	Tikta-	tiktaSAka	True
14560	SAka	Patra-	patraSAka	True
14574	SAKA	Tri-śākha	tri-SAKa	False
14574	SAKA	Skandha-	skanDaSAKA	True
14578	SAwa	Sthūla-śāṭi	sTUla-SAwi	False
14609	SAyin	Ūrdhva-	UrDvaSAyin	True
14609	SAyin	Eka-	ekaSAyin	True
14609	SAyin	Prāsāda-	prAsAdaSAyin	True
14609	SAyin	Yoga-	yogaSAyin	True
14609	SAyin	Sthaṇḍila-	sTaRqilaSAyin	True
14611	SAra	Kṛṣṇa-	kfzRaSAra	True
14628	SAla	Apūpa-	apUpaSAla	False
14628	SAla	Aśva-	aSvaSAla	False
14628	SAla	Aśva-calana-	aSva-calanaSAla	False
14628	SAla	Gāndharva-	gAnDarvaSAla	False
14628	SAla	Catuḥśāla	catuHSAla	True
14628	SAla	Candra-	candraSAla	False
14628	SAla	Citra-	citraSAla	True
14628	SAla	Nartana-	nartanaSAla	False
14628	SAla	Patnī-	patnISAla	True
14628	SAla	Parṇa-	parRaSAla	False
14628	SAla	Pāka-	pAkaSAla	False
14628	SAla	Raṅga-	raNgaSAla	False
14628	SAla	Ratha-	raTaSAla	False
14628	SAla	Śilpa-	SilpaSAla	True
14628	SAla	Sūda-	sUdaSAla	False
14635	SAlin	Abhimāna-	aBimAnaSAlin	True
14635	SAlin	Naya-	nayaSAlin	True
14635	SAlin	Bāhu-	bAhuSAlin	True
14635	SAlin	Vīrya-	vIryaSAlin	True
14640	SAlUka	Kaṇṭha-	kaRWaSAlUka	True
14643	SAlmali	Kūṭa-	kUwaSAlmali	True
14649	SASvata	A-	aSASvata	True
14649	SASvata	Pari-	pariSASvata	True
14651	SAs	A-	aSAs	False
14652	SAsana	Kūṭa-	kUwaSAsana	True
14652	SAsana	Tāmra-	tAmraSAsana	True
14652	SAsana	Dus-	dusSAsana	False
14652	SAsana	Dharma-	DarmaSAsana	True
14652	SAsana	Para-	paraSAsana	True
14652	SAsana	Pura-	puraSAsana	True
14652	SAsana	Bhīma-	BImaSAsana	True
14652	SAsana	Mahā-	mahASAsana	True
14656	SAstra	Calacchāstra	calacCAstra	False
14656	SAstra	Jñāna-	jYAnaSAstra	True
14656	SAstra	Tarka-	tarkaSAstra	True
14656	SAstra	Dharma-	DarmaSAstra	True
14656	SAstra	Naya-	nayaSAstra	True
14656	SAstra	Yathā-śāstra + m	yaTA-SAstra + m	False
14656	SAstra	Śabda-	SabdaSAstra	True
14656	SAstra	Haya-	hayaSAstra	True
14656	SAstra	Hetu-	hetuSAstra	True
14667	SikzA	Upa-	upaSikzA	True
14667	SikzA	Gaja-	gajaSikzA	True
14671	SiKaRqin	Citra-	citraSiKaRqin	True
14671	SiKaRqin	Sa-	saSiKaRqin	True
14672	SiKara	Tri-	triSiKara	True
14674	SiKA	Agni-śikha	agni-SiKa	False
14674	SiKA	Ucchikha	ucCiKa	True
14674	SiKA	Tri-śikha	tri-SiKa	False
14674	SiKA	Dīpa-	dIpaSiKA	True
14674	SiKA	Dīpta-śikha	dIpta-SiKa	False
14674	SiKA	Stana-	stanaSiKA	True
14678	SiKin	Śastra-	SastraSiKin	True
14692	SiTila	A-	aSiTila	True
14698	Sira	Tri-	triSira	True
14700	Siras	A-	aSiras	True
14700	Siras	Abhra-	aBraSiras	True
14700	Siras	Aśva-	aSvaSiras	True
14700	Siras	Uccaiḥśiras	uccEHSiras	True
14700	Siras	Kapāla-	kapAlaSiras	True
14700	Siras	Kūrca-	kUrcaSiras	True
14700	Siras	Tri-	triSiras	True
14700	Siras	Dvi-	dviSiras	True
14700	Siras	Bhuja-	BujaSiras	True
14700	Siras	Mṛga-	mfgaSiras	True
14700	Siras	Śiśu-māra-	SiSu-mAraSiras	False
14707	SiroDarA	Mahā-kāya-śirodhara	mahA-kAya-SiroDara	False
14711	Sila	Gaṇḍa-śilā	gaRqa-SilA	False
14711	Sila	Jāta-rūpa-śila	jAta-rUpa-Sila	False
14711	Sila	Tīrtha-śilā	tIrTa-SilA	False
14711	Sila	Badhya-	baDyaSila	False
14711	Sila	Manaḥśila	manaHSila	True
14711	Sila	Svalpa-śilā	svalpa-SilA	False
14716	Silpa	Kṛta-	kftaSilpa	True
14719	Siva	A-	aSiva	True
14719	Siva	Sadā-	sadASiva	True
14731	Siz	Viṣama-	vizamaSiz	False
14738	SIkara	Kara-	karaSIkara	True
14742	SIta	A-	aSIta	True
14744	SItala	A-	aSItala	True
14744	SItala	Ati-	atiSItala	True
14744	SItala	Su-	suSItala	True
14744	SItala	Hima-	himaSItala	True
14745	SItkAra	Sa-śītkāra + m	sa-SItkAra + m	False
14752	SIrza	Go-	goSIrza	True
14752	SIrza	Tri-	triSIrza	True
14752	SIrza	Daśaśīrṣa	daSaSIrza	True
14752	SIrza	Pañca-	paYcaSIrza	True
14752	SIrza	Pūrva-	pUrvaSIrza	True
14752	SIrza	Mṛga-	mfgaSIrza	True
14753	SIrzaka	Sthūla-śīrṣikā	sTUla-SIrzikA	False
14757	SIla	A-	aSIla	True
14757	SIla	Abhi-vādana-	aBi-vAdanaSIla	False
14757	SIla	Guṇa-	guRaSIla	True
14757	SIla	Dāna-	dAnaSIla	True
14757	SIla	Dus-	dusSIla	False
14757	SIla	Duḥkha-	duHKaSIla	True
14757	SIla	Dharma-	DarmaSIla	True
14757	SIla	Puṇya-	puRyaSIla	True
14757	SIla	Māṃsa-	mAMsaSIla	True
14757	SIla	Mṛgayā-	mfgayASIla	True
14757	SIla	Yajña-	yajYaSIla	True
14757	SIla	Vi-	viSIla	True
14757	SIla	Viṣama-	vizamaSIla	True
14757	SIla	Śānti-	SAntiSIla	True
14757	SIla	Sādhu-	sADuSIla	True
14757	SIla	Su-	suSIla	True
14757	SIla	Snāna-	snAnaSIla	True
14760	SIlavant	Śruti-	SrutiSIlavant	True
14764	Suka	Gṛha-	gfhaSuka	True
14767	Sukti	Mahā-	mahASukti	True
14771	Sukla	Pañcaśukla	paYcaSukla	True
14771	Sukla	Mahā-śuklā	mahA-SuklA	False
14776	Suc	A-	aSuc	True
14779	Suci	A-	aSuci	True
14779	Suci	Upadhā-	upaDASuci	True
14790	SuRqikA	Gala-	galaSuRqikA	True
14794	SudDi	Agni-	agniSudDi	True
14794	SudDi	Dravya-	dravyaSudDi	True
14794	SudDi	Vaira-	vEraSudDi	True
14795	SuD	A-	aSuD	False
14795	SuD	Ati-	atiSuD	False
14806	SuBa	A-	aSuBa	True
14806	SuBa	Śubhāśubha	SuBASuBa	True
14809	SuBra	Mahā-	mahASuBra	True
14814	Sulka	Guṇa-, Dhana-	guRa-, DanaSulka	False
14819	SuSrUzA	Agni-	agniSuSrUzA	True
14819	SuSrUzA	Caraṇa-	caraRaSuSrUzA	True
14819	SuSrUzA	Pari-	pariSuSrUzA	True
14819	SuSrUzA	Pāda-	pAdaSuSrUzA	True
14828	Suzma	An-anta-	an-antaSuzma	False
14831	SUka	Śasya-	SasyaSUka	True
14831	SUka	Śita	Sita	True
14833	SUdra	Mahā-	mahASUdra	True
14839	SUnya	A-	aSUnya	True
14839	SUnya	Anyathā-siddhi-	anyaTA-sidDiSUnya	False
14839	SUnya	Pari-	pariSUnya	True
14839	SUnya	Sarva-	sarvaSUnya	True
14840	SUnyatA	Mātṛ-	mAtfSUnyatA	False
14843	SUra	Piṇḍī-	piRqISUra	True
14843	SUra	Sva-bhāva-	sva-BAvaSUra	False
14851	SUla	A-kāṇḍa-	a-kARqaSUla	False
14851	SUla	Karṇa-	karRaSUla	True
14851	SUla	Kukṣi-	kukziSUla	True
14851	SUla	Tri-	triSUla	True
14851	SUla	Danta-	dantaSUla	True
14854	SUlin	Tri-	triSUlin	True
14859	SfNKala	Uccṛṅkhala	uccfNKala	False
14859	SfNKala	Chinna-	CinnaSfNKala	False
14859	SfNKala	Vi-	viSfNKala	True
14860	SfNga	A-	aSfNga	True
14860	SfNga	Ṛksāmaśṛṅga	fksAmaSfNga	True
14860	SfNga	Eka-	ekaSfNga	True
14860	SfNga	Catuḥśṛ˚	catuHSf˚	False
14860	SfNga	Prabāla-maṇi-	prabAla-maRiSfNga	False
14860	SfNga	Sa-	saSfNga	False
14866	SfNgin	Prabāla-maṇi-	prabAla-maRiSfNgin	False
14871	SeKara	Indu-, Candra-	indu-, candraSeKara	False
14882	Seza	Ālekhya-	AleKyaSeza	True
14882	Seza	Kārya-	kAryaSeza	True
14882	Seza	Jiva-	jivaSeza	False
14882	Seza	Deva-	devaSeza	True
14882	Seza	Nāma-śeṣa	nAma-Seza	False
14882	Seza	Niḥ-śeṣa	niH-Seza	False
14882	Seza	Malamallaka-	malamallakaSeza	True
14882	Seza	Yaśas-	yaSasSeza	False
14882	Seza	Vākya-	vAkyaSeza	True
14882	Seza	Smṛti-	smftiSeza	True
14882	Seza	Hata-	hataSeza	True
14891	SEla	Krīḍā	krIqA	True
14891	SEla	Tārkṣya-	tArkzyaSEla	True
14891	SEla	Tuhina-	tuhinaSEla	True
14891	SEla	Pañcaśaila	paYcaSEla	True
14891	SEla	Badarī-	badarISEla	True
14891	SEla	Mantha-	manTaSEla	True
14891	SEla	Mahā-	mahASEla	True
14892	SElaja	Hima-	himaSElaja	True
14906	So	Su-niśita	su-niSita	False
14907	Soka	A-	aSoka	True
14907	Soka	Tri-	triSoka	True
14907	Soka	Niḥś˚	niHS˚	False
14907	Soka	Vita-	vitaSoka	False
14907	Soka	Sa-	saSoka	True
14907	Soka	Hṛcchoka	hfcCoka	True
14911	Socis	Śukra-	SukraSocis	True
14915	SoRita	Jiva-	jivaSoRita	False
14915	SoRita	Pūya-	pUyaSoRita	True
14920	SoPa	Danta-	dantaSoPa	True
14922	SoBana	Vana-	vanaSoBana	True
14923	SoBin	Smita-	smitaSoBin	True
14924	Soza	Tālu-	tAluSoza	True
14924	Soza	Dus-	dusSoza	False
14924	Soza	Pari-	pariSoza	True
14931	SOca	A-	aSOca	True
14931	SOca	Artha-	arTaSOca	True
14938	SORqa	Dāna-	dAnaSORqa	True
14952	SmaSAna	Pāreśmaśānam	pAreSmaSAnam	True
14953	SmaSru	Rakta-	raktaSmaSru	True
14953	SmaSru	Sa-	saSmaSru	True
14953	SmaSru	Sita-	sitaSmaSru	True
14977	SradDa	A-śraddhā	a-SradDA	False
14977	SradDa	Yathā-śraddha + m	yaTA-SradDa + m	False
14985	Sram	A-śrānta + m	a-SrAnta + m	False
14985	Sram	Ati-	atiSram	False
14986	Srama	A-	aSrama	True
14986	Srama	Ati-	atiSrama	True
14986	Srama	Kṛta-	kftaSrama	True
14986	Srama	Khyāta-vyākaraṇa-	KyAta-vyAkaraRaSrama	False
14986	Srama	Jita-	jitaSrama	True
14986	Srama	Matta-ibha-kumbha-vidalana-kṛta-	matta-iBa-kumBa-vidalana-kftaSrama	False
14986	Srama	Vṛthā-	vfTASrama	True
14986	Srama	Sa-	saSrama	True
14992	Srava	Karṇa-	karRaSrava	True
14992	Srava	Su-dus-	su-dusSrava	False
14993	SravaRa	Ugra-	ugraSravaRa	False
14994	Sravas	Uccaiḥśravas	uccEHSravas	True
14994	Sravas	Cakṣuḥśravas	cakzuHSravas	True
14994	Sravas	Dirgha-	dirGaSravas	False
14994	Sravas	Deva-	devaSravas	True
14994	Sravas	Pṛthu-	pfTuSravas	True
14994	Sravas	Viṣṭara-	vizwaraSravas	True
14994	Sravas	Vṛddha-	vfdDaSravas	True
14994	Sravas	Su-	suSravas	True
14999	SrAdDa	Vṛddhi-	vfdDiSrAdDa	True
15006	SrAvaRa	Satya-	satyaSrAvaRa	True
15008	Sri	An-eka-	an-ekaSri	False
15008	Sri	Para-	paraSri	False
15014	SrI	Apa-	apaSrI	True
15014	SrI	Jaya-	jayaSrI	True
15014	SrI	Mahā-	mahASrI	True
15019	Sru	Ku-	kuSru	False
15019	Sru	Bahu-	bahuSru	False
15023	Sruti	A-	aSruti	True
15023	Sruti	Śhakṣuḥśruti	ShakzuHSruti	False
15023	Sruti	Pūrṇa-	pUrRaSruti	True
15023	Sruti	Yathā-	yaTASruti	True
15029	SreRi	Pada-	padaSreRi	True
15030	SreyaMs	A-	aSreyaMs	True
15034	SrezWa	Kuru-, Bharata-, Bhṛgu-	kuru-, Barata-, BfguSrezWa	False
15034	SrezWa	Muni-	muniSrezWa	False
15034	SrezWa	Varṇa-	varRaSrezWa	True
15041	SroRi	Pṛthu-śronī	pfTu-SronI	False
15041	SroRi	Mahā-kaṭi-taṭa-śroṇī	mahA-kawi-tawa-SroRI	False
15041	SroRi	Su-śroṇī	su-SroRI	False
15045	Srotriya	A-	aSrotriya	True
15045	Srotriya	Mantriśrotriya	mantriSrotriya	True
15053	SlaTa	A-pari-ślatha + m	a-pari-SlaTa + m	False
15056	SlAGA	Sa-ślāgha + m	sa-SlAGa + m	False
15059	Sliz	Su-	suSliz	False
15063	SlIla	A-	aSlIla	True
15072	Sloka	Puṇya-	puRyaSloka	True
15083	Svan	Deva-śunī	deva-SunI	False
15083	Svan	Vana-śvan	vana-Svan	False
15101	Svas	Su-	suSvas	False
15102	Svas	Paraśvas	paraSvas	True
15109	SvAsa	Chinna-	CinnaSvAsa	True
15115	Sveta	Mahā-	mahASveta	True
15119	zawka	Ūrmi-	Urmizawka	False
15126	zaRqa	Kamala-	kamalazaRqa	False
15126	zaRqa	Taru-	taruzaRqa	True
15126	zaRqa	Padma-	padmazaRqa	True
15129	zaz	Dvi-	dvizaz	True
15130	zazwa	Eka-	ekazazwa	True
15130	zazwa	Ekona-	ekonazazwa	False
15130	zazwa	Dvā-	dvAzazwa	True
15130	zazwa	Tri-	trizazwa	True
15130	zazwa	Catuḥṣ˚	catuHz˚	False
15130	zazwa	Pañcaṣ˚	paYcaz˚	False
15131	zazwi	Eka-	ekazazwi	True
15131	zazwi	Dvā-	dvAzazwi	True
15131	zazwi	Catuḥṣ˚	catuHz˚	False
15131	zazwi	Pañcaṣ˚	paYcaz˚	False
15134	zazwitama	Eka-	ekazazwitama	True
15134	zazwitama	Dvā-	dvAzazwitama	True
15134	zazwitama	Tri-	trizazwitama	True
15134	zazwitama	Catuḥṣ˚	catuHz˚	False
15134	zazwitama	Pañcaṣ˚	paYcaz˚	False
15134	zazwitama	Navaṣ˚	navaz˚	False
15135	zazwiDA	Tri-	trizazwiDA	True
15136	zazWa	Mātṛ-	mAtfzazWa	True
15145	zoqaSa	Pari-	parizoqaSa	True
15145	zoqaSa	Vṛṣabha-	vfzaBazoqaSa	True
15152	zWIvana	Kūrca-	kUrcazWIvana	False
15157	saMyama	Vāksaṃyama	vAksaMyama	True
15173	saMroDa	Kāla-	kAlasaMroDa	True
15178	saMvatsara	Pari-	parisaMvatsara	True
15198	saMvid	Na-	nasaMvid	True
15215	saMSaya	A-	asaMSaya	True
15215	saMSaya	Artha-	arTasaMSaya	True
15215	saMSaya	Nis-	nissaMSaya	False
15215	saMSaya	Prāṇa-	prARasaMSaya	True
15215	saMSaya	Vi-saṃśaya + m	vi-saMSaya + m	False
15215	saMSaya	Sa-	sasaMSaya	True
15222	saMSraya	Anyonya-	anyonyasaMSraya	True
15222	saMSraya	Eka-	ekasaMSraya	True
15222	saMSraya	Kaṣṭa-	kazwasaMSraya	True
15222	saMSraya	Bhuja-	BujasaMSraya	True
15223	saMSrava	A-	asaMSrava	True
15225	saMSleza	A-ghaṭita-	a-GawitasaMSleza	False
15235	saMsAra	Ā-	AsaMsAra	True
15245	saMskAra	Agni-	agnisaMskAra	True
15245	saMskAra	Dus-	dussaMskAra	False
15245	saMskAra	Keśa-	keSasaMskAra	False
15245	saMskAra	Pātra-	pAtrasaMskAra	True
15245	saMskAra	Punaḥsaṃskāra	punaHsaMskAra	True
15245	saMskAra	Śarīra-	SarIrasaMskAra	True
15255	saMsTa	Dūra-	dUrasaMsTa	True
15255	saMsTa	Dhara-	DarasaMsTa	True
15255	saMsTa	Phala-	PalasaMsTa	True
15255	saMsTa	Brāhmaṇa-	brAhmaRasaMsTa	True
15255	saMsTa	Sva-	svasaMsTa	False
15260	saMsparSa	Duḥkha-	duHKasaMsparSa	True
15265	saMsrAva	Karṇa-	karRasaMsrAva	True
15268	saMhati	Ari-	arisaMhati	False
15268	saMhati	Bhinna-	BinnasaMhati	True
15268	saMhati	Śastra-	SastrasaMhati	True
15268	saMhati	Hima-	himasaMhati	True
15269	saMhanana	Siṃha-	siMhasaMhanana	True
15274	saMhAra	Sa-	sasaMhAra	True
15278	sakASa	Yūtha-pati-sakāśa + m	yUTa-pati-sakASa + m	False
15279	sakft	A-	asakft	True
15280	sakti	Ati-	atisakti	True
15281	saktimant	Ati-	atisaktimant	True
15300	saMkalpa	Dhṛta-	DftasaMkalpa	True
15300	saMkalpa	Pāpa-	pApasaMkalpa	True
15300	saMkalpa	Śiva-	SivasaMkalpa	True
15300	saMkalpa	Siddha-	sidDasaMkalpa	True
15300	saMkalpa	Hṛṣṭa-	hfzwasaMkalpa	True
15302	saMkasuka	A-	asaMkasuka	True
15312	saMkrama	Sūrya-saṃkrama	sUrya-saMkrama	False
15313	saMkramaRa	Garbha-	garBasaMkramaRa	True
15314	saMkrAnti	Uttarāyaṇa-	uttarAyaRasaMkrAnti	False
15314	saMkrAnti	Sūrya-	sUryasaMkrAnti	True
15322	saMKya	A-	asaMKya	True
15322	saMKya	Kula-	kulasaMKya	False
15322	saMKya	Go-	gosaMKya	True
15322	saMKya	Daśārdha-	daSArDasaMKya	False
15322	saMKya	Śata-saṃkhya	Sata-saMKya	False
15322	saMKya	Sahasra-	sahasrasaMKya	True
15327	saNga	A-	asaNga	True
15327	saNga	Dus-	dussaNga	False
15327	saNga	Nis-	nissaNga	False
15327	saNga	Mukta-	muktasaNga	True
15327	saNga	Yathā-saṅga + m	yaTA-saNga + m	False
15327	saNga	Satsaṅga	satsaNga	True
15329	saMgama	Trad-	tradsaMgama	False
15332	saMgara	Satya-	satyasaMgara	True
15338	saMgraha	Dāra-	dArasaMgraha	True
15338	saMgraha	Dharma-	DarmasaMgraha	True
15338	saMgraha	Madhyama-	maDyamasaMgraha	True
15338	saMgraha	Sāra-	sArasaMgraha	True
15339	saMgrahaRa	Pāṇi-	pARisaMgrahaRa	True
15339	saMgrahaRa	Strī-	strIsaMgrahaRa	True
15344	saMGawwa	A-	asaMGawwa	True
15347	saMGarza	Danta-	dantasaMGarza	True
15349	saMGaSas	Śata-	SatasaMGaSas	True
15353	saMGAtavant	Bhrātṛ-	BrAtfsaMGAtavant	False
15356	saciva	Dhī-	DIsaciva	True
15356	saciva	Narmasaciva	narmasaciva	True
15369	saMcaya	Ati-	atisaMcaya	True
15373	saMcara	Mūrti-	mUrtisaMcara	True
15377	saMcAra	Duḥkha-	duHKasaMcAra	True
15377	saMcAra	Dus-	dussaMcAra	False
15377	saMcAra	Nis-	nissaMcAra	False
15377	saMcAra	Pātra-	pAtrasaMcAra	True
15377	saMcAra	Bhūta-	BUtasaMcAra	True
15380	saMcArin	Bhūta-saṃcāriṇī	BUta-saMcAriRI	False
15381	saYj	A-	asaYj	False
15392	saMjYA	Antaḥsaṃjña	antaHsaMjYa	True
15392	saMjYA	Kṛta-	kftasaMjYA	False
15392	saMjYA	A-kṛta-	a-kftasaMjYA	False
15392	saMjYA	Gata-	gatasaMjYA	False
15392	saMjYA	Jīva-	jIvasaMjYA	False
15392	saMjYA	Nis-	nissaMjYA	False
15392	saMjYA	Vi-	visaMjYA	False
15392	saMjYA	Sūrya-saṃjña	sUrya-saMjYa	False
15392	saMjYA	Soma-	somasaMjYA	False
15394	saMjYita	Kara-	karasaMjYita	False
15396	saMjvara	A-	asaMjvara	True
15411	satkAra	A-	asatkAra	True
15411	satkAra	Atithi-	atiTisatkAra	True
15412	satkriyA	Anta-	antasatkriyA	True
15415	sattra	Dīrgha-	dIrGasattra	True
15415	sattra	Deva-	devasattra	True
15415	sattra	Pañcasattra	paYcasattra	True
15415	sattra	Brahmasattra	brahmasattra	True
15416	sattrin	Dīrgha-	dIrGasattrin	True
15417	sattva	A-	asattva	True
15417	sattva	A-dīna-	a-dInasattva	False
15417	sattva	Āpanna-	Apannasattva	False
15417	sattva	Gata-	gatasattva	True
15417	sattva	Deva-	devasattva	True
15417	sattva	Nis-	nissattva	False
15417	sattva	Bodhi-	boDisattva	True
15417	sattva	Ati-bodhi-sattva	ati-boDi-sattva	False
15417	sattva	Mahā-	mahAsattva	True
15417	sattva	Mūḍha-	mUQasattva	True
15417	sattva	Sa-	sasattva	True
15422	satya	A-	asatya	True
15426	satyatA	Nis-	nissatyatA	False
15435	sad	Mahā-	mahAsad	False
15435	sad	An-āsādita	an-AsAdita	False
15438	sadana	Rājasadana	rAjasadana	True
15446	sadfSa	A-	asadfSa	True
15446	sadfSa	An-anya-	an-anyasadfSa	False
15447	sadman	Deva-	devasadman	True
15447	sadman	Bloga-	blogasadman	False
15447	sadman	Sura-	surasadman	True
15467	saMtati	Kula-	kulasaMtati	True
15474	saMtoza	A-	asaMtoza	True
15476	saMtozavant	A-	asaMtozavant	True
15491	saMdeha	Nis-	nissaMdeha	False
15495	saMDA	Jala-saṃdha	jala-saMDa	False
15495	saMDA	Jarā-saṃdha	jarA-saMDa	False
15495	saMDA	Satya-saṃdha	satya-saMDa	False
15495	saMDA	A-satya-saṃdha	a-satya-saMDa	False
15496	saMDAna	Ati-	atisaMDAna	True
15496	saMDAna	Abhi-	aBisaMDAna	True
15496	saMDAna	Dus-	dussaMDAna	False
15498	saMDi	Kapāla-	kapAlasaMDi	True
15498	saMDi	Dhruva-	DruvasaMDi	True
15498	saMDi	Pada-	padasaMDi	True
15498	saMDi	Parvasaṃdhi	parvasaMDi	True
15498	saMDi	Sam-gata-	sam-gatasaMDi	False
15498	saMDi	Saṃtāna-	saMtAnasaMDi	True
15498	saMDi	Sama-	samasaMDi	True
15498	saMDi	Su-kara-	su-karasaMDi	False
15499	saMDita	A-	asaMDita	True
15499	saMDita	Ati-	atisaMDita	True
15499	saMDita	Sama-	samasaMDita	True
15499	saMDita	Su-	susaMDita	True
15503	saMDyA	Agra-	agrasaMDyA	True
15503	saMDyA	Upa-saṃdhya + m	upa-saMDya + m	False
15503	saMDyA	Tri-saṃdhya	tri-saMDya	False
15503	saMDyA	Sa-saṃdhya	sa-saMDya	False
15509	saMnahana	Sarva-	sarvasaMnahana	True
15511	saMnAha	Vi-	visaMnAha	True
15511	saMnAha	Sarva-	sarvasaMnAha	True
15516	saMniDAna	Kula-saṃnidhi	kula-saMniDi	False
15522	saMniveSa	Bhūmi-	BUmisaMniveSa	True
15522	saMniveSa	Samāja-	samAjasaMniveSa	False
15530	sapatna	A-	asapatna	True
15536	saptaka	Saptasaptaka	saptasaptaka	True
15538	saptati	Eka-	ekasaptati	True
15538	saptati	Drā-	drAsaptati	False
15538	saptati	Pañcas˚	paYcas˚	False
15538	saptati	Saptas˚	saptas˚	False
15538	saptati	Śuka-	Sukasaptati	True
15539	saptatitama	Dvi-	dvisaptatitama	True
15539	saptatitama	Tri-	trisaptatitama	True
15539	saptatitama	Catuḥs˚	catuHs˚	False
15539	saptatitama	Navas˚	navas˚	False
15542	saptaDA	Dvi-	dvisaptaDA	True
15543	saptan	Tri-	trisaptan	True
15543	saptan	Pañcasaptan	paYcasaptan	True
15543	saptan	Saptasaptan	saptasaptan	False
15547	sapti	Saptasapti	saptasapti	True
15547	sapti	Sita-	sitasapti	True
15551	saBA	Rājasabhā	rAjasaBA	True
15551	saBA	Strī-sabha	strI-saBa	False
15551	saBA	Hrasva-sabhā	hrasva-saBA	False
15561	sama	A-	asama	True
15561	sama	Catuḥsama	catuHsama	True
15563	samagra	A-	asamagra	True
15568	samaYjasa	A-	asamaYjasa	True
15582	samaya	Ṛtu-	ftusamaya	True
15582	samaya	Yathā-samaya + m	yaTA-samaya + m	False
15582	samaya	Lagna-	lagnasamaya	True
15586	samarTa	A-	asamarTa	True
15586	samarTa	Ati-	atisamarTa	True
15594	samavAyin	A-	asamavAyin	True
15607	samAgama	Dhūrta-	DUrtasamAgama	True
15609	samAcAra	Mokṣa-kriyā-	mokza-kriyAsamAcAra	False
15609	samAcAra	Vṛthā-kula-	vfTA-kulasamAcAra	False
15609	samAcAra	Sādhu-	sADusamAcAra	True
15610	samAja	Dyūta-	dyUtasamAja	True
15610	samAja	Prekṣā-	prekzAsamAja	True
15626	samAmnAya	Paśu-	paSusamAmnAya	True
15666	samIkza	A-samīkṣa + m	a-samIkza + m	False
15672	samIpatas	Asmad-	asmadsamIpatas	False
15672	samIpatas	Deva-rāja-	deva-rAjasamIpatas	False
15692	samutsuka	Pari-	parisamutsuka	True
15695	samutseDa	Haima-citra-	hEma-citrasamutseDa	False
15706	samudBava	Kula-	kulasamudBava	True
15706	samudBava	Majja-samudbhava	majja-samudBava	False
15706	samudBava	Mad-bandhana-	mad-banDanasamudBava	False
15706	samudBava	Vahni-dāha-	vahni-dAhasamudBava	False
15706	samudBava	Sārtha-bhraṃśa-	sArTa-BraMSasamudBava	False
15708	samudra	Kṣāra-	kzArasamudra	True
15708	samudra	Kṣīra-	kzIrasamudra	True
15708	samudra	Saṃsāra-	saMsArasamudra	True
15721	samUha	Dāyāda-	dAyAdasamUha	False
15721	samUha	Śastra-	SastrasamUha	True
15723	samfdDi	A-	asamfdDi	True
15727	saMpatti	A-	asaMpatti	True
15727	saMpatti	Dhana-	DanasaMpatti	True
15727	saMpatti	Rūpa-	rUpasaMpatti	True
15735	saMpAta	Dhārā-	DArAsaMpAta	True
15735	saMpAta	Nis-	nissaMpAta	False
15735	saMpAta	Vṛṣṭi-	vfzwisaMpAta	True
15762	saMprahAra	Dvaṃdva-	dvaMdvasaMprahAra	True
15769	saMbanDa	Saptati-	saptatisaMbanDa	False
15769	saMbanDa	Su-	susaMbanDa	False
15769	saMbanDa	Strī-	strIsaMbanDa	True
15774	saMbADa	A-	asaMbADa	True
15774	saMbADa	Abhi-	aBisaMbADa	True
15774	saMbADa	Ā-	AsaMbADa	True
15774	saMbADa	Nis-	nissaMbADa	False
15774	saMbADa	Śara-	SarasaMbADa	True
15774	saMbADa	Hastyaśvaratha-	hastyaSvaraTasaMbADa	False
15779	saMBava	A-	asaMBava	True
15779	saMBava	Apunaḥsambhava	apunaHsamBava	False
15779	saMBava	Asthi-	asTisaMBava	True
15779	saMBava	Ātmasambhava-	AtmasamBavasaMBava	False
15779	saMBava	Ūru-	UrusaMBava	True
15779	saMBava	Kumbha-	kumBasaMBava	True
15779	saMBava	Garbha-	garBasaMBava	True
15779	saMBava	Dadhi-	daDisaMBava	True
15779	saMBava	Deva-yajana-	deva-yajanasaMBava	False
15779	saMBava	Padma-	padmasaMBava	True
15779	saMBava	Paulomī-	pOlomIsaMBava	True
15779	saMBava	Mānuṣa-	mAnuzasaMBava	False
15779	saMBava	Viśāla-kula-	viSAla-kulasaMBava	False
15779	saMBava	Sura-ari-	sura-arisaMBava	False
15781	saMBAvana	Sarpatva-	sarpatvasaMBAvana	False
15782	saMBAza	Madhura-saṃbhāṣa	maDura-saMBAza	False
15784	saMBUti	Garbha-	garBasaMBUti	True
15787	saMBoga	A-	asaMBoga	True
15789	saMBrama	A-	asaMBrama	True
15789	saMBrama	Sa-sambhrama + m	sa-samBrama + m	False
15789	saMBrama	Su-	susaMBrama	True
15795	saMmAna	A-	asaMmAna	True
15808	sara	Maṇi-	maRisara	True
15808	sara	Mauktika-	mOktikasara	True
15809	saraka	Tri-	trisaraka	True
15822	saras	Karpūra-, Tṛṇa-vindu-	karpUra-, tfRa-vindusaras	False
15822	saras	Nabhas-	naBassaras	False
15822	saras	Hima-	himasaras	True
15829	sarit	Ku-	kusarit	True
15829	sarit	Dyu-	dyusarit	True
15836	sarga	Ādi-	Adisarga	True
15836	sarga	Tri-	trisarga	True
15841	sarpa	Kāla-	kAlasarpa	True
15844	sarpin	Pīṭha-	pIWasarpin	True
15859	sarvajYa	A-	asarvajYa	True
15881	sarzapa	Gaura-	gOrasarzapa	True
15881	sarzapa	Rājasarṣapa	rAjasarzapa	True
15883	salila	Aṅtaḥsalila	aNtaHsalila	False
15883	salila	A-gādha-	a-gADasalila	False
15883	salila	Nayana-	nayanasalila	True
15883	salila	Niḥsalila	niHsalila	True
15888	sava	Go-	gosava	True
15892	savya	Apa-	apasavya	True
15902	saha	A-	asaha	True
15902	saha	A-kāla-	a-kAlasaha	False
15902	saha	Niḥsaha	niHsaha	True
15902	saha	Mahā-	mahAsaha	True
15902	saha	Śatru-	Satrusaha	True
15902	saha	Sarva-	sarvasaha	True
15902	saha	Sva-kārya-	sva-kAryasaha	False
15918	sahana	A-	asahana	True
15922	sahasra	Paraḥsahasra	paraHsahasra	True
15927	sahasraSas	Śata-	SatasahasraSas	True
15930	sahAya	A-	asahAya	True
15930	sahAya	Kariṇī-	kariRIsahAya	True
15930	sahAya	Dus-	dussahAya	False
15930	sahAya	Dharma-	DarmasahAya	True
15930	sahAya	Madhu-	maDusahAya	True
15930	sahAya	Vacana-	vacanasahAya	True
15933	sahAyavant	A-	asahAyavant	True
15934	sahita	Karṇa-	karRasahita	False
15935	sahizRu	A-	asahizRu	True
15936	sahizRutA	A-	asahizRutA	True
15944	sAMvatsara	Ati-	atisAMvatsara	True
15962	sAkzin	Kūṭa-	kUwasAkzin	True
15966	sAgara	Kṣīra-	kzIrasAgara	True
15966	sAgara	Pūrva-	pUrvasAgara	True
15966	sAgara	Buddhi-	budDisAgara	True
15980	sAti	Vāja-	vAjasAti	True
15986	sAda	Kara-	karasAda	True
15987	sAdana	Yama-	yamasAdana	True
15989	sAdin	Aśva-	aSvasAdin	True
15992	sAD	A-	asAD	False
15992	sAD	Āyāsa-	AyAsasAD	False
15992	sAD	Duḥsādhya	duHsADya	True
15992	sAD	Duṣprasādhya	duzprasADya	True
15993	sADaka	Uttara-	uttarasADaka	True
15993	sADaka	Kārya-	kAryasADaka	True
15994	sADana	A-	asADana	True
15994	sADana	Tri-	trisADana	True
15994	sADana	Mantra-	mantrasADana	True
15994	sADana	Lekhana-	leKanasADana	True
15994	sADana	Sādhya-	sADyasADana	True
15994	sADana	Siddha-	sidDasADana	True
15995	sADanatA	Bahu-sādhanatā	bahu-sADanatA	False
15998	sADAraRa	A-	asADAraRa	True
16002	sADu	A-	asADu	True
16002	sADu	Sarva-	sarvasADu	True
16003	sADutA	A-sādhutva	a-sADutva	False
16009	sADvasa	Ati-	atisADvasa	True
16009	sADvasa	Niḥsādhvasa	niHsADvasa	True
16009	sADvasa	Sa-	sasADvasa	True
16011	sAnu	Antaḥsānu	antaHsAnu	True
16013	sAntapana	Mahā-	mahAsAntapana	True
16023	sAnniDya	A-	asAnniDya	True
16038	sAman	Jyeṣṭha-	jyezWasAman	True
16038	sAman	Tri-	trisAman	True
16038	sAman	Su-	susAman	True
16040	sAmayika	A-	asAmayika	True
16041	sAmarTya	A-	asAmarTya	True
16041	sAmarTya	Niḥsāmarthya	niHsAmarTya	True
16041	sAmarTya	Hīna-darśana-	hIna-darSanasAmarTya	False
16046	sAmAnya	A-	asAmAnya	True
16046	sAmAnya	An-anya-nārī-	an-anya-nArIsAmAnya	False
16046	sAmAnya	A-loka-	a-lokasAmAnya	False
16046	sAmAnya	Sarva-	sarvasAmAnya	True
16055	sAmpratam	A-sāmprata	a-sAmprata	False
16060	sAmya	Tri-	trisAmya	True
16063	sAya	Ati-sāyam	ati-sAyam	False
16064	sAyaka	A-sanva-	a-sanvasAyaka	False
16067	sAyujya	Rāja-sāyujya	rAja-sAyujya	False
16069	sAra	A-	asAra	True
16069	sAra	Sāra-a-	sAra-asAra	False
16069	sAra	Agra-	agrasAra	False
16069	sAra	Adri-	adrisAra	True
16069	sAra	Antaḥsāra	antaHsAra	True
16069	sAra	Artha-	arTasAra	True
16069	sAra	Aśmasāra	aSmasAra	True
16069	sAra	Eka-	ekasAra	True
16069	sAra	Kṛṣṇa-	kfzRasAra	True
16069	sAra	Giri-	girisAra	True
16069	sAra	Ghana-	GanasAra	True
16069	sAra	Candana-	candanasAra	True
16069	sAra	Traksāra	traksAra	False
16069	sAra	Dṛṣṭa-	dfzwasAra	True
16069	sAra	Nis-abhibhava-	nis-aBiBavasAra	False
16069	sAra	Niḥsāra	niHsAra	True
16069	sAra	Prāṇa-	prARasAra	True
16069	sAra	Vajra-	vajrasAra	True
16069	sAra	Vedānta-	vedAntasAra	True
16069	sAra	Śilā-	SilAsAra	True
16069	sAra	Śaila-	SElasAra	True
16069	sAra	Sa-kala-artha-śāstra-	sa-kala-arTa-SAstrasAra	False
16069	sAra	Sattva-	sattvasAra	True
16069	sAra	Su-	susAra	True
16069	sAra	Sva-anubhūti-eka-sāra-	sva-anuBUti-eka-sArasAra	False
16070	sAraNga	Kṛṣṇa-	kfzRasAraNga	True
16074	sAratA	A-	asAratA	True
16074	sAratA	Sāra-a-	sAra-asAratA	False
16075	sAraTi	Ku-	kusAraTi	True
16075	sAraTi	Dharma-	DarmasAraTi	True
16075	sAraTi	Pārṣṇi-	pArzRisAraTi	True
16075	sAraTi	Madhu-	maDusAraTi	True
16076	sAraTya	Aśva-	aSvasAraTya	True
16081	sArasa	Rāja-sārasa	rAja-sArasa	False
16089	sArTa	Eka-sārtha + m	eka-sArTa + m	False
16089	sArTa	Bhañga-	BaYgasArTa	False
16114	sAvarRi	Indra-	indrasAvarRi	True
16114	sAvarRi	Dakṣa-	dakzasAvarRi	True
16114	sAvarRi	Deva-	devasAvarRi	True
16114	sAvarRi	Dharma-	DarmasAvarRi	True
16114	sAvarRi	Brahman-	brahmansAvarRi	False
16114	sAvarRi	Rudra-	rudrasAvarRi	True
16120	sAhasa	Viṣama-	vizamasAhasa	True
16121	sAhasika	A-	asAhasika	True
16121	sAhasika	Ati-	atisAhasika	True
16121	sAhasika	A-sama-	a-samasAhasika	False
16121	sAhasika	Mahā-	mahAsAhasika	True
16123	sAhasra	Daśasāhasra	daSasAhasra	True
16123	sAhasra	Dvādaśasāhasra	dvAdaSasAhasra	True
16123	sAhasra	Śata-	SatasAhasra	True
16138	sikTaka	Madhu-	maDusikTaka	True
16142	sita	A-	asita	True
16142	sita	Sita-a-	sita-asita	False
16146	sidDArTa	A-	asidDArTa	True
16147	sidDi	A-	asidDi	True
16147	sidDi	Āśraya-a-	ASraya-asidDi	False
16147	sidDi	Ati-	atisidDi	True
16147	sidDi	An-yathā-	an-yaTAsidDi	False
16147	sidDi	Mahā-	mahAsidDi	True
16147	sidDi	Yajña-	yajYasidDi	True
16147	sidDi	Rasa-	rasasidDi	True
16147	sidDi	Vi-ghāla-	vi-GAlasidDi	False
16147	sidDi	Sādhya-	sADyasidDi	True
16147	sidDi	Sāmasiddhi	sAmasidDi	True
16148	siD	A-	asiD	False
16148	siD	Anyathā-	anyaTAsiD	False
16148	siD	Rasa-	rasasiD	False
16148	siD	A-vi-hita-	a-vi-hitasiD	False
16148	siD	Saṃkalpa-	saMkalpasiD	False
16148	siD	Suvarṇa-	suvarRasiD	False
16159	sinDu	Dyu-	dyusinDu	True
16159	sinDu	Soma-	somasinDu	True
16180	sIman	Niḥsīman	niHsIman	True
16186	sIrin	Ardha-	arDasIrin	True
16189	su	Giri-	girisu	False
16189	su	Jahnu-	jahnusu	False
16189	su	Jīva-	jIvasu	False
16189	su	Dāra-	dArasu	False
16189	su	Dāsī-	dAsIsu	False
16189	su	Dharma-	Darmasu	False
16189	su	Bhū-	BUsu	False
16189	su	Bhṛgu-	Bfgusu	False
16189	su	Rādhā-	rADAsu	False
16189	su	Śaila-	SElasu	False
16189	su	Sūra-	sUrasu	False
16189	su	A-	asu	True
16189	su	Kula-	kulasu	False
16189	su	Visa-	visasu	False
16196	suKa	A-	asuKa	True
16196	suKa	A-nirdeśya-	a-nirdeSyasuKa	False
16196	suKa	Antaḥsukha	antaHsuKa	True
16196	suKa	Grāma-	grAmasuKa	True
16196	suKa	Nis-	nissuKa	False
16196	suKa	Yathā-sukha + m	yaTA-suKa + m	False
16221	sundara	A-	asundara	True
16221	sundara	Ati-	atisundara	True
16221	sundara	Sura-	surasundara	True
16221	sundara	Sura-loka-	sura-lokasundara	False
16225	supti	Sama-	samasupti	True
16248	sulaBa	A-	asulaBa	True
16249	suvarcala	Brahmasuvarcalā	brahmasuvarcalA	True
16280	sUkzma	Su-	susUkzma	True
16286	sUcaka	Viṣa-	vizasUcaka	True
16291	sUta	Sa-	sasUta	True
16294	sUti	Mṛtyu-	mftyusUti	True
16297	sUtra	Kaṭi-	kawisUtra	True
16297	sUtra	Kaṇṭha-	kaRWasUtra	True
16297	sUtra	Kalpa-	kalpasUtra	True
16297	sUtra	Kāla-	kAlasUtra	True
16297	sUtra	Dirgha-	dirGasUtra	False
16297	sUtra	A-dīrgha-	a-dIrGasUtra	False
16297	sUtra	Dharma-	DarmasUtra	True
16297	sUtra	Brahma-sūtra	brahma-sUtra	False
16297	sUtra	Māna-	mAnasUtra	True
16297	sUtra	Mūla-	mUlasUtra	True
16297	sUtra	Yajña-	yajYasUtra	True
16297	sUtra	Śārīraka-	SArIrakasUtra	True
16297	sUtra	Sāvitrī-	sAvitrIsUtra	True
16297	sUtra	Hasta-	hastasUtra	True
16298	sUtrakAra	Taurya-trika-	tOrya-trikasUtrakAra	False
16309	sUdana	Krauñca-	krOYcasUdana	True
16309	sUdana	Bala-	balasUdana	True
16309	sUdana	Madhu-	maDusUdana	True
16331	sUrmi	Tapta-sūrmi	tapta-sUrmi	False
16332	sUrya	Prati-sūrya + m	prati-sUrya + m	False
16337	sf	Pancavinduprasṛta	pancavinduprasfta	False
16339	sfkkan	Viṣa-	vizasfkkan	True
16341	sfj	A-	asfj	True
16341	sfj	A-	asfj	True
16358	seka	Amṛta-	amftaseka	False
16363	secana	Agni-	agnisecana	False
16365	setu	Dharma-	Darmasetu	True
16365	setu	A-pāṣaṇḍa-dharma-setu	a-pAzaRqa-Darma-setu	False
16365	setu	Nala-	nalasetu	True
16367	senA	Citra-senā	citra-senA	False
16367	senA	Deva-	devasenA	True
16367	senA	Mahā-	mahAsenA	True
16367	senA	Yajña-	yajYasenA	False
16367	senA	Rūpa-sena	rUpa-sena	False
16367	senA	Vīra-sena	vIra-sena	False
16367	senA	Śūra-sena	SUra-sena	False
16372	sev	A-	asev	False
16372	sev	Su-	susev	False
16372	sev	A-	asev	False
16372	sev	Dus-	dussev	False
16373	sevaka	Kula-	kulasevaka	True
16375	sevana	Kāma-	kAmasevana	False
16375	sevana	Kṛṣi-	kfzisevana	False
16375	sevana	Tunna-	tunnasevana	False
16376	sevA	A-	asevA	True
16376	sevA	Vāra-	vArasevA	True
16376	sevA	Strī-	strIsevA	True
16376	sevA	Hina-	hinasevA	False
16378	sevin	Dviṭsevin	dviwsevin	True
16391	sEnya	Sa-	sasEnya	True
16397	so	Dus-	dusso	False
16402	sopAka	Pāṇḍu-	pARqusopAka	True
16404	sopAna	Sukhārohaṇa-	suKArohaRasopAna	False
16406	soma	Nṛ-	nfsoma	True
16428	sOganDya	Tri-	trisOganDya	True
16447	sOparRa	Ati-	atisOparRa	True
16479	sOvIra	Sindhu-	sinDusOvIra	True
16481	sOzWava	A-	asOzWava	True
16481	sOzWava	Sa-	sasOzWava	True
16483	sOhitya	Ati-	atisOhitya	True
16484	sOhfda	Dṛḍha-sauhṛda	dfQa-sOhfda	False
16484	sOhfda	Vigata-sneha-sauhṛda	vigata-sneha-sOhfda	False
16492	skanDa	Kāla-	kAlaskanDa	True
16492	skanDa	Mahā-pṛṣṭha-gala-	mahA-pfzWa-galaskanDa	False
16492	skanDa	Rājaskandha	rAjaskanDa	True
16492	skanDa	Viṣāṇa-ud-nāmita-	vizARa-ud-nAmitaskanDa	False
16492	skanDa	Viṣāṇa-ud-likhita-	vizARa-ud-liKitaskanDa	False
16492	skanDa	Vṛṣa-	vfzaskanDa	True
16492	skanDa	Skandha-	skanDaskanDa	True
16503	sKal	A-	asKal	False
16507	stan	Sa-vidyut-	sa-vidyutstan	False
16508	stana	Gala-	galastana	True
16508	stana	Tri-	tristana	True
16508	stana	Prasnuta-	prasnutastana	False
16508	stana	Saṃhata-	saMhatastana	False
16518	stamba	Kuśa-	kuSastamba	True
16518	stamba	Brahmastamba	brahmastamba	True
16518	stamba	Śara-	Sarastamba	True
16522	stamB	A-	astamB	False
16522	stamB	A-	astamB	False
16523	stamBa	Niḥstambha	niHstamBa	True
16523	stamBa	Netra-	netrastamBa	True
16523	stamBa	Sa-vāṣpa-stambha + m	sa-vAzpa-stamBa + m	False
16523	stamBa	Smara-	smarastamBa	True
16528	stara	Sa-	sastara	True
16531	stavaka	Kusuma-	kusumastavaka	True
16532	stavakita	Abhinava-kusuma-stavaka + ita	aBinava-kusuma-stavaka + ita	False
16532	stavakita	Nāri-dṛś-nīraja-	nAri-dfS-nIrajastavakita	False
16540	stu	A-	astu	True
16540	stu	Yathā-prastuta + m	yaTA-prastuta + m	False
16543	stuti	Nis-	nisstuti	False
16550	stf	Su-vistīrṇa	su-vistIrRa	False
16560	steya	A-	asteya	True
16564	stoka	A-	astoka	True
16567	stotra	Anyathā-	anyaTAstotra	True
16570	stoma	Vrātya-	vrAtyastoma	True
16573	strI	Amara-	amarastrI	True
16573	strI	Kula-	kulastrI	True
16573	strI	Su-kula-	su-kulastrI	False
16573	strI	Paṇa-	paRastrI	True
16573	strI	Su-	sustrI	True
16573	strI	Sura-	surastrI	True
16579	strERa	Bhūyiṣṭha-dvija-bāla-vṛddha-vikala-straiṇa	BUyizWa-dvija-bAla-vfdDa-vikala-strERa	False
16589	sTapati	Puṣkara-	puzkarasTapati	True
16592	sTala	Adri-kṛta-	adri-kftasTala	False
16592	sTala	Kuśa-	kuSasTala	True
16592	sTala	Kḷpta-harmya-sthala	kxpta-harmya-sTala	False
16592	sTala	Gaṇḍa-	gaRqasTala	True
16592	sTala	Jaghana-sthalī	jaGana-sTalI	False
16592	sTala	Prasava-	prasavasTala	False
16592	sTala	Maru-	marusTala	True
16592	sTala	Mahā-	mahAsTala	True
16592	sTala	Vakṣas-	vakzassTala	True
16600	sTA	Evam-	evamsTA	False
16600	sTA	Taṭa-	tawasTA	False
16600	sTA	Dus-	dussTA	False
16600	sTA	Su-	susTA	True
16600	sTA	A-su-	a-susTA	False
16605	sTAna	A-sthāna	a-sTAna	False
16605	sTAna	An-ucita-	an-ucitasTAna	False
16605	sTAna	Asmad-	asmadsTAna	False
16605	sTAna	Uccais-	uccEssTAna	False
16605	sTAna	Eka-	ekasTAna	True
16605	sTAna	Karmasthāna	karmasTAna	True
16605	sTAna	Kopa-	kopasTAna	False
16605	sTAna	Jana-	janasTAna	True
16605	sTAna	Janmasthāna	janmasTAna	True
16605	sTAna	Tadīya-	tadIyasTAna	False
16605	sTAna	Dhana-	DanasTAna	True
16605	sTAna	Dharma-adhikaraṇa-	Darma-aDikaraRasTAna	False
16605	sTAna	Prasava-	prasavasTAna	True
16605	sTAna	Badhya-	baDyasTAna	True
16605	sTAna	Bandhana-	banDanasTAna	True
16605	sTAna	Bhakṣa-	BakzasTAna	False
16605	sTAna	Yathā-sthāna + m	yaTA-sTAna + m	False
16605	sTAna	Vibhīṣikā-	viBIzikAsTAna	True
16605	sTAna	Viśvāsa-	viSvAsasTAna	True
16605	sTAna	Vīra-	vIrasTAna	True
16605	sTAna	Vyañjana-sthāne	vyaYjana-sTAne	False
16605	sTAna	Śulka-	SulkasTAna	True
16605	sTAna	Saṃketa-	saMketasTAna	True
16605	sTAna	Sura-	surasTAna	True
16605	sTAna	Siddhi-	sidDisTAna	True
16605	sTAna	Hṛdaya-	hfdayasTAna	True
16606	sTAnaka	Patākā-	patAkAsTAnaka	True
16610	sTAnIya	Avataṃsa-	avataMsasTAnIya	False
16610	sTAnIya	Kaṇṭha-	kaRWasTAnIya	True
16611	sTApaka	Sthiti-	sTitisTApaka	True
16615	sTAyin	A-	asTAyin	True
16615	sTAyin	Puras-	purassTAyin	False
16615	sTAyin	Vana-	vanasTAyin	True
16625	sTiti	A-bhinna-	a-BinnasTiti	False
16625	sTiti	Pṛthak-	pfTaksTiti	True
16625	sTiti	Maṭha-	maWasTiti	True
16625	sTiti	Rājya-	rAjyasTiti	True
16625	sTiti	Su-	susTiti	True
16627	sTira	A-sthira	a-sTira	False
16629	sTiratva	A-	asTiratva	True
16631	sTURA	Veśmasthūṇā	veSmasTURA	True
16635	sTUla	Ati-	atisTUla	True
16635	sTUla	Muktā-	muktAsTUla	True
16639	sTErya	A-	asTErya	True
16649	snA	Mṛta-	mftasnA	False
16649	snA	Su-	susnA	True
16650	snAtaka	Vidyā-, Vidyā-vrata-	vidyA-, vidyA-vratasnAtaka	False
16651	snAna	Tris-	trissnAna	False
16651	snAna	Dus-	dussnAna	False
16651	snAna	Mṛta-	mftasnAna	True
16655	snAyin	Nitya-	nityasnAyin	True
16668	sneha	Nis-	nissneha	True
16668	sneha	Mastaka-	mastakasneha	True
16668	sneha	Vi-gata-	vi-gatasneha	False
16668	sneha	Sa-sneha	sa-sneha	False
16672	snehavant	A-	asnehavant	True
16678	spanda	A-	aspanda	True
16678	spanda	Sparśa-	sparSaspanda	True
16679	spandana	Garbha-a-	garBa-aspandana	False
16683	sparDa	Vi-spardhā	vi-sparDA	False
16686	sparSa	Dus-	dussparSa	False
16686	sparSa	Sama-	samasparSa	True
16689	sparSana	A-	asparSana	True
16696	spazwa	A-	aspazwa	True
16696	spazwa	Vi-	vispazwa	True
16699	spfS	Śvaspṛṣṭa	Svaspfzwa	True
16700	spfS	Diva-	divaspfS	True
16700	spfS	Praṇaya-	praRayaspfS	True
16701	spfSa	Dus-	dusspfSa	False
16701	spfSa	Nabhas-	naBasspfSa	False
16708	spfhA	A-gata-	a-gataspfhA	False
16708	spfhA	Nis-, Vi-gata-	nis-, vi-gataspfhA	False
16726	sPic	Bṛhatsphic	bfhatsPic	True
16726	sPic	Lamba-	lambasPic	True
16732	sPuwa	Ati-pari-	ati-parisPuwa	False
16751	sPuliNga	Vi-	visPuliNga	True
16758	sPowa	Muktā-	muktAsPowa	True
16764	smara	jāti-	jAtismara	True
16764	smara	Dus-	dussmara	False
16765	smaraRa	Jāti-	jAtismaraRa	True
16770	smi	Śuci-	Sucismi	False
16770	smi	Sa-	sasmi	False
16770	smi	Su-	susmi	False
16770	smi	Su-	susmi	False
16782	syandin	Sudhā-	suDAsyandin	True
16801	srava	Giri-	girisrava	False
16807	srAva	Garbha-	garBasrAva	True
16807	srAva	Nāsā-	nAsAsrAva	True
16807	srAva	Lālā-	lAlAsrAva	True
16812	sru	Tri-	trisru	False
16821	srota	Śuṣka-	Suzkasrota	True
16822	srotas	Ud-	udsrotas	False
16822	srotas	Garga-	gargasrotas	True
16822	srotas	Tiryaksrotas	tiryaksrotas	True
16822	srotas	Trī-	trIsrotas	False
16822	srotas	Mūla-	mUlasrotas	True
16826	sva	Deva-	devasva	True
16826	sva	Nis-	nissva	True
16826	sva	Para-	parasva	True
16826	sva	Yathā-sva + m	yaTA-sva + m	False
16826	sva	Sarva-	sarvasva	True
16842	svAd	Nis-	nissvAd	False
16842	svAd	A-mṛta-	a-mftasvAd	False
16849	svana	Kara-	karasvana	True
16849	svana	Dus-	dussvana	False
16849	svana	Mañju-	maYjusvana	True
16849	svana	Mahā-	mahAsvana	True
16849	svana	Mahā-megha-	mahA-meGasvana	False
16852	svap	Divā-	divAsvap	False
16853	svapana	Divā-	divAsvapana	True
16855	svapna	Jāgratsvapna	jAgratsvapna	True
16855	svapna	Divā-	divAsvapna	True
16855	svapna	Dus-	dussvapna	False
16855	svapna	Su-	susvapna	True
16866	svara	A-	asvara	True
16866	svara	Tāra-	tArasvara	True
16866	svara	Bhinna-	Binnasvara	True
16866	svara	Mahā-	mahAsvara	True
16866	svara	Vi-	visvara	True
16866	svara	Su-	susvara	True
16870	svarga	Bhū-	BUsvarga	True
16875	svargya	A-	asvargya	True
16877	svarRa	Kūṭa-	kUwasvarRa	True
16888	svasf	Yama-	yamasvasf	True
16892	svastika	Padma-	padmasvastika	True
16895	svasTa	A-	asvasTa	True
16903	svAda	Vi-	visvAda	True
16906	svAdu	Nis-	nissvAdu	False
16912	svApa	Divā-	divAsvApa	True
16917	svAmin	A-	asvAmin	True
16917	svAmin	Ku-	kusvAmin	True
16917	svAmin	Go-	gosvAmin	True
16917	svAmin	Jagat-	jagatsvAmin	True
16917	svAmin	Jaya-	jayasvAmin	True
16917	svAmin	Raṇa-	raRasvAmin	True
16917	svAmin	Śiva-	SivasvAmin	True
16938	sveda	Sa-	sasveda	True
16947	haMsa	Para-	parahaMsa	True
16947	haMsa	Rājahaṃsa	rAjahaMsa	True
16967	hatya	Go-	gohatya	False
16967	hatya	Brahmahatyā	brahmahatyA	True
16967	hatya	Bhrūṇa-	BrURahatya	False
16967	hatya	Vīra-	vIrahatya	False
16967	hatya	Strī-	strIhatya	False
16970	han	A-	ahan	True
16970	han	Manohata	manohata	True
16980	hantf	Dharma-	Darmahantf	True
16980	hantf	Vighna-	viGnahantf	True
16985	haya	Hari-	harihaya	True
16988	hara	Aṃśa-	aMSahara	True
16988	hara	Mūla-	mUlahara	True
16988	hara	Riktha-	rikTahara	True
16988	hara	Sarva-pāpa-	sarva-pApahara	False
16988	hara	Smara-	smarahara	True
16990	haraRa	Kāla-	kAlaharaRa	True
16990	haraRa	Go-	goharaRa	True
16990	haraRa	Strī-	strIharaRa	True
16991	hari	Nara-	narahari	True
17012	hartf	Bhaya-	Bayahartf	True
17012	hartf	Śalya-	Salyahartf	True
17015	harmya	Maṇi-	maRiharmya	True
17019	harza	Upātta-	upAttaharza	False
17019	harza	Danta-	dantaharza	True
17019	harza	Romaharṣa	romaharza	True
17019	harza	Sa-harṣa + m	sa-harza + m	False
17019	harza	Sanna-	sannaharza	True
17021	harzaRa	Romaharṣaṇa	romaharzaRa	True
17021	harzaRa	Lomaharṣaṇa	lomaharzaRa	True
17021	harzaRa	A-loman-	a-lomanharzaRa	False
17052	hasta	A-	ahasta	True
17052	hasta	Agra-	agrahasta	True
17052	hasta	Apa-	apahasta	True
17052	hasta	Kapota-	kapotahasta	True
17052	hasta	Kṛta-	kftahasta	True
17052	hasta	Keśa-	keSahasta	True
17052	hasta	Khaḍga-	Kaqgahasta	True
17052	hasta	Gala-	galahasta	True
17052	hasta	Jāla-	jAlahasta	False
17052	hasta	Daṇḍa-	daRqahasta	True
17052	hasta	Dhanus-vyagra-	Danus-vyagrahasta	False
17052	hasta	Pāśa-	pASahasta	True
17052	hasta	Mukta-	muktahasta	True
17052	hasta	A-mukta-	a-muktahasta	False
17052	hasta	Laghu-	laGuhasta	True
17052	hasta	Vi-	vihasta	True
17052	hasta	Śūla-	SUlahasta	True
17052	hasta	Śūla-mudgara-	SUla-mudgarahasta	False
17052	hasta	Sthūla-	sTUlahasta	True
17052	hasta	Srasta-	srastahasta	True
17052	hasta	Sva-	svahasta	True
17055	hastin	Gandha-	ganDahastin	True
17055	hastin	Jala-	jalahastin	True
17058	hastya	Su-	suhastya	True
17062	hA	Pāda-hīnāt	pAda-hInAt	False
17062	hA	Phala-	PalahA	False
17068	hAni	Tejas-	tejashAni	False
17068	hAni	Vīrya-	vIryahAni	True
17068	hAni	Svatva-	svatvahAni	True
17071	hAyana	Eka-	ekahAyana	True
17071	hAyana	Tri-hāyaṇa	tri-hAyaRa	False
17071	hAyana	Ṣaṣṭi-	zazwihAyana	True
17073	hAra	Jala-	jalahAra	True
17073	hAra	Preta-	pretahAra	True
17073	hAra	Sarva-sva-	sarva-svahAra	False
17074	hAraka	Maṇḍa-	maRqahAraka	True
17083	hArin	Rihtha-	rihTahArin	False
17083	hArin	Roga-	rogahArin	True
17083	hArin	Strī-	strIhArin	True
17086	hArda	Sa-	sahArda	True
17093	hAsa	Antar-	antarhAsa	True
17093	hAsa	Mahā-	mahAhAsa	True
17093	hAsa	Puṣpa-	puzpahAsa	True
17093	hAsa	Maṃsa-	maMsahAsa	False
17093	hAsa	Sa-	sahAsa	True
17106	hiMsaka	A-	ahiMsaka	True
17108	hiMsA	A-	ahiMsA	True
17113	hiMsra	A-	ahiMsra	True
17113	hiMsra	Hiṃsra-a-	hiMsra-ahiMsra	False
17144	hiraRya	Go-	gohiraRya	True
17159	hu	A-huta	a-huta	False
17163	huqa	Sa-huḍa	sa-huqa	False
17182	hUti	Deva-	devahUti	True
17182	hUti	Deva-hūtī	deva-hUtI	False
17182	hUti	Su-puru-	su-puruhUti	False
17182	hUti	Pūrva-	pUrvahUti	True
17185	hf	A-hārya	a-hArya	False
17190	hfd	Dus-	dushfd	False
17190	hfd	Su-	suhfd	True
17190	hfd	A-su-	a-suhfd	False
17190	hfd	Kim-su-	kim-suhfd	False
17190	hfd	Makhāsu-	maKAsuhfd	True
17190	hfd	Madhu-su-	maDu-suhfd	False
17191	hfdaya	A-karṇa-	a-karRahfdaya	False
17191	hfdaya	Ayas-	ayashfdaya	False
17191	hfdaya	Bhīru-	BIruhfdaya	True
17191	hfdaya	Riktī-kṛta-	riktI-kftahfdaya	False
17191	hfdaya	Śūnya-	SUnyahfdaya	True
17191	hfdaya	Sa-	sahfdaya	True
17191	hfdaya	Su-	suhfdaya	True
17191	hfdaya	Hariṇa-	hariRahfdaya	True
17202	hfzIka	Dus-	dushfzIka	False
17213	heti	Śvāsa-	SvAsaheti	True
17216	hetu	Nis-	nishetu	False
17217	hetuka	Bhaya-	Bayahetuka	False
17217	hetuka	Sa-	sahetuka	True
17218	hetutA	Nimitta-hetu + tva	nimitta-hetu + tva	False
17234	helA	Eka-	ekahelA	True
17234	helA	Sa-	sahelA	True
17242	hEtuka	Kāma-	kAmahEtuka	True
17260	hotra	Agni-	agnihotra	True
17260	hotra	Vīti-	vItihotra	True
17260	hotra	Śāli-	SAlihotra	True
17262	homa	Japa-	japahoma	True
17262	homa	Darvī̆	darvĬ	False
17262	homa	Huta-	hutahoma	True
17278	hrada	Gaṅgā-, Tīrtha-mahā-, Rāma-	gaNgA-, tIrTa-mahA-, rAmahrada	False
17278	hrada	Śata-	Satahrada	True
17291	hrIkA	Nis-	nishrIkA	False
17311	hvAna	Ku-	kuhvAna	True
17313	hve	Puru-	puruhve	False
